#include "lvgl.h"

const LV_ATTRIBUTE_MEM_ALIGN uint8_t ui_img_bg_gradient_data[] = {
    0x09, 0x47, 0x09, 0x48, 0x09, 0x47, 0x09, 0x47, 0x09, 0x48, 0x09, 0x47, 0x09, 0x47, 0x09, 0x48,
    0x09, 0x47, 0x09, 0x47, 0x09, 0x48, 0x09, 0x47, 0x09, 0x47, 0x09, 0x48, 0x09, 0x47, 0x09, 0x47,
    0x09, 0x48, 0x09, 0x47, 0x09, 0x47, 0x09, 0x48, 0x09, 0x47, 0x09, 0x47, 0x09, 0x48, 0x09, 0x47,
    0x09, 0x47, 0x09, 0x48, 0x09, 0x47, 0x09, 0x47, 0x09, 0x48, 0x09, 0x47, 0x09, 0x47, 0x09, 0x48,
    0x09, 0x47, 0x09, 0x47, 0x09, 0x48, 0x09, 0x47, 0x09, 0x47, 0x09, 0x48, 0x09, 0x47, 0x09, 0x47,
    0x09, 0x48, 0x09, 0x47, 0x09, 0x47, 0x09, 0x48, 0x09, 0x47, 0x09, 0x47, 0x09, 0x48, 0x09, 0x47,
    0x09, 0x47, 0x09, 0x48, 0x09, 0x47, 0x09, 0x47, 0x09, 0x48, 0x09, 0x47, 0x09, 0x47, 0x09, 0x48,
    0x09, 0x47, 0x09, 0x47, 0x09, 0x48, 0x09, 0x47, 0x09, 0x47, 0x09, 0x48, 0x09, 0x47, 0x09, 0x47,
    0x09, 0x48, 0x09, 0x47, 0x09, 0x47, 0x09, 0x48, 0x09, 0x47, 0x09, 0x47, 0x09, 0x48, 0x09, 0x47,
    0x09, 0x47, 0x09, 0x48, 0x09, 0x47, 0x09, 0x47, 0x09, 0x48, 0x09, 0x47, 0x09, 0x47, 0x09, 0x48,
    0x09, 0x47, 0x09, 0x47, 0x09, 0x48, 0x09, 0x47, 0x09, 0x47, 0x09, 0x48, 0x09, 0x47, 0x09, 0x47,
    0x09, 0x48, 0x09, 0x47, 0x09, 0x47, 0x09, 0x48, 0x09, 0x47, 0x09, 0x47, 0x09, 0x48, 0x09, 0x47,
    0x09, 0x47, 0x09, 0x48, 0x09, 0x47, 0x09, 0x47, 0x09, 0x48, 0x09, 0x47, 0x09, 0x47, 0x09, 0x48,
    0x09, 0x47, 0x09, 0x47, 0x09, 0x48, 0x09, 0x47, 0x09, 0x47, 0x09, 0x48, 0x09, 0x47, 0x09, 0x47,
    0x09, 0x48, 0x09, 0x47, 0x09, 0x47, 0x09, 0x48, 0x09, 0x47, 0x09, 0x47, 0x09, 0x48, 0x09, 0x47,
    0x09, 0x47, 0x09, 0x48, 0x09, 0x47, 0x09, 0x47, 0x09, 0x48, 0x09, 0x47, 0x09, 0x47, 0x09, 0x48,
    0x09, 0x47, 0x11, 0x47, 0x09, 0x48, 0x11, 0x47, 0x09, 0x47, 0x11, 0x48, 0x09, 0x47, 0x11, 0x47,
    0x09, 0x48, 0x11, 0x47, 0x09, 0x47, 0x11, 0x48, 0x09, 0x47, 0x11, 0x47, 0x09, 0x48, 0x11, 0x47,
    0x09, 0x47, 0x11, 0x48, 0x09, 0x47, 0x11, 0x47, 0x09, 0x48, 0x11, 0x47, 0x09, 0x47, 0x11, 0x48,
    0x09, 0x47, 0x11, 0x47, 0x09, 0x48, 0x11, 0x47, 0x09, 0x47, 0x11, 0x48, 0x09, 0x47, 0x11, 0x47,
    0x09, 0x48, 0x11, 0x47, 0x09, 0x47, 0x11, 0x48, 0x09, 0x47, 0x11, 0x47, 0x09, 0x48, 0x11, 0x47,
    0x09, 0x47, 0x11, 0x48, 0x09, 0x47, 0x11, 0x47, 0x09, 0x48, 0x11, 0x47, 0x09, 0x47, 0x11, 0x48,
    0x09, 0x47, 0x11, 0x47, 0x09, 0x48, 0x11, 0x47, 0x09, 0x47, 0x11, 0x48, 0x09, 0x47, 0x11, 0x47,
    0x09, 0x48, 0x11, 0x47, 0x09, 0x47, 0x11, 0x48, 0x09, 0x47, 0x11, 0x47, 0x09, 0x48, 0x11, 0x47,
    0x09, 0x47, 0x11, 0x48, 0x09, 0x47, 0x11, 0x47, 0x09, 0x48, 0x11, 0x47, 0x09, 0x47, 0x11, 0x48,
    0x09, 0x47, 0x11, 0x47, 0x09, 0x48, 0x11, 0x47, 0x09, 0x47, 0x11, 0x48, 0x09, 0x47, 0x11, 0x47,
    0x09, 0x48, 0x11, 0x47, 0x09, 0x47, 0x11, 0x48, 0x09, 0x47, 0x11, 0x47, 0x09, 0x48, 0x11, 0x47,
    0x09, 0x47, 0x11, 0x48, 0x09, 0x47, 0x11, 0x47, 0x09, 0x48, 0x11, 0x47, 0x09, 0x47, 0x11, 0x48,
    0x09, 0x47, 0x11, 0x47, 0x09, 0x48, 0x11, 0x47, 0x09, 0x47, 0x11, 0x48, 0x09, 0x47, 0x11, 0x47,
    0x09, 0x48, 0x11, 0x47, 0x09, 0x47, 0x11, 0x48, 0x09, 0x47, 0x11, 0x47, 0x09, 0x48, 0x11, 0x47,
    0x09, 0x47, 0x11, 0x48, 0x09, 0x47, 0x11, 0x47, 0x09, 0x48, 0x11, 0x47, 0x09, 0x47, 0x11, 0x48,
    0x09, 0x47, 0x11, 0x47, 0x09, 0x48, 0x11, 0x47, 0x09, 0x47, 0x11, 0x48, 0x09, 0x47, 0x11, 0x47,
    0x09, 0x48, 0x09, 0x47, 0x11, 0x47, 0x09, 0x48, 0x09, 0x47, 0x11, 0x47, 0x09, 0x48, 0x09, 0x47,
    0x11, 0x47, 0x09, 0x48, 0x09, 0x47, 0x11, 0x47, 0x09, 0x48, 0x09, 0x47, 0x11, 0x47, 0x09, 0x48,
    0x09, 0x47, 0x11, 0x47, 0x09, 0x48, 0x09, 0x47, 0x11, 0x47, 0x09, 0x48, 0x09, 0x47, 0x11, 0x47,
    0x09, 0x48, 0x09, 0x47, 0x11, 0x47, 0x09, 0x48, 0x09, 0x47, 0x11, 0x47, 0x09, 0x48, 0x09, 0x47,
    0x11, 0x47, 0x09, 0x48, 0x09, 0x47, 0x11, 0x47, 0x09, 0x48, 0x09, 0x47, 0x11, 0x47, 0x09, 0x48,
    0x09, 0x47, 0x11, 0x47, 0x09, 0x48, 0x09, 0x47, 0x11, 0x47, 0x09, 0x48, 0x09, 0x47, 0x11, 0x47,
    0x09, 0x48, 0x09, 0x47, 0x11, 0x47, 0x09, 0x48, 0x09, 0x47, 0x11, 0x47, 0x09, 0x48, 0x09, 0x47,
    0x11, 0x47, 0x09, 0x48, 0x09, 0x47, 0x11, 0x47, 0x09, 0x48, 0x09, 0x47, 0x11, 0x47, 0x09, 0x48,
    0x09, 0x47, 0x11, 0x47, 0x09, 0x48, 0x09, 0x47, 0x11, 0x47, 0x09, 0x48, 0x09, 0x47, 0x11, 0x47,
    0x09, 0x48, 0x09, 0x47, 0x11, 0x47, 0x09, 0x48, 0x09, 0x47, 0x11, 0x47, 0x09, 0x48, 0x09, 0x47,
    0x11, 0x47, 0x09, 0x48, 0x09, 0x47, 0x11, 0x47, 0x09, 0x48, 0x09, 0x47, 0x11, 0x47, 0x09, 0x48,
    0x09, 0x47, 0x11, 0x47, 0x09, 0x48, 0x09, 0x47, 0x11, 0x47, 0x09, 0x48, 0x09, 0x47, 0x11, 0x47,
    0x09, 0x48, 0x09, 0x47, 0x11, 0x47, 0x09, 0x48, 0x09, 0x47, 0x11, 0x47, 0x09, 0x48, 0x09, 0x47,
    0x11, 0x47, 0x09, 0x48, 0x09, 0x47, 0x11, 0x47, 0x09, 0x48, 0x09, 0x47, 0x11, 0x47, 0x09, 0x48,
    0x09, 0x47, 0x11, 0x47, 0x09, 0x48, 0x09, 0x47, 0x11, 0x47, 0x09, 0x48, 0x09, 0x47, 0x11, 0x47,
    0x09, 0x48, 0x09, 0x47, 0x11, 0x47, 0x09, 0x48, 0x09, 0x47, 0x11, 0x47, 0x09, 0x48, 0x09, 0x47,
    0x11, 0x47, 0x09, 0x47, 0x11, 0x48, 0x09, 0x47, 0x11, 0x47, 0x09, 0x48, 0x11, 0x47, 0x09, 0x47,
    0x11, 0x48, 0x09, 0x47, 0x11, 0x47, 0x09, 0x48, 0x11, 0x47, 0x09, 0x47, 0x11, 0x48, 0x09, 0x47,
    0x11, 0x47, 0x09, 0x48, 0x11, 0x47, 0x09, 0x47, 0x11, 0x48, 0x09, 0x47, 0x11, 0x47, 0x09, 0x48,
    0x11, 0x47, 0x09, 0x47, 0x11, 0x48, 0x09, 0x47, 0x11, 0x47, 0x09, 0x48, 0x11, 0x47, 0x09, 0x47,
    0x11, 0x48, 0x09, 0x47, 0x11, 0x47, 0x09, 0x48, 0x11, 0x47, 0x09, 0x47, 0x11, 0x48, 0x09, 0x47,
    0x11, 0x47, 0x09, 0x48, 0x11, 0x47, 0x09, 0x47, 0x11, 0x48, 0x09, 0x47, 0x11, 0x47, 0x09, 0x48,
    0x11, 0x47, 0x09, 0x47, 0x11, 0x48, 0x09, 0x47, 0x11, 0x47, 0x09, 0x48, 0x11, 0x47, 0x09, 0x47,
    0x11, 0x48, 0x09, 0x47, 0x11, 0x47, 0x09, 0x48, 0x11, 0x47, 0x09, 0x47, 0x11, 0x48, 0x09, 0x47,
    0x11, 0x47, 0x09, 0x48, 0x11, 0x47, 0x09, 0x47, 0x11, 0x48, 0x09, 0x47, 0x11, 0x47, 0x09, 0x48,
    0x11, 0x47, 0x09, 0x47, 0x11, 0x48, 0x09, 0x47, 0x11, 0x47, 0x09, 0x48, 0x11, 0x47, 0x09, 0x47,
    0x11, 0x48, 0x09, 0x47, 0x11, 0x47, 0x09, 0x48, 0x11, 0x47, 0x09, 0x47, 0x11, 0x48, 0x09, 0x47,
    0x11, 0x47, 0x09, 0x48, 0x11, 0x47, 0x09, 0x47, 0x11, 0x48, 0x09, 0x47, 0x11, 0x47, 0x09, 0x48,
    0x11, 0x47, 0x09, 0x47, 0x11, 0x48, 0x09, 0x47, 0x11, 0x47, 0x09, 0x48, 0x11, 0x47, 0x09, 0x47,
    0x11, 0x48, 0x09, 0x47, 0x11, 0x47, 0x09, 0x48, 0x11, 0x47, 0x09, 0x47, 0x11, 0x48, 0x09, 0x47,
    0x11, 0x47, 0x09, 0x48, 0x11, 0x47, 0x09, 0x47, 0x11, 0x48, 0x09, 0x47, 0x11, 0x47, 0x09, 0x48,
    0x11, 0x47, 0x09, 0x47, 0x11, 0x48, 0x09, 0x47, 0x11, 0x47, 0x09, 0x48, 0x11, 0x47, 0x09, 0x47,
    0x09, 0x47, 0x11, 0x48, 0x09, 0x47, 0x11, 0x47, 0x09, 0x48, 0x11, 0x47, 0x09, 0x47, 0x11, 0x48,
    0x09, 0x47, 0x11, 0x47, 0x09, 0x48, 0x11, 0x47, 0x09, 0x47, 0x11, 0x48, 0x09, 0x47, 0x11, 0x47,
    0x09, 0x48, 0x11, 0x47, 0x09, 0x47, 0x11, 0x48, 0x09, 0x47, 0x11, 0x47, 0x09, 0x48, 0x11, 0x47,
    0x09, 0x47, 0x11, 0x48, 0x09, 0x47, 0x11, 0x47, 0x09, 0x48, 0x11, 0x47, 0x09, 0x47, 0x11, 0x48,
    0x09, 0x47, 0x11, 0x47, 0x09, 0x48, 0x11, 0x47, 0x09, 0x47, 0x11, 0x48, 0x09, 0x47, 0x11, 0x47,
    0x09, 0x48, 0x11, 0x47, 0x09, 0x47, 0x11, 0x48, 0x09, 0x47, 0x11, 0x47, 0x09, 0x48, 0x11, 0x47,
    0x09, 0x47, 0x11, 0x48, 0x09, 0x47, 0x11, 0x47, 0x09, 0x48, 0x11, 0x47, 0x09, 0x47, 0x11, 0x48,
    0x09, 0x47, 0x11, 0x47, 0x09, 0x48, 0x11, 0x47, 0x09, 0x47, 0x11, 0x48, 0x09, 0x47, 0x11, 0x47,
    0x09, 0x48, 0x11, 0x47, 0x09, 0x47, 0x11, 0x48, 0x09, 0x47, 0x11, 0x47, 0x09, 0x48, 0x11, 0x47,
    0x09, 0x47, 0x11, 0x48, 0x09, 0x47, 0x11, 0x47, 0x09, 0x48, 0x11, 0x47, 0x09, 0x47, 0x11, 0x48,
    0x09, 0x47, 0x11, 0x47, 0x09, 0x48, 0x11, 0x47, 0x09, 0x47, 0x11, 0x48, 0x09, 0x47, 0x11, 0x47,
    0x09, 0x48, 0x11, 0x47, 0x09, 0x47, 0x11, 0x48, 0x09, 0x47, 0x11, 0x47, 0x09, 0x48, 0x11, 0x47,
    0x09, 0x47, 0x11, 0x48, 0x09, 0x47, 0x11, 0x47, 0x09, 0x48, 0x11, 0x47, 0x09, 0x47, 0x11, 0x48,
    0x09, 0x47, 0x11, 0x47, 0x09, 0x48, 0x11, 0x47, 0x09, 0x47, 0x11, 0x48, 0x09, 0x47, 0x11, 0x47,
    0x09, 0x48, 0x11, 0x47, 0x09, 0x47, 0x11, 0x48, 0x09, 0x47, 0x11, 0x47, 0x09, 0x48, 0x11, 0x47,
    0x09, 0x47, 0x11, 0x48, 0x09, 0x47, 0x11, 0x47, 0x09, 0x48, 0x09, 0x47, 0x11, 0x47, 0x09, 0x48,
    0x09, 0x48, 0x11, 0x47, 0x09, 0x48, 0x09, 0x47, 0x11, 0x47, 0x09, 0x48, 0x09, 0x47, 0x11, 0x47,
    0x09, 0x48, 0x09, 0x47, 0x11, 0x47, 0x09, 0x48, 0x09, 0x47, 0x11, 0x47, 0x09, 0x48, 0x09, 0x47,
    0x11, 0x47, 0x09, 0x48, 0x09, 0x47, 0x11, 0x47, 0x09, 0x48, 0x09, 0x47, 0x11, 0x47, 0x09, 0x48,
    0x09, 0x47, 0x11, 0x47, 0x09, 0x48, 0x09, 0x47, 0x11, 0x47, 0x09, 0x48, 0x09, 0x47, 0x11, 0x47,
    0x09, 0x48, 0x09, 0x47, 0x11, 0x47, 0x09, 0x48, 0x09, 0x47, 0x11, 0x47, 0x09, 0x48, 0x09, 0x47,
    0x11, 0x47, 0x09, 0x48, 0x09, 0x47, 0x11, 0x47, 0x09, 0x48, 0x09, 0x47, 0x11, 0x47, 0x09, 0x48,
    0x09, 0x47, 0x11, 0x47, 0x09, 0x48, 0x09, 0x47, 0x11, 0x47, 0x09, 0x48, 0x09, 0x47, 0x11, 0x47,
    0x09, 0x48, 0x09, 0x47, 0x11, 0x47, 0x09, 0x48, 0x09, 0x47, 0x11, 0x47, 0x09, 0x48, 0x09, 0x47,
    0x11, 0x47, 0x09, 0x48, 0x09, 0x47, 0x11, 0x47, 0x09, 0x48, 0x09, 0x47, 0x11, 0x47, 0x09, 0x48,
    0x09, 0x47, 0x11, 0x47, 0x09, 0x48, 0x09, 0x47, 0x11, 0x47, 0x09, 0x48, 0x09, 0x47, 0x11, 0x47,
    0x09, 0x48, 0x09, 0x47, 0x11, 0x47, 0x09, 0x48, 0x09, 0x47, 0x11, 0x47, 0x09, 0x48, 0x09, 0x47,
    0x11, 0x47, 0x09, 0x48, 0x09, 0x47, 0x11, 0x47, 0x09, 0x48, 0x09, 0x47, 0x11, 0x47, 0x09, 0x48,
    0x09, 0x47, 0x11, 0x47, 0x09, 0x48, 0x09, 0x47, 0x11, 0x47, 0x09, 0x48, 0x09, 0x47, 0x11, 0x47,
    0x09, 0x48, 0x09, 0x47, 0x11, 0x47, 0x09, 0x48, 0x09, 0x47, 0x11, 0x47, 0x09, 0x48, 0x09, 0x47,
    0x11, 0x47, 0x09, 0x48, 0x09, 0x47, 0x11, 0x47, 0x09, 0x48, 0x09, 0x47, 0x11, 0x47, 0x09, 0x48,
    0x09, 0x47, 0x11, 0x47, 0x09, 0x48, 0x09, 0x47, 0x11, 0x47, 0x09, 0x48, 0x11, 0x47, 0x09, 0x48,
    0x11, 0x47, 0x09, 0x48, 0x11, 0x67, 0x11, 0x48, 0x09, 0x47, 0x11, 0x68, 0x11, 0x47, 0x09, 0x48,
    0x11, 0x67, 0x11, 0x48, 0x09, 0x47, 0x11, 0x68, 0x11, 0x47, 0x09, 0x48, 0x11, 0x67, 0x11, 0x48,
    0x09, 0x47, 0x11, 0x68, 0x11, 0x47, 0x09, 0x48, 0x11, 0x67, 0x11, 0x48, 0x09, 0x47, 0x11, 0x68,
    0x11, 0x47, 0x09, 0x48, 0x11, 0x67, 0x11, 0x48, 0x09, 0x47, 0x11, 0x68, 0x11, 0x47, 0x09, 0x48,
    0x11, 0x67, 0x11, 0x48, 0x09, 0x47, 0x11, 0x68, 0x11, 0x47, 0x09, 0x48, 0x11, 0x67, 0x11, 0x48,
    0x09, 0x47, 0x11, 0x68, 0x11, 0x47, 0x09, 0x48, 0x11, 0x67, 0x11, 0x48, 0x09, 0x47, 0x11, 0x68,
    0x11, 0x47, 0x09, 0x48, 0x11, 0x67, 0x11, 0x48, 0x09, 0x47, 0x11, 0x68, 0x11, 0x47, 0x09, 0x48,
    0x11, 0x67, 0x11, 0x48, 0x09, 0x47, 0x11, 0x68, 0x11, 0x47, 0x09, 0x48, 0x11, 0x67, 0x11, 0x48,
    0x09, 0x47, 0x11, 0x68, 0x11, 0x47, 0x09, 0x48, 0x11, 0x67, 0x11, 0x48, 0x09, 0x47, 0x11, 0x68,
    0x11, 0x47, 0x09, 0x48, 0x11, 0x67, 0x11, 0x48, 0x09, 0x47, 0x11, 0x68, 0x11, 0x47, 0x09, 0x48,
    0x11, 0x67, 0x11, 0x48, 0x09, 0x47, 0x11, 0x68, 0x11, 0x47, 0x09, 0x48, 0x11, 0x67, 0x11, 0x48,
    0x09, 0x47, 0x11, 0x68, 0x11, 0x47, 0x09, 0x48, 0x11, 0x67, 0x11, 0x48, 0x09, 0x47, 0x11, 0x68,
    0x11, 0x47, 0x09, 0x48, 0x11, 0x67, 0x11, 0x48, 0x09, 0x47, 0x11, 0x68, 0x11, 0x47, 0x09, 0x48,
    0x11, 0x67, 0x11, 0x48, 0x09, 0x47, 0x11, 0x68, 0x11, 0x47, 0x09, 0x48, 0x11, 0x67, 0x11, 0x48,
    0x09, 0x47, 0x11, 0x68, 0x11, 0x47, 0x09, 0x48, 0x11, 0x67, 0x11, 0x48, 0x09, 0x47, 0x11, 0x68,
    0x11, 0x47, 0x09, 0x48, 0x11, 0x67, 0x11, 0x48, 0x09, 0x47, 0x11, 0x68, 0x09, 0x47, 0x11, 0x47,
    0x09, 0x47, 0x11, 0x48, 0x09, 0x47, 0x11, 0x48, 0x09, 0x47, 0x11, 0x48, 0x09, 0x47, 0x11, 0x48,
    0x09, 0x47, 0x11, 0x48, 0x09, 0x47, 0x11, 0x48, 0x09, 0x47, 0x11, 0x48, 0x09, 0x47, 0x11, 0x48,
    0x09, 0x47, 0x11, 0x48, 0x09, 0x47, 0x11, 0x48, 0x09, 0x47, 0x11, 0x48, 0x09, 0x47, 0x11, 0x48,
    0x09, 0x47, 0x11, 0x48, 0x09, 0x47, 0x11, 0x48, 0x09, 0x47, 0x11, 0x48, 0x09, 0x47, 0x11, 0x48,
    0x09, 0x47, 0x11, 0x48, 0x09, 0x47, 0x11, 0x48, 0x09, 0x47, 0x11, 0x48, 0x09, 0x47, 0x11, 0x48,
    0x09, 0x47, 0x11, 0x48, 0x09, 0x47, 0x11, 0x48, 0x09, 0x47, 0x11, 0x48, 0x09, 0x47, 0x11, 0x48,
    0x09, 0x47, 0x11, 0x48, 0x09, 0x47, 0x11, 0x48, 0x09, 0x47, 0x11, 0x48, 0x09, 0x47, 0x11, 0x48,
    0x09, 0x47, 0x11, 0x48, 0x09, 0x47, 0x11, 0x48, 0x09, 0x47, 0x11, 0x48, 0x09, 0x47, 0x11, 0x48,
    0x09, 0x47, 0x11, 0x48, 0x09, 0x47, 0x11, 0x48, 0x09, 0x47, 0x11, 0x48, 0x09, 0x47, 0x11, 0x48,
    0x09, 0x47, 0x11, 0x48, 0x09, 0x47, 0x11, 0x48, 0x09, 0x47, 0x11, 0x48, 0x09, 0x47, 0x11, 0x48,
    0x09, 0x47, 0x11, 0x48, 0x09, 0x47, 0x11, 0x48, 0x09, 0x47, 0x11, 0x48, 0x09, 0x47, 0x11, 0x48,
    0x09, 0x47, 0x11, 0x48, 0x09, 0x47, 0x11, 0x48, 0x09, 0x47, 0x11, 0x48, 0x09, 0x47, 0x11, 0x48,
    0x09, 0x47, 0x11, 0x48, 0x09, 0x47, 0x11, 0x48, 0x09, 0x47, 0x11, 0x48, 0x09, 0x47, 0x11, 0x48,
    0x09, 0x47, 0x11, 0x48, 0x09, 0x47, 0x11, 0x48, 0x09, 0x47, 0x11, 0x48, 0x09, 0x47, 0x11, 0x48,
    0x09, 0x47, 0x11, 0x48, 0x09, 0x47, 0x11, 0x48, 0x09, 0x47, 0x11, 0x48, 0x09, 0x47, 0x11, 0x48,
    0x09, 0x47, 0x11, 0x48, 0x09, 0x47, 0x11, 0x48, 0x09, 0x47, 0x11, 0x48, 0x09, 0x47, 0x11, 0x48,
    0x11, 0x48, 0x09, 0x67, 0x11, 0x47, 0x09, 0x68, 0x11, 0x47, 0x09, 0x67, 0x11, 0x48, 0x09, 0x67,
    0x11, 0x48, 0x09, 0x67, 0x11, 0x48, 0x09, 0x67, 0x11, 0x48, 0x09, 0x67, 0x11, 0x48, 0x09, 0x67,
    0x11, 0x48, 0x09, 0x67, 0x11, 0x48, 0x09, 0x67, 0x11, 0x48, 0x09, 0x67, 0x11, 0x48, 0x09, 0x67,
    0x11, 0x48, 0x09, 0x67, 0x11, 0x48, 0x09, 0x67, 0x11, 0x48, 0x09, 0x67, 0x11, 0x48, 0x09, 0x67,
    0x11, 0x48, 0x09, 0x67, 0x11, 0x48, 0x09, 0x67, 0x11, 0x48, 0x09, 0x67, 0x11, 0x48, 0x09, 0x67,
    0x11, 0x48, 0x09, 0x67, 0x11, 0x48, 0x09, 0x67, 0x11, 0x48, 0x09, 0x67, 0x11, 0x48, 0x09, 0x67,
    0x11, 0x48, 0x09, 0x67, 0x11, 0x48, 0x09, 0x67, 0x11, 0x48, 0x09, 0x67, 0x11, 0x48, 0x09, 0x67,
    0x11, 0x48, 0x09, 0x67, 0x11, 0x48, 0x09, 0x67, 0x11, 0x48, 0x09, 0x67, 0x11, 0x48, 0x09, 0x67,
    0x11, 0x48, 0x09, 0x67, 0x11, 0x48, 0x09, 0x67, 0x11, 0x48, 0x09, 0x67, 0x11, 0x48, 0x09, 0x67,
    0x11, 0x48, 0x09, 0x67, 0x11, 0x48, 0x09, 0x67, 0x11, 0x48, 0x09, 0x67, 0x11, 0x48, 0x09, 0x67,
    0x11, 0x48, 0x09, 0x67, 0x11, 0x48, 0x09, 0x67, 0x11, 0x48, 0x09, 0x67, 0x11, 0x48, 0x09, 0x67,
    0x11, 0x48, 0x09, 0x67, 0x11, 0x48, 0x09, 0x67, 0x11, 0x48, 0x09, 0x67, 0x11, 0x48, 0x09, 0x67,
    0x11, 0x48, 0x09, 0x67, 0x11, 0x48, 0x09, 0x67, 0x11, 0x48, 0x09, 0x67, 0x11, 0x48, 0x09, 0x67,
    0x11, 0x48, 0x09, 0x67, 0x11, 0x48, 0x09, 0x67, 0x11, 0x48, 0x09, 0x67, 0x11, 0x48, 0x09, 0x67,
    0x11, 0x48, 0x09, 0x67, 0x11, 0x48, 0x09, 0x67, 0x11, 0x48, 0x09, 0x67, 0x11, 0x48, 0x09, 0x67,
    0x11, 0x48, 0x09, 0x67, 0x11, 0x48, 0x09, 0x67, 0x11, 0x48, 0x09, 0x67, 0x11, 0x48, 0x09, 0x67,
    0x11, 0x47, 0x11, 0x48, 0x11, 0x47, 0x11, 0x48, 0x11, 0x67, 0x11, 0x48, 0x11, 0x47, 0x11, 0x47,
    0x11, 0x48, 0x11, 0x47, 0x11, 0x67, 0x11, 0x48, 0x11, 0x47, 0x11, 0x47, 0x11, 0x48, 0x11, 0x47,
    0x11, 0x67, 0x11, 0x48, 0x11, 0x47, 0x11, 0x47, 0x11, 0x48, 0x11, 0x47, 0x11, 0x67, 0x11, 0x48,
    0x11, 0x47, 0x11, 0x47, 0x11, 0x48, 0x11, 0x47, 0x11, 0x67, 0x11, 0x48, 0x11, 0x47, 0x11, 0x47,
    0x11, 0x48, 0x11, 0x47, 0x11, 0x67, 0x11, 0x48, 0x11, 0x47, 0x11, 0x47, 0x11, 0x48, 0x11, 0x47,
    0x11, 0x67, 0x11, 0x48, 0x11, 0x47, 0x11, 0x47, 0x11, 0x48, 0x11, 0x47, 0x11, 0x67, 0x11, 0x48,
    0x11, 0x47, 0x11, 0x47, 0x11, 0x48, 0x11, 0x47, 0x11, 0x67, 0x11, 0x48, 0x11, 0x47, 0x11, 0x47,
    0x11, 0x48, 0x11, 0x47, 0x11, 0x67, 0x11, 0x48, 0x11, 0x47, 0x11, 0x47, 0x11, 0x48, 0x11, 0x47,
    0x11, 0x67, 0x11, 0x48, 0x11, 0x47, 0x11, 0x47, 0x11, 0x48, 0x11, 0x47, 0x11, 0x67, 0x11, 0x48,
    0x11, 0x47, 0x11, 0x47, 0x11, 0x48, 0x11, 0x47, 0x11, 0x67, 0x11, 0x48, 0x11, 0x47, 0x11, 0x47,
    0x11, 0x48, 0x11, 0x47, 0x11, 0x67, 0x11, 0x48, 0x11, 0x47, 0x11, 0x47, 0x11, 0x48, 0x11, 0x47,
    0x11, 0x67, 0x11, 0x48, 0x11, 0x47, 0x11, 0x47, 0x11, 0x48, 0x11, 0x47, 0x11, 0x67, 0x11, 0x48,
    0x11, 0x47, 0x11, 0x47, 0x11, 0x48, 0x11, 0x47, 0x11, 0x67, 0x11, 0x48, 0x11, 0x47, 0x11, 0x47,
    0x11, 0x48, 0x11, 0x47, 0x11, 0x67, 0x11, 0x48, 0x11, 0x47, 0x11, 0x47, 0x11, 0x48, 0x11, 0x47,
    0x11, 0x67, 0x11, 0x48, 0x11, 0x47, 0x11, 0x47, 0x11, 0x48, 0x11, 0x47, 0x11, 0x67, 0x11, 0x48,
    0x11, 0x47, 0x11, 0x47, 0x11, 0x48, 0x11, 0x47, 0x11, 0x67, 0x11, 0x48, 0x11, 0x47, 0x11, 0x48,
    0x11, 0x68, 0x09, 0x47, 0x11, 0x68, 0x09, 0x47, 0x11, 0x48, 0x09, 0x67, 0x11, 0x48, 0x09, 0x68,
    0x11, 0x47, 0x09, 0x68, 0x11, 0x48, 0x09, 0x47, 0x11, 0x68, 0x09, 0x48, 0x11, 0x67, 0x09, 0x48,
    0x11, 0x48, 0x09, 0x67, 0x11, 0x48, 0x09, 0x68, 0x11, 0x47, 0x09, 0x68, 0x11, 0x48, 0x09, 0x47,
    0x11, 0x68, 0x09, 0x48, 0x11, 0x67, 0x09, 0x48, 0x11, 0x48, 0x09, 0x67, 0x11, 0x48, 0x09, 0x68,
    0x11, 0x47, 0x09, 0x68, 0x11, 0x48, 0x09, 0x47, 0x11, 0x68, 0x09, 0x48, 0x11, 0x67, 0x09, 0x48,
    0x11, 0x48, 0x09, 0x67, 0x11, 0x48, 0x09, 0x68, 0x11, 0x47, 0x09, 0x68, 0x11, 0x48, 0x09, 0x47,
    0x11, 0x68, 0x09, 0x48, 0x11, 0x67, 0x09, 0x48, 0x11, 0x48, 0x09, 0x67, 0x11, 0x48, 0x09, 0x68,
    0x11, 0x47, 0x09, 0x68, 0x11, 0x48, 0x09, 0x47, 0x11, 0x68, 0x09, 0x48, 0x11, 0x67, 0x09, 0x48,
    0x11, 0x48, 0x09, 0x67, 0x11, 0x48, 0x09, 0x68, 0x11, 0x47, 0x09, 0x68, 0x11, 0x48, 0x09, 0x47,
    0x11, 0x68, 0x09, 0x48, 0x11, 0x67, 0x09, 0x48, 0x11, 0x48, 0x09, 0x67, 0x11, 0x48, 0x09, 0x68,
    0x11, 0x47, 0x09, 0x68, 0x11, 0x48, 0x09, 0x47, 0x11, 0x68, 0x09, 0x48, 0x11, 0x67, 0x09, 0x48,
    0x11, 0x48, 0x09, 0x67, 0x11, 0x48, 0x09, 0x68, 0x11, 0x47, 0x09, 0x68, 0x11, 0x48, 0x09, 0x47,
    0x11, 0x68, 0x09, 0x48, 0x11, 0x67, 0x09, 0x48, 0x11, 0x48, 0x09, 0x67, 0x11, 0x48, 0x09, 0x68,
    0x11, 0x47, 0x09, 0x68, 0x11, 0x48, 0x09, 0x47, 0x11, 0x68, 0x09, 0x48, 0x11, 0x67, 0x09, 0x48,
    0x11, 0x48, 0x09, 0x67, 0x11, 0x48, 0x09, 0x68, 0x11, 0x47, 0x09, 0x68, 0x11, 0x48, 0x09, 0x47,
    0x11, 0x68, 0x09, 0x48, 0x11, 0x67, 0x09, 0x48, 0x11, 0x48, 0x09, 0x67, 0x11, 0x48, 0x09, 0x67,
    0x11, 0x48, 0x09, 0x47, 0x11, 0x48, 0x11, 0x68, 0x09, 0x47, 0x11, 0x48, 0x11, 0x67, 0x09, 0x48,
    0x11, 0x47, 0x11, 0x48, 0x09, 0x67, 0x11, 0x48, 0x11, 0x47, 0x09, 0x68, 0x11, 0x47, 0x11, 0x68,
    0x09, 0x47, 0x11, 0x48, 0x11, 0x67, 0x09, 0x48, 0x11, 0x47, 0x11, 0x48, 0x09, 0x67, 0x11, 0x48,
    0x11, 0x47, 0x09, 0x68, 0x11, 0x47, 0x11, 0x68, 0x09, 0x47, 0x11, 0x48, 0x11, 0x67, 0x09, 0x48,
    0x11, 0x47, 0x11, 0x48, 0x09, 0x67, 0x11, 0x48, 0x11, 0x47, 0x09, 0x68, 0x11, 0x47, 0x11, 0x68,
    0x09, 0x47, 0x11, 0x48, 0x11, 0x67, 0x09, 0x48, 0x11, 0x47, 0x11, 0x48, 0x09, 0x67, 0x11, 0x48,
    0x11, 0x47, 0x09, 0x68, 0x11, 0x47, 0x11, 0x68, 0x09, 0x47, 0x11, 0x48, 0x11, 0x67, 0x09, 0x48,
    0x11, 0x47, 0x11, 0x48, 0x09, 0x67, 0x11, 0x48, 0x11, 0x47, 0x09, 0x68, 0x11, 0x47, 0x11, 0x68,
    0x09, 0x47, 0x11, 0x48, 0x11, 0x67, 0x09, 0x48, 0x11, 0x47, 0x11, 0x48, 0x09, 0x67, 0x11, 0x48,
    0x11, 0x47, 0x09, 0x68, 0x11, 0x47, 0x11, 0x68, 0x09, 0x47, 0x11, 0x48, 0x11, 0x67, 0x09, 0x48,
    0x11, 0x47, 0x11, 0x48, 0x09, 0x67, 0x11, 0x48, 0x11, 0x47, 0x09, 0x68, 0x11, 0x47, 0x11, 0x68,
    0x09, 0x47, 0x11, 0x48, 0x11, 0x67, 0x09, 0x48, 0x11, 0x47, 0x11, 0x48, 0x09, 0x67, 0x11, 0x48,
    0x11, 0x47, 0x09, 0x68, 0x11, 0x47, 0x11, 0x68, 0x09, 0x47, 0x11, 0x48, 0x11, 0x67, 0x09, 0x48,
    0x11, 0x47, 0x11, 0x48, 0x09, 0x67, 0x11, 0x48, 0x11, 0x47, 0x09, 0x68, 0x11, 0x47, 0x11, 0x68,
    0x09, 0x47, 0x11, 0x48, 0x11, 0x67, 0x09, 0x48, 0x11, 0x47, 0x11, 0x48, 0x09, 0x67, 0x11, 0x48,
    0x11, 0x47, 0x09, 0x68, 0x11, 0x47, 0x11, 0x68, 0x09, 0x47, 0x11, 0x48, 0x11, 0x67, 0x11, 0x48,
    0x11, 0x68, 0x11, 0x67, 0x11, 0x48, 0x11, 0x67, 0x11, 0x48, 0x11, 0x68, 0x11, 0x47, 0x11, 0x68,
    0x11, 0x68, 0x11, 0x47, 0x11, 0x68, 0x11, 0x47, 0x11, 0x68, 0x11, 0x47, 0x11, 0x68, 0x11, 0x47,
    0x11, 0x68, 0x11, 0x47, 0x11, 0x68, 0x11, 0x47, 0x11, 0x68, 0x11, 0x47, 0x11, 0x68, 0x11, 0x47,
    0x11, 0x68, 0x11, 0x47, 0x11, 0x68, 0x11, 0x47, 0x11, 0x68, 0x11, 0x47, 0x11, 0x68, 0x11, 0x47,
    0x11, 0x68, 0x11, 0x47, 0x11, 0x68, 0x11, 0x47, 0x11, 0x68, 0x11, 0x47, 0x11, 0x68, 0x11, 0x47,
    0x11, 0x68, 0x11, 0x47, 0x11, 0x68, 0x11, 0x47, 0x11, 0x68, 0x11, 0x47, 0x11, 0x68, 0x11, 0x47,
    0x11, 0x68, 0x11, 0x47, 0x11, 0x68, 0x11, 0x47, 0x11, 0x68, 0x11, 0x47, 0x11, 0x68, 0x11, 0x47,
    0x11, 0x68, 0x11, 0x47, 0x11, 0x68, 0x11, 0x47, 0x11, 0x68, 0x11, 0x47, 0x11, 0x68, 0x11, 0x47,
    0x11, 0x68, 0x11, 0x47, 0x11, 0x68, 0x11, 0x47, 0x11, 0x68, 0x11, 0x47, 0x11, 0x68, 0x11, 0x47,
    0x11, 0x68, 0x11, 0x47, 0x11, 0x68, 0x11, 0x47, 0x11, 0x68, 0x11, 0x47, 0x11, 0x68, 0x11, 0x47,
    0x11, 0x68, 0x11, 0x47, 0x11, 0x68, 0x11, 0x47, 0x11, 0x68, 0x11, 0x47, 0x11, 0x68, 0x11, 0x47,
    0x11, 0x68, 0x11, 0x47, 0x11, 0x68, 0x11, 0x47, 0x11, 0x68, 0x11, 0x47, 0x11, 0x68, 0x11, 0x47,
    0x11, 0x68, 0x11, 0x47, 0x11, 0x68, 0x11, 0x47, 0x11, 0x68, 0x11, 0x47, 0x11, 0x68, 0x11, 0x47,
    0x11, 0x68, 0x11, 0x47, 0x11, 0x68, 0x11, 0x47, 0x11, 0x68, 0x11, 0x47, 0x11, 0x68, 0x11, 0x47,
    0x11, 0x68, 0x11, 0x47, 0x11, 0x68, 0x11, 0x47, 0x11, 0x68, 0x11, 0x47, 0x11, 0x68, 0x11, 0x47,
    0x11, 0x68, 0x11, 0x47, 0x11, 0x68, 0x11, 0x47, 0x11, 0x68, 0x11, 0x47, 0x09, 0x68, 0x11, 0x47,
    0x11, 0x48, 0x11, 0x67, 0x09, 0x48, 0x11, 0x67, 0x11, 0x48, 0x09, 0x67, 0x11, 0x48, 0x11, 0x67,
    0x09, 0x48, 0x11, 0x67, 0x11, 0x48, 0x09, 0x68, 0x11, 0x47, 0x11, 0x68, 0x09, 0x48, 0x11, 0x67,
    0x11, 0x48, 0x09, 0x68, 0x11, 0x47, 0x11, 0x68, 0x09, 0x48, 0x11, 0x67, 0x11, 0x48, 0x09, 0x68,
    0x11, 0x47, 0x11, 0x68, 0x09, 0x48, 0x11, 0x67, 0x11, 0x48, 0x09, 0x68, 0x11, 0x47, 0x11, 0x68,
    0x09, 0x48, 0x11, 0x67, 0x11, 0x48, 0x09, 0x68, 0x11, 0x47, 0x11, 0x68, 0x09, 0x48, 0x11, 0x67,
    0x11, 0x48, 0x09, 0x68, 0x11, 0x47, 0x11, 0x68, 0x09, 0x48, 0x11, 0x67, 0x11, 0x48, 0x09, 0x68,
    0x11, 0x47, 0x11, 0x68, 0x09, 0x48, 0x11, 0x67, 0x11, 0x48, 0x09, 0x68, 0x11, 0x47, 0x11, 0x68,
    0x09, 0x48, 0x11, 0x67, 0x11, 0x48, 0x09, 0x68, 0x11, 0x47, 0x11, 0x68, 0x09, 0x48, 0x11, 0x67,
    0x11, 0x48, 0x09, 0x68, 0x11, 0x47, 0x11, 0x68, 0x09, 0x48, 0x11, 0x67, 0x11, 0x48, 0x09, 0x68,
    0x11, 0x47, 0x11, 0x68, 0x09, 0x48, 0x11, 0x67, 0x11, 0x48, 0x09, 0x68, 0x11, 0x47, 0x11, 0x68,
    0x09, 0x48, 0x11, 0x67, 0x11, 0x48, 0x09, 0x68, 0x11, 0x47, 0x11, 0x68, 0x09, 0x48, 0x11, 0x67,
    0x11, 0x48, 0x09, 0x68, 0x11, 0x47, 0x11, 0x68, 0x09, 0x48, 0x11, 0x67, 0x11, 0x48, 0x09, 0x68,
    0x11, 0x47, 0x11, 0x68, 0x09, 0x48, 0x11, 0x67, 0x11, 0x48, 0x09, 0x68, 0x11, 0x47, 0x11, 0x68,
    0x09, 0x48, 0x11, 0x67, 0x11, 0x48, 0x09, 0x68, 0x11, 0x47, 0x11, 0x68, 0x09, 0x48, 0x11, 0x67,
    0x11, 0x48, 0x09, 0x68, 0x11, 0x47, 0x11, 0x68, 0x09, 0x48, 0x11, 0x67, 0x11, 0x48, 0x09, 0x68,
    0x11, 0x47, 0x11, 0x68, 0x09, 0x48, 0x11, 0x67, 0x11, 0x48, 0x11, 0x68, 0x11, 0x47, 0x11, 0x68,
    0x11, 0x68, 0x11, 0x47, 0x11, 0x68, 0x11, 0x48, 0x11, 0x67, 0x11, 0x48, 0x11, 0x67, 0x11, 0x48,
    0x11, 0x67, 0x11, 0x48, 0x11, 0x67, 0x11, 0x48, 0x11, 0x68, 0x11, 0x47, 0x11, 0x68, 0x11, 0x48,
    0x11, 0x67, 0x11, 0x48, 0x11, 0x68, 0x11, 0x47, 0x11, 0x68, 0x11, 0x48, 0x11, 0x67, 0x11, 0x48,
    0x11, 0x68, 0x11, 0x47, 0x11, 0x68, 0x11, 0x48, 0x11, 0x67, 0x11, 0x48, 0x11, 0x68, 0x11, 0x47,
    0x11, 0x68, 0x11, 0x48, 0x11, 0x67, 0x11, 0x48, 0x11, 0x68, 0x11, 0x47, 0x11, 0x68, 0x11, 0x48,
    0x11, 0x67, 0x11, 0x48, 0x11, 0x68, 0x11, 0x47, 0x11, 0x68, 0x11, 0x48, 0x11, 0x67, 0x11, 0x48,
    0x11, 0x68, 0x11, 0x47, 0x11, 0x68, 0x11, 0x48, 0x11, 0x67, 0x11, 0x48, 0x11, 0x68, 0x11, 0x47,
    0x11, 0x68, 0x11, 0x48, 0x11, 0x67, 0x11, 0x48, 0x11, 0x68, 0x11, 0x47, 0x11, 0x68, 0x11, 0x48,
    0x11, 0x67, 0x11, 0x48, 0x11, 0x68, 0x11, 0x47, 0x11, 0x68, 0x11, 0x48, 0x11, 0x67, 0x11, 0x48,
    0x11, 0x68, 0x11, 0x47, 0x11, 0x68, 0x11, 0x48, 0x11, 0x67, 0x11, 0x48, 0x11, 0x68, 0x11, 0x47,
    0x11, 0x68, 0x11, 0x48, 0x11, 0x67, 0x11, 0x48, 0x11, 0x68, 0x11, 0x47, 0x11, 0x68, 0x11, 0x48,
    0x11, 0x67, 0x11, 0x48, 0x11, 0x68, 0x11, 0x47, 0x11, 0x68, 0x11, 0x48, 0x11, 0x67, 0x11, 0x48,
    0x11, 0x68, 0x11, 0x47, 0x11, 0x68, 0x11, 0x48, 0x11, 0x67, 0x11, 0x48, 0x11, 0x68, 0x11, 0x47,
    0x11, 0x68, 0x11, 0x48, 0x11, 0x67, 0x11, 0x48, 0x11, 0x68, 0x11, 0x47, 0x11, 0x68, 0x11, 0x48,
    0x11, 0x67, 0x11, 0x48, 0x11, 0x68, 0x11, 0x47, 0x11, 0x68, 0x11, 0x48, 0x11, 0x67, 0x11, 0x48,
    0x11, 0x68, 0x11, 0x47, 0x11, 0x68, 0x11, 0x48, 0x09, 0x67, 0x11, 0x48, 0x11, 0x68, 0x09, 0x47,
    0x11, 0x48, 0x11, 0x68, 0x11, 0x47, 0x11, 0x68, 0x11, 0x48, 0x11, 0x68, 0x11, 0x48, 0x11, 0x68,
    0x11, 0x48, 0x11, 0x68, 0x11, 0x48, 0x11, 0x67, 0x11, 0x48, 0x11, 0x68, 0x11, 0x47, 0x11, 0x68,
    0x11, 0x48, 0x11, 0x67, 0x11, 0x48, 0x11, 0x68, 0x11, 0x47, 0x11, 0x68, 0x11, 0x48, 0x11, 0x67,
    0x11, 0x48, 0x11, 0x68, 0x11, 0x47, 0x11, 0x68, 0x11, 0x48, 0x11, 0x67, 0x11, 0x48, 0x11, 0x68,
    0x11, 0x47, 0x11, 0x68, 0x11, 0x48, 0x11, 0x67, 0x11, 0x48, 0x11, 0x68, 0x11, 0x47, 0x11, 0x68,
    0x11, 0x48, 0x11, 0x67, 0x11, 0x48, 0x11, 0x68, 0x11, 0x47, 0x11, 0x68, 0x11, 0x48, 0x11, 0x67,
    0x11, 0x48, 0x11, 0x68, 0x11, 0x47, 0x11, 0x68, 0x11, 0x48, 0x11, 0x67, 0x11, 0x48, 0x11, 0x68,
    0x11, 0x47, 0x11, 0x68, 0x11, 0x48, 0x11, 0x67, 0x11, 0x48, 0x11, 0x68, 0x11, 0x47, 0x11, 0x68,
    0x11, 0x48, 0x11, 0x67, 0x11, 0x48, 0x11, 0x68, 0x11, 0x47, 0x11, 0x68, 0x11, 0x48, 0x11, 0x67,
    0x11, 0x48, 0x11, 0x68, 0x11, 0x47, 0x11, 0x68, 0x11, 0x48, 0x11, 0x67, 0x11, 0x48, 0x11, 0x68,
    0x11, 0x47, 0x11, 0x68, 0x11, 0x48, 0x11, 0x67, 0x11, 0x48, 0x11, 0x68, 0x11, 0x47, 0x11, 0x68,
    0x11, 0x48, 0x11, 0x67, 0x11, 0x48, 0x11, 0x68, 0x11, 0x47, 0x11, 0x68, 0x11, 0x48, 0x11, 0x67,
    0x11, 0x48, 0x11, 0x68, 0x11, 0x47, 0x11, 0x68, 0x11, 0x48, 0x11, 0x67, 0x11, 0x48, 0x11, 0x68,
    0x11, 0x47, 0x11, 0x68, 0x11, 0x48, 0x11, 0x67, 0x11, 0x48, 0x11, 0x68, 0x11, 0x47, 0x11, 0x68,
    0x11, 0x48, 0x11, 0x67, 0x11, 0x48, 0x11, 0x68, 0x11, 0x47, 0x11, 0x68, 0x11, 0x48, 0x11, 0x67,
    0x11, 0x48, 0x11, 0x68, 0x11, 0x47, 0x11, 0x68, 0x11, 0x48, 0x11, 0x67, 0x11, 0x48, 0x11, 0x68,
    0x11, 0x68, 0x11, 0x67, 0x11, 0x68, 0x11, 0x68, 0x11, 0x67, 0x11, 0x68, 0x11, 0x67, 0x11, 0x68,
    0x11, 0x67, 0x11, 0x48, 0x11, 0x67, 0x11, 0x68, 0x11, 0x68, 0x11, 0x67, 0x11, 0x68, 0x11, 0x68,
    0x11, 0x67, 0x11, 0x68, 0x11, 0x68, 0x11, 0x67, 0x11, 0x68, 0x11, 0x68, 0x11, 0x67, 0x11, 0x68,
    0x11, 0x68, 0x11, 0x67, 0x11, 0x68, 0x11, 0x68, 0x11, 0x67, 0x11, 0x68, 0x11, 0x68, 0x11, 0x67,
    0x11, 0x68, 0x11, 0x68, 0x11, 0x67, 0x11, 0x68, 0x11, 0x68, 0x11, 0x67, 0x11, 0x68, 0x11, 0x68,
    0x11, 0x67, 0x11, 0x68, 0x11, 0x68, 0x11, 0x67, 0x11, 0x68, 0x11, 0x68, 0x11, 0x67, 0x11, 0x68,
    0x11, 0x68, 0x11, 0x67, 0x11, 0x68, 0x11, 0x68, 0x11, 0x67, 0x11, 0x68, 0x11, 0x68, 0x11, 0x67,
    0x11, 0x68, 0x11, 0x68, 0x11, 0x67, 0x11, 0x68, 0x11, 0x68, 0x11, 0x67, 0x11, 0x68, 0x11, 0x68,
    0x11, 0x67, 0x11, 0x68, 0x11, 0x68, 0x11, 0x67, 0x11, 0x68, 0x11, 0x68, 0x11, 0x67, 0x11, 0x68,
    0x11, 0x68, 0x11, 0x67, 0x11, 0x68, 0x11, 0x68, 0x11, 0x67, 0x11, 0x68, 0x11, 0x68, 0x11, 0x67,
    0x11, 0x68, 0x11, 0x68, 0x11, 0x67, 0x11, 0x68, 0x11, 0x68, 0x11, 0x67, 0x11, 0x68, 0x11, 0x68,
    0x11, 0x67, 0x11, 0x68, 0x11, 0x68, 0x11, 0x67, 0x11, 0x68, 0x11, 0x68, 0x11, 0x67, 0x11, 0x68,
    0x11, 0x68, 0x11, 0x67, 0x11, 0x68, 0x11, 0x68, 0x11, 0x67, 0x11, 0x68, 0x11, 0x68, 0x11, 0x67,
    0x11, 0x68, 0x11, 0x68, 0x11, 0x67, 0x11, 0x68, 0x11, 0x68, 0x11, 0x67, 0x11, 0x68, 0x11, 0x68,
    0x11, 0x67, 0x11, 0x68, 0x11, 0x68, 0x11, 0x67, 0x11, 0x68, 0x11, 0x68, 0x11, 0x67, 0x11, 0x68,
    0x11, 0x68, 0x11, 0x67, 0x11, 0x68, 0x11, 0x68, 0x11, 0x67, 0x11, 0x68, 0x11, 0x68, 0x11, 0x47,
    0x11, 0x68, 0x11, 0x48, 0x11, 0x67, 0x11, 0x48, 0x11, 0x68, 0x11, 0x47, 0x11, 0x68, 0x11, 0x48,
    0x11, 0x67, 0x11, 0x68, 0x11, 0x48, 0x11, 0x67, 0x11, 0x48, 0x11, 0x68, 0x11, 0x47, 0x11, 0x68,
    0x11, 0x48, 0x11, 0x67, 0x11, 0x48, 0x11, 0x68, 0x11, 0x47, 0x11, 0x68, 0x11, 0x48, 0x11, 0x67,
    0x11, 0x48, 0x11, 0x68, 0x11, 0x47, 0x11, 0x68, 0x11, 0x48, 0x11, 0x67, 0x11, 0x48, 0x11, 0x68,
    0x11, 0x47, 0x11, 0x68, 0x11, 0x48, 0x11, 0x67, 0x11, 0x48, 0x11, 0x68, 0x11, 0x47, 0x11, 0x68,
    0x11, 0x48, 0x11, 0x67, 0x11, 0x48, 0x11, 0x68, 0x11, 0x47, 0x11, 0x68, 0x11, 0x48, 0x11, 0x67,
    0x11, 0x48, 0x11, 0x68, 0x11, 0x47, 0x11, 0x68, 0x11, 0x48, 0x11, 0x67, 0x11, 0x48, 0x11, 0x68,
    0x11, 0x47, 0x11, 0x68, 0x11, 0x48, 0x11, 0x67, 0x11, 0x48, 0x11, 0x68, 0x11, 0x47, 0x11, 0x68,
    0x11, 0x48, 0x11, 0x67, 0x11, 0x48, 0x11, 0x68, 0x11, 0x47, 0x11, 0x68, 0x11, 0x48, 0x11, 0x67,
    0x11, 0x48, 0x11, 0x68, 0x11, 0x47, 0x11, 0x68, 0x11, 0x48, 0x11, 0x67, 0x11, 0x48, 0x11, 0x68,
    0x11, 0x47, 0x11, 0x68, 0x11, 0x48, 0x11, 0x67, 0x11, 0x48, 0x11, 0x68, 0x11, 0x47, 0x11, 0x68,
    0x11, 0x48, 0x11, 0x67, 0x11, 0x48, 0x11, 0x68, 0x11, 0x47, 0x11, 0x68, 0x11, 0x48, 0x11, 0x67,
    0x11, 0x48, 0x11, 0x68, 0x11, 0x47, 0x11, 0x68, 0x11, 0x48, 0x11, 0x67, 0x11, 0x48, 0x11, 0x68,
    0x11, 0x47, 0x11, 0x68, 0x11, 0x48, 0x11, 0x67, 0x11, 0x48, 0x11, 0x68, 0x11, 0x47, 0x11, 0x68,
    0x11, 0x48, 0x11, 0x67, 0x11, 0x48, 0x11, 0x68, 0x11, 0x47, 0x11, 0x68, 0x11, 0x48, 0x11, 0x67,
    0x11, 0x48, 0x11, 0x68, 0x11, 0x47, 0x11, 0x68, 0x11, 0x48, 0x11, 0x67, 0x11, 0x48, 0x11, 0x68,
    0x11, 0x68, 0x11, 0x67, 0x11, 0x68, 0x11, 0x68, 0x11, 0x67, 0x11, 0x68, 0x11, 0x68, 0x11, 0x67,
    0x11, 0x48, 0x11, 0x68, 0x11, 0x67, 0x11, 0x68, 0x11, 0x68, 0x11, 0x67, 0x11, 0x68, 0x11, 0x68,
    0x11, 0x67, 0x11, 0x68, 0x11, 0x68, 0x11, 0x67, 0x11, 0x68, 0x11, 0x68, 0x11, 0x67, 0x11, 0x68,
    0x11, 0x68, 0x11, 0x67, 0x11, 0x68, 0x11, 0x68, 0x11, 0x67, 0x11, 0x68, 0x11, 0x68, 0x11, 0x67,
    0x11, 0x68, 0x11, 0x68, 0x11, 0x67, 0x11, 0x68, 0x11, 0x68, 0x11, 0x67, 0x11, 0x68, 0x11, 0x68,
    0x11, 0x67, 0x11, 0x68, 0x11, 0x68, 0x11, 0x67, 0x11, 0x68, 0x11, 0x68, 0x11, 0x67, 0x11, 0x68,
    0x11, 0x68, 0x11, 0x67, 0x11, 0x68, 0x11, 0x68, 0x11, 0x67, 0x11, 0x68, 0x11, 0x68, 0x11, 0x67,
    0x11, 0x68, 0x11, 0x68, 0x11, 0x67, 0x11, 0x68, 0x11, 0x68, 0x11, 0x67, 0x11, 0x68, 0x11, 0x68,
    0x11, 0x67, 0x11, 0x68, 0x11, 0x68, 0x11, 0x67, 0x11, 0x68, 0x11, 0x68, 0x11, 0x67, 0x11, 0x68,
    0x11, 0x68, 0x11, 0x67, 0x11, 0x68, 0x11, 0x68, 0x11, 0x67, 0x11, 0x68, 0x11, 0x68, 0x11, 0x67,
    0x11, 0x68, 0x11, 0x68, 0x11, 0x67, 0x11, 0x68, 0x11, 0x68, 0x11, 0x67, 0x11, 0x68, 0x11, 0x68,
    0x11, 0x67, 0x11, 0x68, 0x11, 0x68, 0x11, 0x67, 0x11, 0x68, 0x11, 0x68, 0x11, 0x67, 0x11, 0x68,
    0x11, 0x68, 0x11, 0x67, 0x11, 0x68, 0x11, 0x68, 0x11, 0x67, 0x11, 0x68, 0x11, 0x68, 0x11, 0x67,
    0x11, 0x68, 0x11, 0x68, 0x11, 0x67, 0x11, 0x68, 0x11, 0x68, 0x11, 0x67, 0x11, 0x68, 0x11, 0x68,
    0x11, 0x67, 0x11, 0x68, 0x11, 0x68, 0x11, 0x67, 0x11, 0x68, 0x11, 0x68, 0x11, 0x67, 0x11, 0x68,
    0x11, 0x68, 0x11, 0x67, 0x11, 0x68, 0x11, 0x68, 0x11, 0x67, 0x11, 0x68, 0x11, 0x68, 0x11, 0x67,
    0x11, 0x68, 0x11, 0x48, 0x11, 0x67, 0x11, 0x48, 0x11, 0x68, 0x11, 0x47, 0x11, 0x68, 0x11, 0x48,
    0x11, 0x67, 0x11, 0x68, 0x11, 0x48, 0x11, 0x67, 0x11, 0x48, 0x11, 0x68, 0x11, 0x47, 0x11, 0x68,
    0x11, 0x48, 0x11, 0x67, 0x11, 0x48, 0x11, 0x68, 0x11, 0x47, 0x11, 0x68, 0x11, 0x48, 0x11, 0x67,
    0x11, 0x48, 0x11, 0x68, 0x11, 0x47, 0x11, 0x68, 0x11, 0x48, 0x11, 0x67, 0x11, 0x48, 0x11, 0x68,
    0x11, 0x47, 0x11, 0x68, 0x11, 0x48, 0x11, 0x67, 0x11, 0x48, 0x11, 0x68, 0x11, 0x47, 0x11, 0x68,
    0x11, 0x48, 0x11, 0x67, 0x11, 0x48, 0x11, 0x68, 0x11, 0x47, 0x11, 0x68, 0x11, 0x48, 0x11, 0x67,
    0x11, 0x48, 0x11, 0x68, 0x11, 0x47, 0x11, 0x68, 0x11, 0x48, 0x11, 0x67, 0x11, 0x48, 0x11, 0x68,
    0x11, 0x47, 0x11, 0x68, 0x11, 0x48, 0x11, 0x67, 0x11, 0x48, 0x11, 0x68, 0x11, 0x47, 0x11, 0x68,
    0x11, 0x48, 0x11, 0x67, 0x11, 0x48, 0x11, 0x68, 0x11, 0x47, 0x11, 0x68, 0x11, 0x48, 0x11, 0x67,
    0x11, 0x48, 0x11, 0x68, 0x11, 0x47, 0x11, 0x68, 0x11, 0x48, 0x11, 0x67, 0x11, 0x48, 0x11, 0x68,
    0x11, 0x47, 0x11, 0x68, 0x11, 0x48, 0x11, 0x67, 0x11, 0x48, 0x11, 0x68, 0x11, 0x47, 0x11, 0x68,
    0x11, 0x48, 0x11, 0x67, 0x11, 0x48, 0x11, 0x68, 0x11, 0x47, 0x11, 0x68, 0x11, 0x48, 0x11, 0x67,
    0x11, 0x48, 0x11, 0x68, 0x11, 0x47, 0x11, 0x68, 0x11, 0x48, 0x11, 0x67, 0x11, 0x48, 0x11, 0x68,
    0x11, 0x47, 0x11, 0x68, 0x11, 0x48, 0x11, 0x67, 0x11, 0x48, 0x11, 0x68, 0x11, 0x47, 0x11, 0x68,
    0x11, 0x48, 0x11, 0x67, 0x11, 0x48, 0x11, 0x68, 0x11, 0x47, 0x11, 0x68, 0x11, 0x48, 0x11, 0x67,
    0x11, 0x48, 0x11, 0x68, 0x11, 0x47, 0x11, 0x68, 0x11, 0x48, 0x11, 0x67, 0x11, 0x48, 0x11, 0x68,
    0x11, 0x68, 0x11, 0x68, 0x11, 0x68, 0x11, 0x68, 0x11, 0x68, 0x11, 0x68, 0x11, 0x68, 0x11, 0x68,
    0x11, 0x68, 0x11, 0x68, 0x11, 0x68, 0x11, 0x68, 0x11, 0x68, 0x11, 0x68, 0x11, 0x68, 0x11, 0x68,
    0x11, 0x68, 0x11, 0x68, 0x11, 0x68, 0x11, 0x68, 0x11, 0x68, 0x11, 0x68, 0x11, 0x68, 0x11, 0x68,
    0x11, 0x68, 0x11, 0x68, 0x11, 0x68, 0x11, 0x68, 0x11, 0x68, 0x11, 0x68, 0x11, 0x68, 0x11, 0x68,
    0x11, 0x68, 0x11, 0x68, 0x11, 0x68, 0x11, 0x68, 0x11, 0x68, 0x11, 0x68, 0x11, 0x68, 0x11, 0x68,
    0x11, 0x68, 0x11, 0x68, 0x11, 0x68, 0x11, 0x68, 0x11, 0x68, 0x11, 0x68, 0x11, 0x68, 0x11, 0x68,
    0x11, 0x68, 0x11, 0x68, 0x11, 0x68, 0x11, 0x68, 0x11, 0x68, 0x11, 0x68, 0x11, 0x68, 0x11, 0x68,
    0x11, 0x68, 0x11, 0x68, 0x11, 0x68, 0x11, 0x68, 0x11, 0x68, 0x11, 0x68, 0x11, 0x68, 0x11, 0x68,
    0x11, 0x68, 0x11, 0x68, 0x11, 0x68, 0x11, 0x68, 0x11, 0x68, 0x11, 0x68, 0x11, 0x68, 0x11, 0x68,
    0x11, 0x68, 0x11, 0x68, 0x11, 0x68, 0x11, 0x68, 0x11, 0x68, 0x11, 0x68, 0x11, 0x68, 0x11, 0x68,
    0x11, 0x68, 0x11, 0x68, 0x11, 0x68, 0x11, 0x68, 0x11, 0x68, 0x11, 0x68, 0x11, 0x68, 0x11, 0x68,
    0x11, 0x68, 0x11, 0x68, 0x11, 0x68, 0x11, 0x68, 0x11, 0x68, 0x11, 0x68, 0x11, 0x68, 0x11, 0x68,
    0x11, 0x68, 0x11, 0x68, 0x11, 0x68, 0x11, 0x68, 0x11, 0x68, 0x11, 0x68, 0x11, 0x68, 0x11, 0x68,
    0x11, 0x68, 0x11, 0x68, 0x11, 0x68, 0x11, 0x68, 0x11, 0x68, 0x11, 0x68, 0x11, 0x68, 0x11, 0x68,
    0x11, 0x68, 0x11, 0x68, 0x11, 0x68, 0x11, 0x68, 0x11, 0x68, 0x11, 0x68, 0x11, 0x68, 0x11, 0x68,
    0x11, 0x68, 0x11, 0x68, 0x11, 0x68, 0x11, 0x68, 0x11, 0x68, 0x11, 0x68, 0x11, 0x68, 0x11, 0x68,
    0x11, 0x68, 0x11, 0x68, 0x11, 0x67, 0x11, 0x68, 0x11, 0x68, 0x11, 0x67, 0x11, 0x68, 0x11, 0x68,
    0x11, 0x67, 0x11, 0x68, 0x11, 0x68, 0x11, 0x67, 0x11, 0x68, 0x11, 0x68, 0x11, 0x67, 0x11, 0x68,
    0x11, 0x68, 0x11, 0x67, 0x11, 0x68, 0x11, 0x68, 0x11, 0x67, 0x11, 0x68, 0x11, 0x68, 0x11, 0x67,
    0x11, 0x68, 0x11, 0x68, 0x11, 0x67, 0x11, 0x68, 0x11, 0x68, 0x11, 0x67, 0x11, 0x68, 0x11, 0x68,
    0x11, 0x67, 0x11, 0x68, 0x11, 0x68, 0x11, 0x67, 0x11, 0x68, 0x11, 0x68, 0x11, 0x67, 0x11, 0x68,
    0x11, 0x68, 0x11, 0x67, 0x11, 0x68, 0x11, 0x68, 0x11, 0x67, 0x11, 0x68, 0x11, 0x68, 0x11, 0x67,
    0x11, 0x68, 0x11, 0x68, 0x11, 0x67, 0x11, 0x68, 0x11, 0x68, 0x11, 0x67, 0x11, 0x68, 0x11, 0x68,
    0x11, 0x67, 0x11, 0x68, 0x11, 0x68, 0x11, 0x67, 0x11, 0x68, 0x11, 0x68, 0x11, 0x67, 0x11, 0x68,
    0x11, 0x68, 0x11, 0x67, 0x11, 0x68, 0x11, 0x68, 0x11, 0x67, 0x11, 0x68, 0x11, 0x68, 0x11, 0x67,
    0x11, 0x68, 0x11, 0x68, 0x11, 0x67, 0x11, 0x68, 0x11, 0x68, 0x11, 0x67, 0x11, 0x68, 0x11, 0x68,
    0x11, 0x67, 0x11, 0x68, 0x11, 0x68, 0x11, 0x67, 0x11, 0x68, 0x11, 0x68, 0x11, 0x67, 0x11, 0x68,
    0x11, 0x68, 0x11, 0x67, 0x11, 0x68, 0x11, 0x68, 0x11, 0x67, 0x11, 0x68, 0x11, 0x68, 0x11, 0x67,
    0x11, 0x68, 0x11, 0x68, 0x11, 0x67, 0x11, 0x68, 0x11, 0x68, 0x11, 0x67, 0x11, 0x68, 0x11, 0x68,
    0x11, 0x67, 0x11, 0x68, 0x11, 0x68, 0x11, 0x67, 0x11, 0x68, 0x11, 0x68, 0x11, 0x67, 0x11, 0x68,
    0x11, 0x68, 0x11, 0x67, 0x11, 0x68, 0x11, 0x68, 0x11, 0x67, 0x11, 0x68, 0x11, 0x68, 0x11, 0x67,
    0x11, 0x68, 0x11, 0x68, 0x11, 0x67, 0x11, 0x68, 0x11, 0x68, 0x11, 0x67, 0x11, 0x68, 0x11, 0x68,
    0x11, 0x68, 0x11, 0x68, 0x11, 0x68, 0x11, 0x68, 0x11, 0x68, 0x11, 0x68, 0x11, 0x68, 0x11, 0x68,
    0x11, 0x68, 0x11, 0x68, 0x11, 0x68, 0x11, 0x68, 0x11, 0x68, 0x11, 0x68, 0x11, 0x68, 0x11, 0x68,
    0x11, 0x68, 0x11, 0x68, 0x11, 0x68, 0x11, 0x68, 0x11, 0x68, 0x11, 0x68, 0x11, 0x68, 0x11, 0x68,
    0x11, 0x68, 0x11, 0x68, 0x11, 0x68, 0x11, 0x68, 0x11, 0x68, 0x11, 0x68, 0x11, 0x68, 0x11, 0x68,
    0x11, 0x68, 0x11, 0x68, 0x11, 0x68, 0x11, 0x68, 0x11, 0x68, 0x11, 0x68, 0x11, 0x68, 0x11, 0x68,
    0x11, 0x68, 0x11, 0x68, 0x11, 0x68, 0x11, 0x68, 0x11, 0x68, 0x11, 0x68, 0x11, 0x68, 0x11, 0x68,
    0x11, 0x68, 0x11, 0x68, 0x11, 0x68, 0x11, 0x68, 0x11, 0x68, 0x11, 0x68, 0x11, 0x68, 0x11, 0x68,
    0x11, 0x68, 0x11, 0x68, 0x11, 0x68, 0x11, 0x68, 0x11, 0x68, 0x11, 0x68, 0x11, 0x68, 0x11, 0x68,
    0x11, 0x68, 0x11, 0x68, 0x11, 0x68, 0x11, 0x68, 0x11, 0x68, 0x11, 0x68, 0x11, 0x68, 0x11, 0x68,
    0x11, 0x68, 0x11, 0x68, 0x11, 0x68, 0x11, 0x68, 0x11, 0x68, 0x11, 0x68, 0x11, 0x68, 0x11, 0x68,
    0x11, 0x68, 0x11, 0x68, 0x11, 0x68, 0x11, 0x68, 0x11, 0x68, 0x11, 0x68, 0x11, 0x68, 0x11, 0x68,
    0x11, 0x68, 0x11, 0x68, 0x11, 0x68, 0x11, 0x68, 0x11, 0x68, 0x11, 0x68, 0x11, 0x68, 0x11, 0x68,
    0x11, 0x68, 0x11, 0x68, 0x11, 0x68, 0x11, 0x68, 0x11, 0x68, 0x11, 0x68, 0x11, 0x68, 0x11, 0x68,
    0x11, 0x68, 0x11, 0x68, 0x11, 0x68, 0x11, 0x68, 0x11, 0x68, 0x11, 0x68, 0x11, 0x68, 0x11, 0x68,
    0x11, 0x68, 0x11, 0x68, 0x11, 0x68, 0x11, 0x68, 0x11, 0x68, 0x11, 0x68, 0x11, 0x68, 0x11, 0x68,
    0x11, 0x68, 0x11, 0x68, 0x11, 0x68, 0x11, 0x68, 0x11, 0x68, 0x11, 0x68, 0x11, 0x68, 0x11, 0x67,
    0x11, 0x68, 0x19, 0x67, 0x11, 0x68, 0x19, 0x67, 0x11, 0x68, 0x19, 0x68, 0x11, 0x67, 0x19, 0x68,
    0x11, 0x68, 0x19, 0x67, 0x11, 0x68, 0x19, 0x68, 0x11, 0x67, 0x19, 0x68, 0x11, 0x68, 0x19, 0x67,
    0x11, 0x68, 0x19, 0x68, 0x11, 0x67, 0x19, 0x68, 0x11, 0x68, 0x19, 0x67, 0x11, 0x68, 0x19, 0x68,
    0x11, 0x67, 0x19, 0x68, 0x11, 0x68, 0x19, 0x67, 0x11, 0x68, 0x19, 0x68, 0x11, 0x67, 0x19, 0x68,
    0x11, 0x68, 0x19, 0x67, 0x11, 0x68, 0x19, 0x68, 0x11, 0x67, 0x19, 0x68, 0x11, 0x68, 0x19, 0x67,
    0x11, 0x68, 0x19, 0x68, 0x11, 0x67, 0x19, 0x68, 0x11, 0x68, 0x19, 0x67, 0x11, 0x68, 0x19, 0x68,
    0x11, 0x67, 0x19, 0x68, 0x11, 0x68, 0x19, 0x67, 0x11, 0x68, 0x19, 0x68, 0x11, 0x67, 0x19, 0x68,
    0x11, 0x68, 0x19, 0x67, 0x11, 0x68, 0x19, 0x68, 0x11, 0x67, 0x19, 0x68, 0x11, 0x68, 0x19, 0x67,
    0x11, 0x68, 0x19, 0x68, 0x11, 0x67, 0x19, 0x68, 0x11, 0x68, 0x19, 0x67, 0x11, 0x68, 0x19, 0x68,
    0x11, 0x67, 0x19, 0x68, 0x11, 0x68, 0x19, 0x67, 0x11, 0x68, 0x19, 0x68, 0x11, 0x67, 0x19, 0x68,
    0x11, 0x68, 0x19, 0x67, 0x11, 0x68, 0x19, 0x68, 0x11, 0x67, 0x19, 0x68, 0x11, 0x68, 0x19, 0x67,
    0x11, 0x68, 0x19, 0x68, 0x11, 0x67, 0x19, 0x68, 0x11, 0x68, 0x19, 0x67, 0x11, 0x68, 0x19, 0x68,
    0x11, 0x67, 0x19, 0x68, 0x11, 0x68, 0x19, 0x67, 0x11, 0x68, 0x19, 0x68, 0x11, 0x67, 0x19, 0x68,
    0x11, 0x68, 0x19, 0x67, 0x11, 0x68, 0x19, 0x68, 0x11, 0x67, 0x19, 0x68, 0x11, 0x68, 0x19, 0x67,
    0x11, 0x68, 0x19, 0x68, 0x11, 0x67, 0x19, 0x68, 0x11, 0x68, 0x19, 0x67, 0x11, 0x68, 0x19, 0x68,
    0x11, 0x67, 0x19, 0x68, 0x11, 0x68, 0x19, 0x67, 0x11, 0x68, 0x19, 0x68, 0x11, 0x68, 0x11, 0x68,
    0x11, 0x68, 0x11, 0x68, 0x11, 0x68, 0x11, 0x68, 0x11, 0x68, 0x11, 0x68, 0x11, 0x68, 0x11, 0x68,
    0x11, 0x68, 0x11, 0x68, 0x11, 0x68, 0x11, 0x68, 0x11, 0x68, 0x11, 0x68, 0x11, 0x68, 0x11, 0x68,
    0x11, 0x68, 0x11, 0x68, 0x11, 0x68, 0x11, 0x68, 0x11, 0x68, 0x11, 0x68, 0x11, 0x68, 0x11, 0x68,
    0x11, 0x68, 0x11, 0x68, 0x11, 0x68, 0x11, 0x68, 0x11, 0x68, 0x11, 0x68, 0x11, 0x68, 0x11, 0x68,
    0x11, 0x68, 0x11, 0x68, 0x11, 0x68, 0x11, 0x68, 0x11, 0x68, 0x11, 0x68, 0x11, 0x68, 0x11, 0x68,
    0x11, 0x68, 0x11, 0x68, 0x11, 0x68, 0x11, 0x68, 0x11, 0x68, 0x11, 0x68, 0x11, 0x68, 0x11, 0x68,
    0x11, 0x68, 0x11, 0x68, 0x11, 0x68, 0x11, 0x68, 0x11, 0x68, 0x11, 0x68, 0x11, 0x68, 0x11, 0x68,
    0x11, 0x68, 0x11, 0x68, 0x11, 0x68, 0x11, 0x68, 0x11, 0x68, 0x11, 0x68, 0x11, 0x68, 0x11, 0x68,
    0x11, 0x68, 0x11, 0x68, 0x11, 0x68, 0x11, 0x68, 0x11, 0x68, 0x11, 0x68, 0x11, 0x68, 0x11, 0x68,
    0x11, 0x68, 0x11, 0x68, 0x11, 0x68, 0x11, 0x68, 0x11, 0x68, 0x11, 0x68, 0x11, 0x68, 0x11, 0x68,
    0x11, 0x68, 0x11, 0x68, 0x11, 0x68, 0x11, 0x68, 0x11, 0x68, 0x11, 0x68, 0x11, 0x68, 0x11, 0x68,
    0x11, 0x68, 0x11, 0x68, 0x11, 0x68, 0x11, 0x68, 0x11, 0x68, 0x11, 0x68, 0x11, 0x68, 0x11, 0x68,
    0x11, 0x68, 0x11, 0x68, 0x11, 0x68, 0x11, 0x68, 0x11, 0x68, 0x11, 0x68, 0x11, 0x68, 0x11, 0x68,
    0x11, 0x68, 0x11, 0x68, 0x11, 0x68, 0x11, 0x68, 0x11, 0x68, 0x11, 0x68, 0x11, 0x68, 0x11, 0x68,
    0x11, 0x68, 0x11, 0x68, 0x11, 0x68, 0x11, 0x68, 0x11, 0x68, 0x11, 0x68, 0x11, 0x68, 0x11, 0x68,
    0x11, 0x68, 0x11, 0x68, 0x11, 0x68, 0x11, 0x68, 0x11, 0x68, 0x11, 0x67, 0x19, 0x68, 0x11, 0x68,
    0x11, 0x68, 0x19, 0x88, 0x11, 0x68, 0x19, 0x68, 0x11, 0x88, 0x19, 0x68, 0x11, 0x68, 0x19, 0x88,
    0x11, 0x68, 0x19, 0x68, 0x11, 0x88, 0x19, 0x68, 0x11, 0x68, 0x19, 0x88, 0x11, 0x68, 0x19, 0x68,
    0x11, 0x88, 0x19, 0x68, 0x11, 0x68, 0x19, 0x88, 0x11, 0x68, 0x19, 0x68, 0x11, 0x88, 0x19, 0x68,
    0x11, 0x68, 0x19, 0x88, 0x11, 0x68, 0x19, 0x68, 0x11, 0x88, 0x19, 0x68, 0x11, 0x68, 0x19, 0x88,
    0x11, 0x68, 0x19, 0x68, 0x11, 0x88, 0x19, 0x68, 0x11, 0x68, 0x19, 0x88, 0x11, 0x68, 0x19, 0x68,
    0x11, 0x88, 0x19, 0x68, 0x11, 0x68, 0x19, 0x88, 0x11, 0x68, 0x19, 0x68, 0x11, 0x88, 0x19, 0x68,
    0x11, 0x68, 0x19, 0x88, 0x11, 0x68, 0x19, 0x68, 0x11, 0x88, 0x19, 0x68, 0x11, 0x68, 0x19, 0x88,
    0x11, 0x68, 0x19, 0x68, 0x11, 0x88, 0x19, 0x68, 0x11, 0x68, 0x19, 0x88, 0x11, 0x68, 0x19, 0x68,
    0x11, 0x88, 0x19, 0x68, 0x11, 0x68, 0x19, 0x88, 0x11, 0x68, 0x19, 0x68, 0x11, 0x88, 0x19, 0x68,
    0x11, 0x68, 0x19, 0x88, 0x11, 0x68, 0x19, 0x68, 0x11, 0x88, 0x19, 0x68, 0x11, 0x68, 0x19, 0x88,
    0x11, 0x68, 0x19, 0x68, 0x11, 0x88, 0x19, 0x68, 0x11, 0x68, 0x19, 0x88, 0x11, 0x68, 0x19, 0x68,
    0x11, 0x88, 0x19, 0x68, 0x11, 0x68, 0x19, 0x88, 0x11, 0x68, 0x19, 0x68, 0x11, 0x88, 0x19, 0x68,
    0x11, 0x68, 0x19, 0x88, 0x11, 0x68, 0x19, 0x68, 0x11, 0x88, 0x19, 0x68, 0x11, 0x68, 0x19, 0x88,
    0x11, 0x68, 0x19, 0x68, 0x11, 0x88, 0x19, 0x68, 0x11, 0x68, 0x19, 0x88, 0x11, 0x68, 0x19, 0x68,
    0x11, 0x88, 0x19, 0x68, 0x11, 0x68, 0x19, 0x88, 0x11, 0x68, 0x19, 0x68, 0x11, 0x88, 0x19, 0x68,
    0x11, 0x68, 0x19, 0x88, 0x11, 0x68, 0x19, 0x68, 0x11, 0x88, 0x11, 0x68, 0x11, 0x68, 0x19, 0x68,
    0x11, 0x68, 0x11, 0x68, 0x11, 0x68, 0x11, 0x68, 0x11, 0x68, 0x11, 0x68, 0x11, 0x68, 0x11, 0x68,
    0x11, 0x68, 0x11, 0x68, 0x11, 0x68, 0x11, 0x68, 0x11, 0x68, 0x11, 0x68, 0x11, 0x68, 0x11, 0x68,
    0x11, 0x68, 0x11, 0x68, 0x11, 0x68, 0x11, 0x68, 0x11, 0x68, 0x11, 0x68, 0x11, 0x68, 0x11, 0x68,
    0x11, 0x68, 0x11, 0x68, 0x11, 0x68, 0x11, 0x68, 0x11, 0x68, 0x11, 0x68, 0x11, 0x68, 0x11, 0x68,
    0x11, 0x68, 0x11, 0x68, 0x11, 0x68, 0x11, 0x68, 0x11, 0x68, 0x11, 0x68, 0x11, 0x68, 0x11, 0x68,
    0x11, 0x68, 0x11, 0x68, 0x11, 0x68, 0x11, 0x68, 0x11, 0x68, 0x11, 0x68, 0x11, 0x68, 0x11, 0x68,
    0x11, 0x68, 0x11, 0x68, 0x11, 0x68, 0x11, 0x68, 0x11, 0x68, 0x11, 0x68, 0x11, 0x68, 0x11, 0x68,
    0x11, 0x68, 0x11, 0x68, 0x11, 0x68, 0x11, 0x68, 0x11, 0x68, 0x11, 0x68, 0x11, 0x68, 0x11, 0x68,
    0x11, 0x68, 0x11, 0x68, 0x11, 0x68, 0x11, 0x68, 0x11, 0x68, 0x11, 0x68, 0x11, 0x68, 0x11, 0x68,
    0x11, 0x68, 0x11, 0x68, 0x11, 0x68, 0x11, 0x68, 0x11, 0x68, 0x11, 0x68, 0x11, 0x68, 0x11, 0x68,
    0x11, 0x68, 0x11, 0x68, 0x11, 0x68, 0x11, 0x68, 0x11, 0x68, 0x11, 0x68, 0x11, 0x68, 0x11, 0x68,
    0x11, 0x68, 0x11, 0x68, 0x11, 0x68, 0x11, 0x68, 0x11, 0x68, 0x11, 0x68, 0x11, 0x68, 0x11, 0x68,
    0x11, 0x68, 0x11, 0x68, 0x11, 0x68, 0x11, 0x68, 0x11, 0x68, 0x11, 0x68, 0x11, 0x68, 0x11, 0x68,
    0x11, 0x68, 0x11, 0x68, 0x11, 0x68, 0x11, 0x68, 0x11, 0x68, 0x11, 0x68, 0x11, 0x68, 0x11, 0x68,
    0x11, 0x68, 0x11, 0x68, 0x11, 0x68, 0x11, 0x68, 0x11, 0x68, 0x11, 0x68, 0x11, 0x68, 0x11, 0x68,
    0x11, 0x68, 0x11, 0x68, 0x11, 0x68, 0x11, 0x68, 0x19, 0x68, 0x11, 0x68, 0x19, 0x68, 0x11, 0x68,
    0x19, 0x88, 0x11, 0x68, 0x19, 0x88, 0x19, 0x68, 0x11, 0x88, 0x19, 0x68, 0x19, 0x88, 0x11, 0x68,
    0x19, 0x88, 0x19, 0x68, 0x11, 0x88, 0x19, 0x68, 0x19, 0x88, 0x11, 0x68, 0x19, 0x88, 0x19, 0x68,
    0x11, 0x88, 0x19, 0x68, 0x19, 0x88, 0x11, 0x68, 0x19, 0x88, 0x19, 0x68, 0x11, 0x88, 0x19, 0x68,
    0x19, 0x88, 0x11, 0x68, 0x19, 0x88, 0x19, 0x68, 0x11, 0x88, 0x19, 0x68, 0x19, 0x88, 0x11, 0x68,
    0x19, 0x88, 0x19, 0x68, 0x11, 0x88, 0x19, 0x68, 0x19, 0x88, 0x11, 0x68, 0x19, 0x88, 0x19, 0x68,
    0x11, 0x88, 0x19, 0x68, 0x19, 0x88, 0x11, 0x68, 0x19, 0x88, 0x19, 0x68, 0x11, 0x88, 0x19, 0x68,
    0x19, 0x88, 0x11, 0x68, 0x19, 0x88, 0x19, 0x68, 0x11, 0x88, 0x19, 0x68, 0x19, 0x88, 0x11, 0x68,
    0x19, 0x88, 0x19, 0x68, 0x11, 0x88, 0x19, 0x68, 0x19, 0x88, 0x11, 0x68, 0x19, 0x88, 0x19, 0x68,
    0x11, 0x88, 0x19, 0x68, 0x19, 0x88, 0x11, 0x68, 0x19, 0x88, 0x19, 0x68, 0x11, 0x88, 0x19, 0x68,
    0x19, 0x88, 0x11, 0x68, 0x19, 0x88, 0x19, 0x68, 0x11, 0x88, 0x19, 0x68, 0x19, 0x88, 0x11, 0x68,
    0x19, 0x88, 0x19, 0x68, 0x11, 0x88, 0x19, 0x68, 0x19, 0x88, 0x11, 0x68, 0x19, 0x88, 0x19, 0x68,
    0x11, 0x88, 0x19, 0x68, 0x19, 0x88, 0x11, 0x68, 0x19, 0x88, 0x19, 0x68, 0x11, 0x88, 0x19, 0x68,
    0x19, 0x88, 0x11, 0x68, 0x19, 0x88, 0x19, 0x68, 0x11, 0x88, 0x19, 0x68, 0x19, 0x88, 0x11, 0x68,
    0x19, 0x88, 0x19, 0x68, 0x11, 0x88, 0x19, 0x68, 0x19, 0x88, 0x11, 0x68, 0x19, 0x88, 0x19, 0x68,
    0x11, 0x88, 0x19, 0x68, 0x19, 0x88, 0x11, 0x68, 0x19, 0x88, 0x19, 0x68, 0x11, 0x88, 0x19, 0x68,
    0x19, 0x88, 0x11, 0x68, 0x19, 0x88, 0x11, 0x68, 0x19, 0x88, 0x11, 0x68, 0x11, 0x88, 0x19, 0x68,
    0x11, 0x68, 0x19, 0x88, 0x11, 0x68, 0x11, 0x68, 0x19, 0x88, 0x11, 0x68, 0x11, 0x68, 0x19, 0x88,
    0x11, 0x68, 0x11, 0x68, 0x19, 0x88, 0x11, 0x68, 0x11, 0x68, 0x19, 0x88, 0x11, 0x68, 0x11, 0x68,
    0x19, 0x88, 0x11, 0x68, 0x11, 0x68, 0x19, 0x88, 0x11, 0x68, 0x11, 0x68, 0x19, 0x88, 0x11, 0x68,
    0x11, 0x68, 0x19, 0x88, 0x11, 0x68, 0x11, 0x68, 0x19, 0x88, 0x11, 0x68, 0x11, 0x68, 0x19, 0x88,
    0x11, 0x68, 0x11, 0x68, 0x19, 0x88, 0x11, 0x68, 0x11, 0x68, 0x19, 0x88, 0x11, 0x68, 0x11, 0x68,
    0x19, 0x88, 0x11, 0x68, 0x11, 0x68, 0x19, 0x88, 0x11, 0x68, 0x11, 0x68, 0x19, 0x88, 0x11, 0x68,
    0x11, 0x68, 0x19, 0x88, 0x11, 0x68, 0x11, 0x68, 0x19, 0x88, 0x11, 0x68, 0x11, 0x68, 0x19, 0x88,
    0x11, 0x68, 0x11, 0x68, 0x19, 0x88, 0x11, 0x68, 0x11, 0x68, 0x19, 0x88, 0x11, 0x68, 0x11, 0x68,
    0x19, 0x88, 0x11, 0x68, 0x11, 0x68, 0x19, 0x88, 0x11, 0x68, 0x11, 0x68, 0x19, 0x88, 0x11, 0x68,
    0x11, 0x68, 0x19, 0x88, 0x11, 0x68, 0x11, 0x68, 0x19, 0x88, 0x11, 0x68, 0x11, 0x68, 0x19, 0x88,
    0x11, 0x68, 0x11, 0x68, 0x19, 0x88, 0x11, 0x68, 0x11, 0x68, 0x19, 0x88, 0x11, 0x68, 0x11, 0x68,
    0x19, 0x88, 0x11, 0x68, 0x11, 0x68, 0x19, 0x88, 0x11, 0x68, 0x11, 0x68, 0x19, 0x88, 0x11, 0x68,
    0x11, 0x68, 0x19, 0x88, 0x11, 0x68, 0x11, 0x68, 0x19, 0x88, 0x11, 0x68, 0x11, 0x68, 0x19, 0x88,
    0x11, 0x68, 0x11, 0x68, 0x19, 0x88, 0x11, 0x68, 0x11, 0x68, 0x19, 0x88, 0x11, 0x68, 0x11, 0x68,
    0x19, 0x88, 0x11, 0x68, 0x11, 0x68, 0x19, 0x88, 0x11, 0x68, 0x11, 0x68, 0x19, 0x88, 0x11, 0x68,
    0x11, 0x68, 0x19, 0x88, 0x11, 0x68, 0x19, 0x68, 0x11, 0x88, 0x19, 0x68, 0x11, 0x88, 0x11, 0x68,
    0x11, 0x68, 0x19, 0x68, 0x11, 0x88, 0x19, 0x68, 0x11, 0x68, 0x19, 0x88, 0x11, 0x68, 0x11, 0x68,
    0x19, 0x88, 0x11, 0x68, 0x11, 0x68, 0x19, 0x88, 0x11, 0x68, 0x11, 0x68, 0x19, 0x88, 0x11, 0x68,
    0x11, 0x68, 0x19, 0x88, 0x11, 0x68, 0x11, 0x68, 0x19, 0x88, 0x11, 0x68, 0x11, 0x68, 0x19, 0x88,
    0x11, 0x68, 0x11, 0x68, 0x19, 0x88, 0x11, 0x68, 0x11, 0x68, 0x19, 0x88, 0x11, 0x68, 0x11, 0x68,
    0x19, 0x88, 0x11, 0x68, 0x11, 0x68, 0x19, 0x88, 0x11, 0x68, 0x11, 0x68, 0x19, 0x88, 0x11, 0x68,
    0x11, 0x68, 0x19, 0x88, 0x11, 0x68, 0x11, 0x68, 0x19, 0x88, 0x11, 0x68, 0x11, 0x68, 0x19, 0x88,
    0x11, 0x68, 0x11, 0x68, 0x19, 0x88, 0x11, 0x68, 0x11, 0x68, 0x19, 0x88, 0x11, 0x68, 0x11, 0x68,
    0x19, 0x88, 0x11, 0x68, 0x11, 0x68, 0x19, 0x88, 0x11, 0x68, 0x11, 0x68, 0x19, 0x88, 0x11, 0x68,
    0x11, 0x68, 0x19, 0x88, 0x11, 0x68, 0x11, 0x68, 0x19, 0x88, 0x11, 0x68, 0x11, 0x68, 0x19, 0x88,
    0x11, 0x68, 0x11, 0x68, 0x19, 0x88, 0x11, 0x68, 0x11, 0x68, 0x19, 0x88, 0x11, 0x68, 0x11, 0x68,
    0x19, 0x88, 0x11, 0x68, 0x11, 0x68, 0x19, 0x88, 0x11, 0x68, 0x11, 0x68, 0x19, 0x88, 0x11, 0x68,
    0x11, 0x68, 0x19, 0x88, 0x11, 0x68, 0x11, 0x68, 0x19, 0x88, 0x11, 0x68, 0x11, 0x68, 0x19, 0x88,
    0x11, 0x68, 0x11, 0x68, 0x19, 0x88, 0x11, 0x68, 0x11, 0x68, 0x19, 0x88, 0x11, 0x68, 0x11, 0x68,
    0x19, 0x88, 0x11, 0x68, 0x11, 0x68, 0x19, 0x88, 0x11, 0x68, 0x11, 0x68, 0x19, 0x88, 0x11, 0x68,
    0x11, 0x68, 0x19, 0x88, 0x11, 0x68, 0x11, 0x68, 0x19, 0x88, 0x11, 0x68, 0x11, 0x68, 0x19, 0x88,
    0x11, 0x68, 0x19, 0x68, 0x11, 0x88, 0x11, 0x68, 0x19, 0x88, 0x11, 0x68, 0x19, 0x68, 0x11, 0x88,
    0x19, 0x88, 0x11, 0x68, 0x19, 0x88, 0x11, 0x68, 0x19, 0x88, 0x11, 0x68, 0x19, 0x88, 0x11, 0x68,
    0x19, 0x88, 0x19, 0x68, 0x11, 0x88, 0x19, 0x68, 0x19, 0x88, 0x11, 0x68, 0x19, 0x88, 0x19, 0x68,
    0x11, 0x88, 0x19, 0x68, 0x19, 0x88, 0x11, 0x68, 0x19, 0x88, 0x19, 0x68, 0x11, 0x88, 0x19, 0x68,
    0x19, 0x88, 0x11, 0x68, 0x19, 0x88, 0x19, 0x68, 0x11, 0x88, 0x19, 0x68, 0x19, 0x88, 0x11, 0x68,
    0x19, 0x88, 0x19, 0x68, 0x11, 0x88, 0x19, 0x68, 0x19, 0x88, 0x11, 0x68, 0x19, 0x88, 0x19, 0x68,
    0x11, 0x88, 0x19, 0x68, 0x19, 0x88, 0x11, 0x68, 0x19, 0x88, 0x19, 0x68, 0x11, 0x88, 0x19, 0x68,
    0x19, 0x88, 0x11, 0x68, 0x19, 0x88, 0x19, 0x68, 0x11, 0x88, 0x19, 0x68, 0x19, 0x88, 0x11, 0x68,
    0x19, 0x88, 0x19, 0x68, 0x11, 0x88, 0x19, 0x68, 0x19, 0x88, 0x11, 0x68, 0x19, 0x88, 0x19, 0x68,
    0x11, 0x88, 0x19, 0x68, 0x19, 0x88, 0x11, 0x68, 0x19, 0x88, 0x19, 0x68, 0x11, 0x88, 0x19, 0x68,
    0x19, 0x88, 0x11, 0x68, 0x19, 0x88, 0x19, 0x68, 0x11, 0x88, 0x19, 0x68, 0x19, 0x88, 0x11, 0x68,
    0x19, 0x88, 0x19, 0x68, 0x11, 0x88, 0x19, 0x68, 0x19, 0x88, 0x11, 0x68, 0x19, 0x88, 0x19, 0x68,
    0x11, 0x88, 0x19, 0x68, 0x19, 0x88, 0x11, 0x68, 0x19, 0x88, 0x19, 0x68, 0x11, 0x88, 0x19, 0x68,
    0x19, 0x88, 0x11, 0x68, 0x19, 0x88, 0x19, 0x68, 0x11, 0x88, 0x19, 0x68, 0x19, 0x88, 0x11, 0x68,
    0x19, 0x88, 0x19, 0x68, 0x11, 0x88, 0x19, 0x68, 0x19, 0x88, 0x11, 0x68, 0x19, 0x88, 0x19, 0x68,
    0x11, 0x88, 0x19, 0x68, 0x19, 0x88, 0x11, 0x68, 0x19, 0x88, 0x19, 0x68, 0x11, 0x88, 0x19, 0x68,
    0x11, 0x88, 0x19, 0x68, 0x11, 0x88, 0x19, 0x68, 0x11, 0x68, 0x19, 0x88, 0x11, 0x68, 0x19, 0x68,
    0x11, 0x88, 0x19, 0x68, 0x11, 0x88, 0x19, 0x88, 0x11, 0x68, 0x19, 0x88, 0x11, 0x68, 0x19, 0x88,
    0x11, 0x88, 0x19, 0x68, 0x11, 0x88, 0x11, 0x68, 0x19, 0x88, 0x11, 0x88, 0x19, 0x68, 0x11, 0x88,
    0x19, 0x88, 0x11, 0x68, 0x19, 0x88, 0x11, 0x88, 0x11, 0x68, 0x19, 0x88, 0x11, 0x88, 0x19, 0x68,
    0x11, 0x88, 0x19, 0x88, 0x11, 0x68, 0x19, 0x88, 0x11, 0x88, 0x11, 0x68, 0x19, 0x88, 0x11, 0x88,
    0x19, 0x68, 0x11, 0x88, 0x19, 0x88, 0x11, 0x68, 0x19, 0x88, 0x11, 0x88, 0x11, 0x68, 0x19, 0x88,
    0x11, 0x88, 0x19, 0x68, 0x11, 0x88, 0x19, 0x88, 0x11, 0x68, 0x19, 0x88, 0x11, 0x88, 0x11, 0x68,
    0x19, 0x88, 0x11, 0x88, 0x19, 0x68, 0x11, 0x88, 0x19, 0x88, 0x11, 0x68, 0x19, 0x88, 0x11, 0x88,
    0x11, 0x68, 0x19, 0x88, 0x11, 0x88, 0x19, 0x68, 0x11, 0x88, 0x19, 0x88, 0x11, 0x68, 0x19, 0x88,
    0x11, 0x88, 0x11, 0x68, 0x19, 0x88, 0x11, 0x88, 0x19, 0x68, 0x11, 0x88, 0x19, 0x88, 0x11, 0x68,
    0x19, 0x88, 0x11, 0x88, 0x11, 0x68, 0x19, 0x88, 0x11, 0x88, 0x19, 0x68, 0x11, 0x88, 0x19, 0x88,
    0x11, 0x68, 0x19, 0x88, 0x11, 0x88, 0x11, 0x68, 0x19, 0x88, 0x11, 0x88, 0x19, 0x68, 0x11, 0x88,
    0x19, 0x88, 0x11, 0x68, 0x19, 0x88, 0x11, 0x88, 0x11, 0x68, 0x19, 0x88, 0x11, 0x88, 0x19, 0x68,
    0x11, 0x88, 0x19, 0x88, 0x11, 0x68, 0x19, 0x88, 0x11, 0x88, 0x11, 0x68, 0x19, 0x88, 0x11, 0x88,
    0x19, 0x68, 0x11, 0x88, 0x19, 0x88, 0x11, 0x68, 0x19, 0x88, 0x11, 0x88, 0x11, 0x68, 0x19, 0x88,
    0x11, 0x88, 0x19, 0x68, 0x11, 0x88, 0x19, 0x88, 0x11, 0x68, 0x19, 0x88, 0x11, 0x88, 0x19, 0x68,
    0x11, 0x88, 0x19, 0x88, 0x11, 0x68, 0x19, 0x88, 0x11, 0x88, 0x19, 0x68, 0x11, 0x88, 0x19, 0x88,
    0x19, 0x88, 0x11, 0x88, 0x19, 0x68, 0x11, 0x88, 0x19, 0x68, 0x11, 0x88, 0x19, 0x88, 0x11, 0x68,
    0x19, 0x88, 0x11, 0x68, 0x19, 0x88, 0x19, 0x88, 0x11, 0x68, 0x19, 0x88, 0x11, 0x88, 0x19, 0x68,
    0x11, 0x88, 0x19, 0x88, 0x11, 0x68, 0x19, 0x88, 0x19, 0x88, 0x11, 0x68, 0x19, 0x88, 0x11, 0x88,
    0x19, 0x68, 0x11, 0x88, 0x19, 0x88, 0x11, 0x68, 0x19, 0x88, 0x19, 0x88, 0x11, 0x68, 0x19, 0x88,
    0x11, 0x88, 0x19, 0x68, 0x11, 0x88, 0x19, 0x88, 0x11, 0x68, 0x19, 0x88, 0x19, 0x88, 0x11, 0x68,
    0x19, 0x88, 0x11, 0x88, 0x19, 0x68, 0x11, 0x88, 0x19, 0x88, 0x11, 0x68, 0x19, 0x88, 0x19, 0x88,
    0x11, 0x68, 0x19, 0x88, 0x11, 0x88, 0x19, 0x68, 0x11, 0x88, 0x19, 0x88, 0x11, 0x68, 0x19, 0x88,
    0x19, 0x88, 0x11, 0x68, 0x19, 0x88, 0x11, 0x88, 0x19, 0x68, 0x11, 0x88, 0x19, 0x88, 0x11, 0x68,
    0x19, 0x88, 0x19, 0x88, 0x11, 0x68, 0x19, 0x88, 0x11, 0x88, 0x19, 0x68, 0x11, 0x88, 0x19, 0x88,
    0x11, 0x68, 0x19, 0x88, 0x19, 0x88, 0x11, 0x68, 0x19, 0x88, 0x11, 0x88, 0x19, 0x68, 0x11, 0x88,
    0x19, 0x88, 0x11, 0x68, 0x19, 0x88, 0x19, 0x88, 0x11, 0x68, 0x19, 0x88, 0x11, 0x88, 0x19, 0x68,
    0x11, 0x88, 0x19, 0x88, 0x11, 0x68, 0x19, 0x88, 0x19, 0x88, 0x11, 0x68, 0x19, 0x88, 0x11, 0x88,
    0x19, 0x68, 0x11, 0x88, 0x19, 0x88, 0x11, 0x68, 0x19, 0x88, 0x19, 0x88, 0x11, 0x68, 0x19, 0x88,
    0x11, 0x88, 0x19, 0x68, 0x11, 0x88, 0x19, 0x88, 0x11, 0x68, 0x19, 0x88, 0x19, 0x88, 0x11, 0x68,
    0x19, 0x88, 0x11, 0x88, 0x19, 0x68, 0x11, 0x88, 0x19, 0x88, 0x11, 0x68, 0x19, 0x88, 0x11, 0x88,
    0x19, 0x68, 0x11, 0x88, 0x19, 0x88, 0x11, 0x68, 0x19, 0x88, 0x11, 0x88, 0x19, 0x68, 0x11, 0x88,
    0x19, 0x88, 0x11, 0x68, 0x19, 0x88, 0x11, 0x88, 0x19, 0x88, 0x11, 0x68, 0x19, 0x88, 0x19, 0x68,
    0x11, 0x88, 0x19, 0x88, 0x11, 0x68, 0x19, 0x88, 0x11, 0x68, 0x19, 0x88, 0x19, 0x68, 0x11, 0x88,
    0x19, 0x68, 0x11, 0x88, 0x19, 0x68, 0x11, 0x88, 0x19, 0x68, 0x11, 0x88, 0x19, 0x68, 0x19, 0x88,
    0x11, 0x68, 0x19, 0x88, 0x11, 0x68, 0x19, 0x88, 0x11, 0x68, 0x19, 0x88, 0x11, 0x68, 0x19, 0x88,
    0x19, 0x68, 0x11, 0x88, 0x19, 0x68, 0x11, 0x88, 0x19, 0x68, 0x11, 0x88, 0x19, 0x68, 0x11, 0x88,
    0x19, 0x68, 0x19, 0x88, 0x11, 0x68, 0x19, 0x88, 0x11, 0x68, 0x19, 0x88, 0x11, 0x68, 0x19, 0x88,
    0x11, 0x68, 0x19, 0x88, 0x19, 0x68, 0x11, 0x88, 0x19, 0x68, 0x11, 0x88, 0x19, 0x68, 0x11, 0x88,
    0x19, 0x68, 0x11, 0x88, 0x19, 0x68, 0x19, 0x88, 0x11, 0x68, 0x19, 0x88, 0x11, 0x68, 0x19, 0x88,
    0x11, 0x68, 0x19, 0x88, 0x11, 0x68, 0x19, 0x88, 0x19, 0x68, 0x11, 0x88, 0x19, 0x68, 0x11, 0x88,
    0x19, 0x68, 0x11, 0x88, 0x19, 0x68, 0x11, 0x88, 0x19, 0x68, 0x19, 0x88, 0x11, 0x68, 0x19, 0x88,
    0x11, 0x68, 0x19, 0x88, 0x11, 0x68, 0x19, 0x88, 0x11, 0x68, 0x19, 0x88, 0x19, 0x68, 0x11, 0x88,
    0x19, 0x68, 0x11, 0x88, 0x19, 0x68, 0x11, 0x88, 0x19, 0x68, 0x11, 0x88, 0x19, 0x68, 0x19, 0x88,
    0x11, 0x68, 0x19, 0x88, 0x11, 0x68, 0x19, 0x88, 0x11, 0x68, 0x19, 0x88, 0x11, 0x68, 0x19, 0x88,
    0x19, 0x68, 0x11, 0x88, 0x19, 0x68, 0x11, 0x88, 0x19, 0x68, 0x11, 0x88, 0x19, 0x68, 0x11, 0x88,
    0x19, 0x68, 0x19, 0x88, 0x11, 0x68, 0x19, 0x88, 0x11, 0x68, 0x19, 0x88, 0x11, 0x68, 0x19, 0x88,
    0x11, 0x68, 0x19, 0x88, 0x11, 0x68, 0x19, 0x88, 0x11, 0x68, 0x19, 0x88, 0x11, 0x68, 0x19, 0x88,
    0x19, 0x88, 0x11, 0x88, 0x19, 0x68, 0x19, 0x88, 0x11, 0x68, 0x19, 0x88, 0x11, 0x88, 0x19, 0x88,
    0x19, 0x68, 0x11, 0x88, 0x19, 0x68, 0x19, 0x88, 0x11, 0x88, 0x19, 0x68, 0x11, 0x88, 0x19, 0x88,
    0x19, 0x88, 0x19, 0x68, 0x11, 0x88, 0x19, 0x88, 0x19, 0x88, 0x11, 0x88, 0x19, 0x88, 0x11, 0x68,
    0x19, 0x88, 0x19, 0x88, 0x19, 0x88, 0x11, 0x88, 0x19, 0x88, 0x19, 0x68, 0x11, 0x88, 0x19, 0x88,
    0x11, 0x88, 0x19, 0x88, 0x19, 0x88, 0x19, 0x68, 0x11, 0x88, 0x19, 0x88, 0x19, 0x88, 0x11, 0x88,
    0x19, 0x88, 0x11, 0x68, 0x19, 0x88, 0x19, 0x88, 0x19, 0x88, 0x11, 0x88, 0x19, 0x88, 0x19, 0x68,
    0x11, 0x88, 0x19, 0x88, 0x11, 0x88, 0x19, 0x88, 0x19, 0x88, 0x19, 0x68, 0x11, 0x88, 0x19, 0x88,
    0x19, 0x88, 0x11, 0x88, 0x19, 0x88, 0x11, 0x68, 0x19, 0x88, 0x19, 0x88, 0x19, 0x88, 0x11, 0x88,
    0x19, 0x88, 0x19, 0x68, 0x11, 0x88, 0x19, 0x88, 0x11, 0x88, 0x19, 0x88, 0x19, 0x88, 0x19, 0x68,
    0x11, 0x88, 0x19, 0x88, 0x19, 0x88, 0x11, 0x88, 0x19, 0x88, 0x11, 0x68, 0x19, 0x88, 0x19, 0x88,
    0x19, 0x88, 0x11, 0x88, 0x19, 0x88, 0x19, 0x68, 0x11, 0x88, 0x19, 0x88, 0x11, 0x88, 0x19, 0x88,
    0x19, 0x88, 0x19, 0x68, 0x11, 0x88, 0x19, 0x88, 0x19, 0x88, 0x11, 0x88, 0x19, 0x88, 0x11, 0x68,
    0x19, 0x88, 0x19, 0x88, 0x19, 0x88, 0x11, 0x88, 0x19, 0x88, 0x19, 0x68, 0x11, 0x88, 0x19, 0x88,
    0x11, 0x88, 0x19, 0x88, 0x19, 0x88, 0x19, 0x68, 0x11, 0x88, 0x19, 0x88, 0x19, 0x88, 0x11, 0x88,
    0x19, 0x88, 0x11, 0x68, 0x19, 0x88, 0x19, 0x88, 0x19, 0x88, 0x11, 0x88, 0x19, 0x88, 0x19, 0x68,
    0x19, 0x88, 0x11, 0x88, 0x19, 0x88, 0x19, 0x88, 0x19, 0x88, 0x11, 0x68, 0x19, 0x88, 0x19, 0x88,
    0x19, 0x88, 0x11, 0x88, 0x19, 0x89, 0x11, 0x88, 0x19, 0x88, 0x19, 0x88, 0x19, 0x88, 0x11, 0x88,
    0x19, 0x88, 0x19, 0x88, 0x11, 0x88, 0x19, 0x88, 0x19, 0x88, 0x11, 0x88, 0x19, 0x88, 0x11, 0x88,
    0x19, 0x88, 0x11, 0x88, 0x19, 0x88, 0x11, 0x88, 0x19, 0x88, 0x19, 0x88, 0x11, 0x88, 0x19, 0x88,
    0x11, 0x88, 0x19, 0x88, 0x11, 0x88, 0x19, 0x88, 0x11, 0x88, 0x19, 0x88, 0x19, 0x88, 0x11, 0x88,
    0x19, 0x88, 0x11, 0x88, 0x19, 0x88, 0x11, 0x88, 0x19, 0x88, 0x11, 0x88, 0x19, 0x88, 0x19, 0x88,
    0x11, 0x88, 0x19, 0x88, 0x11, 0x88, 0x19, 0x88, 0x11, 0x88, 0x19, 0x88, 0x11, 0x88, 0x19, 0x88,
    0x19, 0x88, 0x11, 0x88, 0x19, 0x88, 0x11, 0x88, 0x19, 0x88, 0x11, 0x88, 0x19, 0x88, 0x11, 0x88,
    0x19, 0x88, 0x19, 0x88, 0x11, 0x88, 0x19, 0x88, 0x11, 0x88, 0x19, 0x88, 0x11, 0x88, 0x19, 0x88,
    0x11, 0x88, 0x19, 0x88, 0x19, 0x88, 0x11, 0x88, 0x19, 0x88, 0x11, 0x88, 0x19, 0x88, 0x11, 0x88,
    0x19, 0x88, 0x11, 0x88, 0x19, 0x88, 0x19, 0x88, 0x11, 0x88, 0x19, 0x88, 0x11, 0x88, 0x19, 0x88,
    0x11, 0x88, 0x19, 0x88, 0x11, 0x88, 0x19, 0x88, 0x19, 0x88, 0x11, 0x88, 0x19, 0x88, 0x11, 0x88,
    0x19, 0x88, 0x11, 0x88, 0x19, 0x88, 0x11, 0x88, 0x19, 0x88, 0x19, 0x88, 0x11, 0x88, 0x19, 0x88,
    0x11, 0x88, 0x19, 0x88, 0x11, 0x88, 0x19, 0x88, 0x11, 0x88, 0x19, 0x88, 0x19, 0x88, 0x11, 0x88,
    0x19, 0x88, 0x11, 0x88, 0x19, 0x88, 0x11, 0x88, 0x19, 0x88, 0x11, 0x88, 0x19, 0x88, 0x19, 0x88,
    0x11, 0x88, 0x19, 0x88, 0x11, 0x88, 0x19, 0x88, 0x11, 0x88, 0x19, 0x88, 0x11, 0x88, 0x19, 0x88,
    0x11, 0x88, 0x19, 0x88, 0x11, 0x88, 0x19, 0x88, 0x11, 0x88, 0x19, 0x88, 0x11, 0x88, 0x19, 0x88,
    0x19, 0x88, 0x19, 0x88, 0x19, 0x88, 0x19, 0x88, 0x19, 0x89, 0x11, 0x88, 0x19, 0x89, 0x19, 0x88,
    0x11, 0x89, 0x19, 0x88, 0x19, 0x89, 0x11, 0x88, 0x19, 0x89, 0x19, 0x88, 0x19, 0x89, 0x19, 0x88,
    0x19, 0x89, 0x19, 0x88, 0x19, 0x89, 0x19, 0x88, 0x11, 0x89, 0x19, 0x88, 0x19, 0x89, 0x19, 0x88,
    0x19, 0x89, 0x19, 0x88, 0x19, 0x89, 0x19, 0x88, 0x19, 0x89, 0x11, 0x88, 0x19, 0x89, 0x19, 0x88,
    0x19, 0x89, 0x19, 0x88, 0x19, 0x89, 0x19, 0x88, 0x19, 0x89, 0x19, 0x88, 0x11, 0x89, 0x19, 0x88,
    0x19, 0x89, 0x19, 0x88, 0x19, 0x89, 0x19, 0x88, 0x19, 0x89, 0x19, 0x88, 0x19, 0x89, 0x11, 0x88,
    0x19, 0x89, 0x19, 0x88, 0x19, 0x89, 0x19, 0x88, 0x19, 0x89, 0x19, 0x88, 0x19, 0x89, 0x19, 0x88,
    0x11, 0x89, 0x19, 0x88, 0x19, 0x89, 0x19, 0x88, 0x19, 0x89, 0x19, 0x88, 0x19, 0x89, 0x19, 0x88,
    0x19, 0x89, 0x11, 0x88, 0x19, 0x89, 0x19, 0x88, 0x19, 0x89, 0x19, 0x88, 0x19, 0x89, 0x19, 0x88,
    0x19, 0x89, 0x19, 0x88, 0x11, 0x89, 0x19, 0x88, 0x19, 0x89, 0x19, 0x88, 0x19, 0x89, 0x19, 0x88,
    0x19, 0x89, 0x19, 0x88, 0x19, 0x89, 0x11, 0x88, 0x19, 0x89, 0x19, 0x88, 0x19, 0x89, 0x19, 0x88,
    0x19, 0x89, 0x19, 0x88, 0x19, 0x89, 0x19, 0x88, 0x11, 0x89, 0x19, 0x88, 0x19, 0x89, 0x19, 0x88,
    0x19, 0x89, 0x19, 0x88, 0x19, 0x89, 0x19, 0x88, 0x19, 0x89, 0x11, 0x88, 0x19, 0x89, 0x19, 0x88,
    0x19, 0x89, 0x19, 0x88, 0x19, 0x89, 0x19, 0x88, 0x19, 0x89, 0x19, 0x88, 0x11, 0x89, 0x19, 0x88,
    0x19, 0x89, 0x19, 0x88, 0x19, 0x89, 0x19, 0x88, 0x19, 0x89, 0x19, 0x88, 0x19, 0x89, 0x11, 0x88,
    0x19, 0x89, 0x19, 0x88, 0x19, 0x89, 0x19, 0x88, 0x19, 0x89, 0x19, 0x88, 0x19, 0x89, 0x11, 0x88,
    0x19, 0x88, 0x11, 0x89, 0x19, 0x88, 0x11, 0x88, 0x19, 0x88, 0x19, 0x88, 0x11, 0x88, 0x19, 0x88,
    0x19, 0x88, 0x19, 0x88, 0x11, 0x88, 0x19, 0x88, 0x19, 0x88, 0x11, 0x88, 0x19, 0x88, 0x11, 0x88,
    0x19, 0x88, 0x11, 0x88, 0x19, 0x88, 0x19, 0x88, 0x19, 0x88, 0x19, 0x88, 0x11, 0x88, 0x19, 0x88,
    0x11, 0x88, 0x19, 0x88, 0x11, 0x88, 0x19, 0x88, 0x19, 0x88, 0x19, 0x88, 0x19, 0x88, 0x11, 0x88,
    0x19, 0x88, 0x11, 0x88, 0x19, 0x88, 0x11, 0x88, 0x19, 0x88, 0x19, 0x88, 0x19, 0x88, 0x19, 0x88,
    0x11, 0x88, 0x19, 0x88, 0x11, 0x88, 0x19, 0x88, 0x11, 0x88, 0x19, 0x88, 0x19, 0x88, 0x19, 0x88,
    0x19, 0x88, 0x11, 0x88, 0x19, 0x88, 0x11, 0x88, 0x19, 0x88, 0x11, 0x88, 0x19, 0x88, 0x19, 0x88,
    0x19, 0x88, 0x19, 0x88, 0x11, 0x88, 0x19, 0x88, 0x11, 0x88, 0x19, 0x88, 0x11, 0x88, 0x19, 0x88,
    0x19, 0x88, 0x19, 0x88, 0x19, 0x88, 0x11, 0x88, 0x19, 0x88, 0x11, 0x88, 0x19, 0x88, 0x11, 0x88,
    0x19, 0x88, 0x19, 0x88, 0x19, 0x88, 0x19, 0x88, 0x11, 0x88, 0x19, 0x88, 0x11, 0x88, 0x19, 0x88,
    0x11, 0x88, 0x19, 0x88, 0x19, 0x88, 0x19, 0x88, 0x19, 0x88, 0x11, 0x88, 0x19, 0x88, 0x11, 0x88,
    0x19, 0x88, 0x11, 0x88, 0x19, 0x88, 0x19, 0x88, 0x19, 0x88, 0x19, 0x88, 0x11, 0x88, 0x19, 0x88,
    0x11, 0x88, 0x19, 0x88, 0x11, 0x88, 0x19, 0x88, 0x19, 0x88, 0x19, 0x88, 0x19, 0x88, 0x11, 0x88,
    0x19, 0x88, 0x11, 0x88, 0x19, 0x88, 0x11, 0x88, 0x19, 0x88, 0x19, 0x88, 0x19, 0x88, 0x19, 0x88,
    0x11, 0x88, 0x19, 0x88, 0x11, 0x88, 0x19, 0x88, 0x11, 0x88, 0x19, 0x88, 0x11, 0x88, 0x19, 0x88,
    0x19, 0x88, 0x11, 0x88, 0x19, 0x88, 0x11, 0x88, 0x19, 0x88, 0x11, 0x88, 0x19, 0x88, 0x19, 0x88,
    0x19, 0x88, 0x19, 0x88, 0x19, 0x88, 0x19, 0x89, 0x11, 0x88, 0x19, 0x88, 0x19, 0x88, 0x19, 0x88,
    0x11, 0x88, 0x19, 0x88, 0x19, 0x88, 0x19, 0x88, 0x19, 0x88, 0x19, 0x88, 0x19, 0x88, 0x19, 0x88,
    0x19, 0x88, 0x19, 0x88, 0x11, 0x88, 0x19, 0x88, 0x11, 0x88, 0x19, 0x88, 0x19, 0x88, 0x19, 0x88,
    0x19, 0x88, 0x19, 0x88, 0x19, 0x88, 0x11, 0x88, 0x19, 0x88, 0x11, 0x88, 0x19, 0x88, 0x19, 0x88,
    0x19, 0x88, 0x19, 0x88, 0x19, 0x88, 0x19, 0x88, 0x11, 0x88, 0x19, 0x88, 0x11, 0x88, 0x19, 0x88,
    0x19, 0x88, 0x19, 0x88, 0x19, 0x88, 0x19, 0x88, 0x19, 0x88, 0x11, 0x88, 0x19, 0x88, 0x11, 0x88,
    0x19, 0x88, 0x19, 0x88, 0x19, 0x88, 0x19, 0x88, 0x19, 0x88, 0x19, 0x88, 0x11, 0x88, 0x19, 0x88,
    0x11, 0x88, 0x19, 0x88, 0x19, 0x88, 0x19, 0x88, 0x19, 0x88, 0x19, 0x88, 0x19, 0x88, 0x11, 0x88,
    0x19, 0x88, 0x11, 0x88, 0x19, 0x88, 0x19, 0x88, 0x19, 0x88, 0x19, 0x88, 0x19, 0x88, 0x19, 0x88,
    0x11, 0x88, 0x19, 0x88, 0x11, 0x88, 0x19, 0x88, 0x19, 0x88, 0x19, 0x88, 0x19, 0x88, 0x19, 0x88,
    0x19, 0x88, 0x11, 0x88, 0x19, 0x88, 0x11, 0x88, 0x19, 0x88, 0x19, 0x88, 0x19, 0x88, 0x19, 0x88,
    0x19, 0x88, 0x19, 0x88, 0x11, 0x88, 0x19, 0x88, 0x11, 0x88, 0x19, 0x88, 0x19, 0x88, 0x19, 0x88,
    0x19, 0x88, 0x19, 0x88, 0x19, 0x88, 0x11, 0x88, 0x19, 0x88, 0x11, 0x88, 0x19, 0x88, 0x19, 0x88,
    0x19, 0x88, 0x19, 0x88, 0x19, 0x88, 0x19, 0x88, 0x11, 0x88, 0x19, 0x88, 0x11, 0x88, 0x19, 0x88,
    0x19, 0x88, 0x19, 0x88, 0x19, 0x88, 0x19, 0x88, 0x19, 0x88, 0x19, 0x88, 0x19, 0x88, 0x19, 0x88,
    0x19, 0x88, 0x19, 0x88, 0x19, 0x88, 0x19, 0x88, 0x19, 0x88, 0x19, 0x88, 0x11, 0x89, 0x19, 0x88,
    0x19, 0x88, 0x11, 0x89, 0x19, 0x88, 0x19, 0x88, 0x19, 0x88, 0x19, 0x89, 0x19, 0x88, 0x19, 0x89,
    0x19, 0x88, 0x19, 0x89, 0x11, 0x88, 0x19, 0x89, 0x11, 0x88, 0x19, 0x89, 0x11, 0x88, 0x19, 0x89,
    0x11, 0x88, 0x19, 0x89, 0x19, 0x88, 0x19, 0x89, 0x19, 0x88, 0x19, 0x89, 0x19, 0x88, 0x11, 0x89,
    0x19, 0x88, 0x11, 0x89, 0x19, 0x88, 0x19, 0x89, 0x19, 0x88, 0x19, 0x89, 0x19, 0x88, 0x19, 0x89,
    0x11, 0x88, 0x19, 0x89, 0x11, 0x88, 0x19, 0x89, 0x19, 0x88, 0x19, 0x89, 0x19, 0x88, 0x19, 0x89,
    0x19, 0x88, 0x11, 0x89, 0x19, 0x88, 0x11, 0x89, 0x19, 0x88, 0x19, 0x89, 0x19, 0x88, 0x19, 0x89,
    0x19, 0x88, 0x19, 0x89, 0x11, 0x88, 0x19, 0x89, 0x11, 0x88, 0x19, 0x89, 0x19, 0x88, 0x19, 0x89,
    0x19, 0x88, 0x19, 0x89, 0x19, 0x88, 0x11, 0x89, 0x19, 0x88, 0x11, 0x89, 0x19, 0x88, 0x19, 0x89,
    0x19, 0x88, 0x19, 0x89, 0x19, 0x88, 0x19, 0x89, 0x11, 0x88, 0x19, 0x89, 0x11, 0x88, 0x19, 0x89,
    0x19, 0x88, 0x19, 0x89, 0x19, 0x88, 0x19, 0x89, 0x19, 0x88, 0x11, 0x89, 0x19, 0x88, 0x11, 0x89,
    0x19, 0x88, 0x19, 0x89, 0x19, 0x88, 0x19, 0x89, 0x19, 0x88, 0x19, 0x89, 0x11, 0x88, 0x19, 0x89,
    0x11, 0x88, 0x19, 0x89, 0x19, 0x88, 0x19, 0x89, 0x19, 0x88, 0x19, 0x89, 0x19, 0x88, 0x11, 0x89,
    0x19, 0x88, 0x11, 0x89, 0x19, 0x88, 0x19, 0x89, 0x19, 0x88, 0x19, 0x89, 0x19, 0x88, 0x19, 0x89,
    0x11, 0x88, 0x19, 0x89, 0x11, 0x88, 0x19, 0x89, 0x19, 0x88, 0x19, 0x89, 0x19, 0x88, 0x19, 0x89,
    0x19, 0x88, 0x11, 0x89, 0x19, 0x88, 0x11, 0x89, 0x19, 0x88, 0x19, 0x89, 0x11, 0x88, 0x19, 0x89,
    0x11, 0x88, 0x19, 0x89, 0x11, 0x88, 0x19, 0x89, 0x11, 0x88, 0x19, 0x88, 0x19, 0x88, 0x19, 0x88,
    0x19, 0x88, 0x19, 0x88, 0x19, 0x89, 0x19, 0x88, 0x11, 0x89, 0x19, 0x88, 0x11, 0x88, 0x19, 0x88,
    0x19, 0x88, 0x19, 0x88, 0x19, 0x88, 0x19, 0x88, 0x19, 0x88, 0x19, 0x88, 0x19, 0x88, 0x19, 0x88,
    0x19, 0x88, 0x19, 0x88, 0x19, 0x88, 0x11, 0x88, 0x19, 0x88, 0x19, 0x88, 0x19, 0x88, 0x19, 0x88,
    0x19, 0x88, 0x19, 0x88, 0x19, 0x88, 0x19, 0x88, 0x11, 0x88, 0x19, 0x88, 0x19, 0x88, 0x19, 0x88,
    0x19, 0x88, 0x19, 0x88, 0x19, 0x88, 0x19, 0x88, 0x19, 0x88, 0x11, 0x88, 0x19, 0x88, 0x19, 0x88,
    0x19, 0x88, 0x19, 0x88, 0x19, 0x88, 0x19, 0x88, 0x19, 0x88, 0x19, 0x88, 0x11, 0x88, 0x19, 0x88,
    0x19, 0x88, 0x19, 0x88, 0x19, 0x88, 0x19, 0x88, 0x19, 0x88, 0x19, 0x88, 0x19, 0x88, 0x11, 0x88,
    0x19, 0x88, 0x19, 0x88, 0x19, 0x88, 0x19, 0x88, 0x19, 0x88, 0x19, 0x88, 0x19, 0x88, 0x19, 0x88,
    0x11, 0x88, 0x19, 0x88, 0x19, 0x88, 0x19, 0x88, 0x19, 0x88, 0x19, 0x88, 0x19, 0x88, 0x19, 0x88,
    0x19, 0x88, 0x11, 0x88, 0x19, 0x88, 0x19, 0x88, 0x19, 0x88, 0x19, 0x88, 0x19, 0x88, 0x19, 0x88,
    0x19, 0x88, 0x19, 0x88, 0x11, 0x88, 0x19, 0x88, 0x19, 0x88, 0x19, 0x88, 0x19, 0x88, 0x19, 0x88,
    0x19, 0x88, 0x19, 0x88, 0x19, 0x88, 0x11, 0x88, 0x19, 0x88, 0x19, 0x88, 0x19, 0x88, 0x19, 0x88,
    0x19, 0x88, 0x19, 0x88, 0x19, 0x88, 0x19, 0x88, 0x11, 0x88, 0x19, 0x88, 0x19, 0x88, 0x19, 0x88,
    0x19, 0x88, 0x19, 0x88, 0x19, 0x88, 0x19, 0x88, 0x19, 0x88, 0x11, 0x88, 0x19, 0x88, 0x19, 0x88,
    0x19, 0x88, 0x19, 0x88, 0x19, 0x88, 0x19, 0x88, 0x19, 0x88, 0x19, 0x88, 0x19, 0x88, 0x19, 0x88,
    0x19, 0x88, 0x19, 0x88, 0x19, 0x88, 0x19, 0x88, 0x19, 0x89, 0x19, 0x88, 0x19, 0x89, 0x19, 0x88,
    0x19, 0x89, 0x19, 0x88, 0x11, 0x88, 0x19, 0x88, 0x19, 0x88, 0x19, 0x89, 0x19, 0x88, 0x19, 0x89,
    0x11, 0x88, 0x19, 0x89, 0x19, 0x88, 0x19, 0x89, 0x19, 0x88, 0x19, 0x89, 0x19, 0x88, 0x19, 0x89,
    0x19, 0x88, 0x11, 0x89, 0x19, 0x88, 0x19, 0x89, 0x19, 0x88, 0x11, 0x89, 0x19, 0x88, 0x19, 0x89,
    0x19, 0x88, 0x19, 0x89, 0x11, 0x88, 0x19, 0x89, 0x19, 0x88, 0x19, 0x89, 0x11, 0x88, 0x19, 0x89,
    0x19, 0x88, 0x19, 0x89, 0x19, 0x88, 0x11, 0x89, 0x19, 0x88, 0x19, 0x89, 0x19, 0x88, 0x11, 0x89,
    0x19, 0x88, 0x19, 0x89, 0x19, 0x88, 0x19, 0x89, 0x11, 0x88, 0x19, 0x89, 0x19, 0x88, 0x19, 0x89,
    0x11, 0x88, 0x19, 0x89, 0x19, 0x88, 0x19, 0x89, 0x19, 0x88, 0x11, 0x89, 0x19, 0x88, 0x19, 0x89,
    0x19, 0x88, 0x11, 0x89, 0x19, 0x88, 0x19, 0x89, 0x19, 0x88, 0x19, 0x89, 0x11, 0x88, 0x19, 0x89,
    0x19, 0x88, 0x19, 0x89, 0x11, 0x88, 0x19, 0x89, 0x19, 0x88, 0x19, 0x89, 0x19, 0x88, 0x11, 0x89,
    0x19, 0x88, 0x19, 0x89, 0x19, 0x88, 0x11, 0x89, 0x19, 0x88, 0x19, 0x89, 0x19, 0x88, 0x19, 0x89,
    0x11, 0x88, 0x19, 0x89, 0x19, 0x88, 0x19, 0x89, 0x11, 0x88, 0x19, 0x89, 0x19, 0x88, 0x19, 0x89,
    0x19, 0x88, 0x11, 0x89, 0x19, 0x88, 0x19, 0x89, 0x19, 0x88, 0x11, 0x89, 0x19, 0x88, 0x19, 0x89,
    0x19, 0x88, 0x19, 0x89, 0x11, 0x88, 0x19, 0x89, 0x19, 0x88, 0x19, 0x89, 0x11, 0x88, 0x19, 0x89,
    0x19, 0x88, 0x19, 0x89, 0x19, 0x88, 0x11, 0x89, 0x19, 0x88, 0x19, 0x89, 0x19, 0x88, 0x11, 0x89,
    0x19, 0x88, 0x19, 0x89, 0x19, 0x88, 0x11, 0x89, 0x19, 0x88, 0x19, 0x89, 0x19, 0x88, 0x19, 0x89,
    0x19, 0x88, 0x19, 0x89, 0x19, 0x88, 0x19, 0x89, 0x19, 0x88, 0x19, 0x88, 0x11, 0x88, 0x19, 0x88,
    0x19, 0xA8, 0x19, 0x88, 0x19, 0xA9, 0x19, 0xA8, 0x19, 0x89, 0x19, 0xA8, 0x19, 0xA8, 0x19, 0x88,
    0x19, 0xA9, 0x19, 0xA8, 0x19, 0x88, 0x19, 0xA9, 0x19, 0xA8, 0x19, 0x88, 0x19, 0xA9, 0x19, 0xA8,
    0x19, 0x88, 0x19, 0xA9, 0x19, 0xA8, 0x19, 0x88, 0x19, 0xA9, 0x19, 0xA8, 0x19, 0x88, 0x19, 0xA9,
    0x19, 0xA8, 0x19, 0x88, 0x19, 0xA9, 0x19, 0xA8, 0x19, 0x88, 0x19, 0xA9, 0x19, 0xA8, 0x19, 0x88,
    0x19, 0xA9, 0x19, 0xA8, 0x19, 0x88, 0x19, 0xA9, 0x19, 0xA8, 0x19, 0x88, 0x19, 0xA9, 0x19, 0xA8,
    0x19, 0x88, 0x19, 0xA9, 0x19, 0xA8, 0x19, 0x88, 0x19, 0xA9, 0x19, 0xA8, 0x19, 0x88, 0x19, 0xA9,
    0x19, 0xA8, 0x19, 0x88, 0x19, 0xA9, 0x19, 0xA8, 0x19, 0x88, 0x19, 0xA9, 0x19, 0xA8, 0x19, 0x88,
    0x19, 0xA9, 0x19, 0xA8, 0x19, 0x88, 0x19, 0xA9, 0x19, 0xA8, 0x19, 0x88, 0x19, 0xA9, 0x19, 0xA8,
    0x19, 0x88, 0x19, 0xA9, 0x19, 0xA8, 0x19, 0x88, 0x19, 0xA9, 0x19, 0xA8, 0x19, 0x88, 0x19, 0xA9,
    0x19, 0xA8, 0x19, 0x88, 0x19, 0xA9, 0x19, 0xA8, 0x19, 0x88, 0x19, 0xA9, 0x19, 0xA8, 0x19, 0x88,
    0x19, 0xA9, 0x19, 0xA8, 0x19, 0x88, 0x19, 0xA9, 0x19, 0xA8, 0x19, 0x88, 0x19, 0xA9, 0x19, 0xA8,
    0x19, 0x88, 0x19, 0xA9, 0x19, 0xA8, 0x19, 0x88, 0x19, 0xA9, 0x19, 0xA8, 0x19, 0x88, 0x19, 0xA9,
    0x19, 0xA8, 0x19, 0x88, 0x19, 0xA9, 0x19, 0xA8, 0x19, 0x88, 0x19, 0xA9, 0x19, 0xA8, 0x19, 0x88,
    0x19, 0xA9, 0x19, 0xA8, 0x19, 0x88, 0x19, 0xA9, 0x19, 0xA8, 0x19, 0x88, 0x19, 0xA9, 0x19, 0xA8,
    0x19, 0x88, 0x19, 0xA9, 0x19, 0xA8, 0x19, 0x88, 0x19, 0xA9, 0x19, 0xA8, 0x19, 0x88, 0x19, 0xA9,
    0x19, 0xA8, 0x19, 0x88, 0x19, 0xA9, 0x19, 0xA8, 0x19, 0x88, 0x19, 0xA9, 0x19, 0xA8, 0x19, 0x89,
    0x19, 0x88, 0x19, 0xA9, 0x19, 0x88, 0x19, 0x88, 0x19, 0xA8, 0x19, 0x89, 0x19, 0x88, 0x19, 0xA9,
    0x19, 0x88, 0x19, 0x88, 0x19, 0xA9, 0x19, 0x88, 0x19, 0x88, 0x19, 0xA9, 0x19, 0x88, 0x19, 0x88,
    0x19, 0xA9, 0x19, 0x88, 0x19, 0x88, 0x19, 0xA9, 0x19, 0x88, 0x19, 0x88, 0x19, 0xA9, 0x19, 0x88,
    0x19, 0x88, 0x19, 0xA9, 0x19, 0x88, 0x19, 0x88, 0x19, 0xA9, 0x19, 0x88, 0x19, 0x88, 0x19, 0xA9,
    0x19, 0x88, 0x19, 0x88, 0x19, 0xA9, 0x19, 0x88, 0x19, 0x88, 0x19, 0xA9, 0x19, 0x88, 0x19, 0x88,
    0x19, 0xA9, 0x19, 0x88, 0x19, 0x88, 0x19, 0xA9, 0x19, 0x88, 0x19, 0x88, 0x19, 0xA9, 0x19, 0x88,
    0x19, 0x88, 0x19, 0xA9, 0x19, 0x88, 0x19, 0x88, 0x19, 0xA9, 0x19, 0x88, 0x19, 0x88, 0x19, 0xA9,
    0x19, 0x88, 0x19, 0x88, 0x19, 0xA9, 0x19, 0x88, 0x19, 0x88, 0x19, 0xA9, 0x19, 0x88, 0x19, 0x88,
    0x19, 0xA9, 0x19, 0x88, 0x19, 0x88, 0x19, 0xA9, 0x19, 0x88, 0x19, 0x88, 0x19, 0xA9, 0x19, 0x88,
    0x19, 0x88, 0x19, 0xA9, 0x19, 0x88, 0x19, 0x88, 0x19, 0xA9, 0x19, 0x88, 0x19, 0x88, 0x19, 0xA9,
    0x19, 0x88, 0x19, 0x88, 0x19, 0xA9, 0x19, 0x88, 0x19, 0x88, 0x19, 0xA9, 0x19, 0x88, 0x19, 0x88,
    0x19, 0xA9, 0x19, 0x88, 0x19, 0x88, 0x19, 0xA9, 0x19, 0x88, 0x19, 0x88, 0x19, 0xA9, 0x19, 0x88,
    0x19, 0x88, 0x19, 0xA9, 0x19, 0x88, 0x19, 0x88, 0x19, 0xA9, 0x19, 0x88, 0x19, 0x88, 0x19, 0xA9,
    0x19, 0x88, 0x19, 0x88, 0x19, 0xA9, 0x19, 0x88, 0x19, 0x88, 0x19, 0xA9, 0x19, 0x88, 0x19, 0x88,
    0x19, 0xA9, 0x19, 0x88, 0x19, 0x88, 0x19, 0xA9, 0x19, 0x88, 0x19, 0x88, 0x19, 0xA9, 0x19, 0x88,
    0x19, 0x88, 0x19, 0xA9, 0x19, 0x88, 0x19, 0x88, 0x19, 0xA9, 0x19, 0x88, 0x19, 0x88, 0x19, 0xA8,
    0x19, 0x88, 0x19, 0x88, 0x19, 0xA9, 0x19, 0x88, 0x19, 0x89, 0x19, 0xA8, 0x19, 0x88, 0x19, 0x88,
    0x19, 0xA9, 0x19, 0x88, 0x19, 0x88, 0x19, 0xA9, 0x19, 0x88, 0x19, 0x88, 0x19, 0xA9, 0x19, 0x88,
    0x19, 0x88, 0x19, 0xA9, 0x19, 0x88, 0x19, 0x88, 0x19, 0xA9, 0x19, 0x88, 0x19, 0x88, 0x19, 0xA9,
    0x19, 0x88, 0x19, 0x88, 0x19, 0xA9, 0x19, 0x88, 0x19, 0x88, 0x19, 0xA9, 0x19, 0x88, 0x19, 0x88,
    0x19, 0xA9, 0x19, 0x88, 0x19, 0x88, 0x19, 0xA9, 0x19, 0x88, 0x19, 0x88, 0x19, 0xA9, 0x19, 0x88,
    0x19, 0x88, 0x19, 0xA9, 0x19, 0x88, 0x19, 0x88, 0x19, 0xA9, 0x19, 0x88, 0x19, 0x88, 0x19, 0xA9,
    0x19, 0x88, 0x19, 0x88, 0x19, 0xA9, 0x19, 0x88, 0x19, 0x88, 0x19, 0xA9, 0x19, 0x88, 0x19, 0x88,
    0x19, 0xA9, 0x19, 0x88, 0x19, 0x88, 0x19, 0xA9, 0x19, 0x88, 0x19, 0x88, 0x19, 0xA9, 0x19, 0x88,
    0x19, 0x88, 0x19, 0xA9, 0x19, 0x88, 0x19, 0x88, 0x19, 0xA9, 0x19, 0x88, 0x19, 0x88, 0x19, 0xA9,
    0x19, 0x88, 0x19, 0x88, 0x19, 0xA9, 0x19, 0x88, 0x19, 0x88, 0x19, 0xA9, 0x19, 0x88, 0x19, 0x88,
    0x19, 0xA9, 0x19, 0x88, 0x19, 0x88, 0x19, 0xA9, 0x19, 0x88, 0x19, 0x88, 0x19, 0xA9, 0x19, 0x88,
    0x19, 0x88, 0x19, 0xA9, 0x19, 0x88, 0x19, 0x88, 0x19, 0xA9, 0x19, 0x88, 0x19, 0x88, 0x19, 0xA9,
    0x19, 0x88, 0x19, 0x88, 0x19, 0xA9, 0x19, 0x88, 0x19, 0x88, 0x19, 0xA9, 0x19, 0x88, 0x19, 0x88,
    0x19, 0xA9, 0x19, 0x88, 0x19, 0x88, 0x19, 0xA9, 0x19, 0x88, 0x19, 0x88, 0x19, 0xA9, 0x19, 0x88,
    0x19, 0x88, 0x19, 0xA9, 0x19, 0x88, 0x19, 0x88, 0x19, 0xA9, 0x19, 0x88, 0x19, 0x88, 0x19, 0xA9,
    0x19, 0x88, 0x19, 0x88, 0x19, 0xA9, 0x19, 0x88, 0x19, 0x88, 0x19, 0xA9, 0x19, 0x88, 0x19, 0x89,
    0x19, 0xA9, 0x19, 0x88, 0x19, 0xA9, 0x19, 0x88, 0x19, 0xA8, 0x19, 0x89, 0x19, 0xA8, 0x19, 0x89,
    0x19, 0xA8, 0x19, 0x89, 0x19, 0xA8, 0x19, 0x88, 0x19, 0xA9, 0x19, 0x88, 0x19, 0xA8, 0x19, 0x89,
    0x19, 0xA8, 0x19, 0x88, 0x19, 0xA9, 0x19, 0x88, 0x19, 0xA8, 0x19, 0x89, 0x19, 0xA8, 0x19, 0x88,
    0x19, 0xA9, 0x19, 0x88, 0x19, 0xA8, 0x19, 0x89, 0x19, 0xA8, 0x19, 0x88, 0x19, 0xA9, 0x19, 0x88,
    0x19, 0xA8, 0x19, 0x89, 0x19, 0xA8, 0x19, 0x88, 0x19, 0xA9, 0x19, 0x88, 0x19, 0xA8, 0x19, 0x89,
    0x19, 0xA8, 0x19, 0x88, 0x19, 0xA9, 0x19, 0x88, 0x19, 0xA8, 0x19, 0x89, 0x19, 0xA8, 0x19, 0x88,
    0x19, 0xA9, 0x19, 0x88, 0x19, 0xA8, 0x19, 0x89, 0x19, 0xA8, 0x19, 0x88, 0x19, 0xA9, 0x19, 0x88,
    0x19, 0xA8, 0x19, 0x89, 0x19, 0xA8, 0x19, 0x88, 0x19, 0xA9, 0x19, 0x88, 0x19, 0xA8, 0x19, 0x89,
    0x19, 0xA8, 0x19, 0x88, 0x19, 0xA9, 0x19, 0x88, 0x19, 0xA8, 0x19, 0x89, 0x19, 0xA8, 0x19, 0x88,
    0x19, 0xA9, 0x19, 0x88, 0x19, 0xA8, 0x19, 0x89, 0x19, 0xA8, 0x19, 0x88, 0x19, 0xA9, 0x19, 0x88,
    0x19, 0xA8, 0x19, 0x89, 0x19, 0xA8, 0x19, 0x88, 0x19, 0xA9, 0x19, 0x88, 0x19, 0xA8, 0x19, 0x89,
    0x19, 0xA8, 0x19, 0x88, 0x19, 0xA9, 0x19, 0x88, 0x19, 0xA8, 0x19, 0x89, 0x19, 0xA8, 0x19, 0x88,
    0x19, 0xA9, 0x19, 0x88, 0x19, 0xA8, 0x19, 0x89, 0x19, 0xA8, 0x19, 0x88, 0x19, 0xA9, 0x19, 0x88,
    0x19, 0xA8, 0x19, 0x89, 0x19, 0xA8, 0x19, 0x88, 0x19, 0xA9, 0x19, 0x88, 0x19, 0xA8, 0x19, 0x89,
    0x19, 0xA8, 0x19, 0x88, 0x19, 0xA9, 0x19, 0x88, 0x19, 0xA8, 0x19, 0x89, 0x19, 0xA8, 0x19, 0x88,
    0x19, 0xA9, 0x19, 0x88, 0x19, 0xA8, 0x19, 0x89, 0x19, 0xA8, 0x19, 0x89, 0x19, 0xA8, 0x19, 0x89,
    0x19, 0xA8, 0x19, 0x89, 0x19, 0xA8, 0x19, 0xA9, 0x19, 0x88, 0x19, 0xA9, 0x19, 0x88, 0x19, 0xA9,
    0x19, 0xA8, 0x19, 0x88, 0x19, 0xA9, 0x19, 0x88, 0x19, 0xA9, 0x19, 0xA8, 0x19, 0x89, 0x19, 0xA8,
    0x19, 0xA9, 0x19, 0x88, 0x19, 0xA9, 0x19, 0xA8, 0x19, 0x89, 0x19, 0xA8, 0x19, 0xA9, 0x19, 0x88,
    0x19, 0xA9, 0x19, 0xA8, 0x19, 0x89, 0x19, 0xA8, 0x19, 0xA9, 0x19, 0x88, 0x19, 0xA9, 0x19, 0xA8,
    0x19, 0x89, 0x19, 0xA8, 0x19, 0xA9, 0x19, 0x88, 0x19, 0xA9, 0x19, 0xA8, 0x19, 0x89, 0x19, 0xA8,
    0x19, 0xA9, 0x19, 0x88, 0x19, 0xA9, 0x19, 0xA8, 0x19, 0x89, 0x19, 0xA8, 0x19, 0xA9, 0x19, 0x88,
    0x19, 0xA9, 0x19, 0xA8, 0x19, 0x89, 0x19, 0xA8, 0x19, 0xA9, 0x19, 0x88, 0x19, 0xA9, 0x19, 0xA8,
    0x19, 0x89, 0x19, 0xA8, 0x19, 0xA9, 0x19, 0x88, 0x19, 0xA9, 0x19, 0xA8, 0x19, 0x89, 0x19, 0xA8,
    0x19, 0xA9, 0x19, 0x88, 0x19, 0xA9, 0x19, 0xA8, 0x19, 0x89, 0x19, 0xA8, 0x19, 0xA9, 0x19, 0x88,
    0x19, 0xA9, 0x19, 0xA8, 0x19, 0x89, 0x19, 0xA8, 0x19, 0xA9, 0x19, 0x88, 0x19, 0xA9, 0x19, 0xA8,
    0x19, 0x89, 0x19, 0xA8, 0x19, 0xA9, 0x19, 0x88, 0x19, 0xA9, 0x19, 0xA8, 0x19, 0x89, 0x19, 0xA8,
    0x19, 0xA9, 0x19, 0x88, 0x19, 0xA9, 0x19, 0xA8, 0x19, 0x89, 0x19, 0xA8, 0x19, 0xA9, 0x19, 0x88,
    0x19, 0xA9, 0x19, 0xA8, 0x19, 0x89, 0x19, 0xA8, 0x19, 0xA9, 0x19, 0x88, 0x19, 0xA9, 0x19, 0xA8,
    0x19, 0x89, 0x19, 0xA8, 0x19, 0xA9, 0x19, 0x88, 0x19, 0xA9, 0x19, 0xA8, 0x19, 0x89, 0x19, 0xA8,
    0x19, 0xA9, 0x19, 0x88, 0x19, 0xA9, 0x19, 0xA8, 0x19, 0x89, 0x19, 0xA8, 0x19, 0xA9, 0x19, 0x88,
    0x19, 0xA9, 0x19, 0xA8, 0x19, 0x89, 0x19, 0xA8, 0x19, 0xA9, 0x19, 0x88, 0x19, 0xA9, 0x19, 0xA8,
    0x19, 0xA9, 0x19, 0xA8, 0x19, 0x89, 0x19, 0xA8, 0x19, 0x89, 0x19, 0xA8, 0x19, 0xA9, 0x19, 0x88,
    0x19, 0xA9, 0x19, 0x88, 0x19, 0xA9, 0x19, 0xA8, 0x19, 0x89, 0x19, 0xA8, 0x19, 0xA9, 0x19, 0x88,
    0x19, 0xA9, 0x19, 0xA8, 0x19, 0x89, 0x19, 0xA8, 0x19, 0xA9, 0x19, 0x88, 0x19, 0xA9, 0x19, 0xA8,
    0x19, 0x89, 0x19, 0xA8, 0x19, 0xA9, 0x19, 0x88, 0x19, 0xA9, 0x19, 0xA8, 0x19, 0x89, 0x19, 0xA8,
    0x19, 0xA9, 0x19, 0x88, 0x19, 0xA9, 0x19, 0xA8, 0x19, 0x89, 0x19, 0xA8, 0x19, 0xA9, 0x19, 0x88,
    0x19, 0xA9, 0x19, 0xA8, 0x19, 0x89, 0x19, 0xA8, 0x19, 0xA9, 0x19, 0x88, 0x19, 0xA9, 0x19, 0xA8,
    0x19, 0x89, 0x19, 0xA8, 0x19, 0xA9, 0x19, 0x88, 0x19, 0xA9, 0x19, 0xA8, 0x19, 0x89, 0x19, 0xA8,
    0x19, 0xA9, 0x19, 0x88, 0x19, 0xA9, 0x19, 0xA8, 0x19, 0x89, 0x19, 0xA8, 0x19, 0xA9, 0x19, 0x88,
    0x19, 0xA9, 0x19, 0xA8, 0x19, 0x89, 0x19, 0xA8, 0x19, 0xA9, 0x19, 0x88, 0x19, 0xA9, 0x19, 0xA8,
    0x19, 0x89, 0x19, 0xA8, 0x19, 0xA9, 0x19, 0x88, 0x19, 0xA9, 0x19, 0xA8, 0x19, 0x89, 0x19, 0xA8,
    0x19, 0xA9, 0x19, 0x88, 0x19, 0xA9, 0x19, 0xA8, 0x19, 0x89, 0x19, 0xA8, 0x19, 0xA9, 0x19, 0x88,
    0x19, 0xA9, 0x19, 0xA8, 0x19, 0x89, 0x19, 0xA8, 0x19, 0xA9, 0x19, 0x88, 0x19, 0xA9, 0x19, 0xA8,
    0x19, 0x89, 0x19, 0xA8, 0x19, 0xA9, 0x19, 0x88, 0x19, 0xA9, 0x19, 0xA8, 0x19, 0x89, 0x19, 0xA8,
    0x19, 0xA9, 0x19, 0x88, 0x19, 0xA9, 0x19, 0xA8, 0x19, 0x89, 0x19, 0xA8, 0x19, 0xA9, 0x19, 0x88,
    0x19, 0xA9, 0x19, 0xA8, 0x19, 0x89, 0x19, 0xA8, 0x19, 0xA9, 0x19, 0x88, 0x19, 0xA9, 0x19, 0xA8,
    0x19, 0x89, 0x19, 0xA8, 0x19, 0xA9, 0x19, 0x88, 0x19, 0xA8, 0x19, 0xA9, 0x19, 0x88, 0x19, 0xA9,
    0x19, 0xA8, 0x19, 0x89, 0x19, 0xA8, 0x19, 0xA8, 0x19, 0xA9, 0x19, 0x88, 0x19, 0xA8, 0x19, 0x89,
    0x19, 0xA8, 0x19, 0xA9, 0x19, 0x88, 0x19, 0xA9, 0x19, 0x88, 0x19, 0xA9, 0x19, 0x88, 0x19, 0xA9,
    0x19, 0x88, 0x19, 0xA9, 0x19, 0x88, 0x19, 0xA9, 0x19, 0x88, 0x19, 0xA9, 0x19, 0x88, 0x19, 0xA9,
    0x19, 0x88, 0x19, 0xA9, 0x19, 0x88, 0x19, 0xA9, 0x19, 0x88, 0x19, 0xA9, 0x19, 0x88, 0x19, 0xA9,
    0x19, 0x88, 0x19, 0xA9, 0x19, 0x88, 0x19, 0xA9, 0x19, 0x88, 0x19, 0xA9, 0x19, 0x88, 0x19, 0xA9,
    0x19, 0x88, 0x19, 0xA9, 0x19, 0x88, 0x19, 0xA9, 0x19, 0x88, 0x19, 0xA9, 0x19, 0x88, 0x19, 0xA9,
    0x19, 0x88, 0x19, 0xA9, 0x19, 0x88, 0x19, 0xA9, 0x19, 0x88, 0x19, 0xA9, 0x19, 0x88, 0x19, 0xA9,
    0x19, 0x88, 0x19, 0xA9, 0x19, 0x88, 0x19, 0xA9, 0x19, 0x88, 0x19, 0xA9, 0x19, 0x88, 0x19, 0xA9,
    0x19, 0x88, 0x19, 0xA9, 0x19, 0x88, 0x19, 0xA9, 0x19, 0x88, 0x19, 0xA9, 0x19, 0x88, 0x19, 0xA9,
    0x19, 0x88, 0x19, 0xA9, 0x19, 0x88, 0x19, 0xA9, 0x19, 0x88, 0x19, 0xA9, 0x19, 0x88, 0x19, 0xA9,
    0x19, 0x88, 0x19, 0xA9, 0x19, 0x88, 0x19, 0xA9, 0x19, 0x88, 0x19, 0xA9, 0x19, 0x88, 0x19, 0xA9,
    0x19, 0x88, 0x19, 0xA9, 0x19, 0x88, 0x19, 0xA9, 0x19, 0x88, 0x19, 0xA9, 0x19, 0x88, 0x19, 0xA9,
    0x19, 0x88, 0x19, 0xA9, 0x19, 0x88, 0x19, 0xA9, 0x19, 0x88, 0x19, 0xA9, 0x19, 0x88, 0x19, 0xA9,
    0x19, 0x88, 0x19, 0xA9, 0x19, 0x88, 0x19, 0xA9, 0x19, 0x88, 0x19, 0xA9, 0x19, 0x88, 0x19, 0xA9,
    0x19, 0x88, 0x19, 0xA9, 0x19, 0x88, 0x19, 0xA9, 0x19, 0x88, 0x19, 0xA9, 0x19, 0x88, 0x19, 0xA9,
    0x19, 0x88, 0x19, 0xA9, 0x19, 0x88, 0x19, 0xA9, 0x19, 0x88, 0x19, 0xA9, 0x19, 0x88, 0x19, 0xA8,
    0x19, 0xA8, 0x21, 0xA9, 0x19, 0x88, 0x21, 0xA9, 0x19, 0x88, 0x21, 0xA9, 0x19, 0xA8, 0x21, 0xA9,
    0x19, 0x88, 0x19, 0xA8, 0x21, 0x89, 0x19, 0xA8, 0x19, 0xA8, 0x21, 0x89, 0x19, 0xA8, 0x19, 0xA8,
    0x21, 0xA9, 0x19, 0x88, 0x19, 0xA8, 0x21, 0xA9, 0x19, 0xA8, 0x19, 0xA8, 0x21, 0xA9, 0x19, 0x88,
    0x19, 0xA8, 0x21, 0xA9, 0x19, 0xA8, 0x19, 0xA8, 0x21, 0xA9, 0x19, 0x88, 0x19, 0xA8, 0x21, 0xA9,
    0x19, 0xA8, 0x19, 0xA8, 0x21, 0xA9, 0x19, 0x88, 0x19, 0xA8, 0x21, 0xA9, 0x19, 0xA8, 0x19, 0xA8,
    0x21, 0xA9, 0x19, 0x88, 0x19, 0xA8, 0x21, 0xA9, 0x19, 0xA8, 0x19, 0xA8, 0x21, 0xA9, 0x19, 0x88,
    0x19, 0xA8, 0x21, 0xA9, 0x19, 0xA8, 0x19, 0xA8, 0x21, 0xA9, 0x19, 0x88, 0x19, 0xA8, 0x21, 0xA9,
    0x19, 0xA8, 0x19, 0xA8, 0x21, 0xA9, 0x19, 0x88, 0x19, 0xA8, 0x21, 0xA9, 0x19, 0xA8, 0x19, 0xA8,
    0x21, 0xA9, 0x19, 0x88, 0x19, 0xA8, 0x21, 0xA9, 0x19, 0xA8, 0x19, 0xA8, 0x21, 0xA9, 0x19, 0x88,
    0x19, 0xA8, 0x21, 0xA9, 0x19, 0xA8, 0x19, 0xA8, 0x21, 0xA9, 0x19, 0x88, 0x19, 0xA8, 0x21, 0xA9,
    0x19, 0xA8, 0x19, 0xA8, 0x21, 0xA9, 0x19, 0x88, 0x19, 0xA8, 0x21, 0xA9, 0x19, 0xA8, 0x19, 0xA8,
    0x21, 0xA9, 0x19, 0x88, 0x19, 0xA8, 0x21, 0xA9, 0x19, 0xA8, 0x19, 0xA8, 0x21, 0xA9, 0x19, 0x88,
    0x19, 0xA8, 0x21, 0xA9, 0x19, 0xA8, 0x19, 0xA8, 0x21, 0xA9, 0x19, 0x88, 0x19, 0xA8, 0x21, 0xA9,
    0x19, 0xA8, 0x19, 0xA8, 0x21, 0xA9, 0x19, 0x88, 0x19, 0xA8, 0x21, 0xA9, 0x19, 0xA8, 0x19, 0xA8,
    0x21, 0xA9, 0x19, 0x88, 0x19, 0xA8, 0x21, 0xA9, 0x19, 0xA8, 0x19, 0xA8, 0x21, 0xA9, 0x19, 0x88,
    0x19, 0xA8, 0x21, 0xA9, 0x19, 0xA8, 0x19, 0xA8, 0x21, 0xA9, 0x19, 0x88, 0x19, 0xA9, 0x21, 0xA8,
    0x19, 0xA9, 0x19, 0xA8, 0x19, 0xA9, 0x19, 0xA8, 0x19, 0xA9, 0x19, 0xA8, 0x19, 0xA9, 0x19, 0xA8,
    0x19, 0xA9, 0x19, 0xA9, 0x19, 0xA8, 0x19, 0xA9, 0x19, 0xA9, 0x19, 0xA8, 0x19, 0xA9, 0x19, 0xA9,
    0x19, 0xA8, 0x19, 0xA9, 0x19, 0xA9, 0x19, 0xA8, 0x19, 0xA9, 0x19, 0xA9, 0x19, 0xA8, 0x19, 0xA9,
    0x19, 0xA9, 0x19, 0xA8, 0x19, 0xA9, 0x19, 0xA9, 0x19, 0xA8, 0x19, 0xA9, 0x19, 0xA9, 0x19, 0xA8,
    0x19, 0xA9, 0x19, 0xA9, 0x19, 0xA8, 0x19, 0xA9, 0x19, 0xA9, 0x19, 0xA8, 0x19, 0xA9, 0x19, 0xA9,
    0x19, 0xA8, 0x19, 0xA9, 0x19, 0xA9, 0x19, 0xA8, 0x19, 0xA9, 0x19, 0xA9, 0x19, 0xA8, 0x19, 0xA9,
    0x19, 0xA9, 0x19, 0xA8, 0x19, 0xA9, 0x19, 0xA9, 0x19, 0xA8, 0x19, 0xA9, 0x19, 0xA9, 0x19, 0xA8,
    0x19, 0xA9, 0x19, 0xA9, 0x19, 0xA8, 0x19, 0xA9, 0x19, 0xA9, 0x19, 0xA8, 0x19, 0xA9, 0x19, 0xA9,
    0x19, 0xA8, 0x19, 0xA9, 0x19, 0xA9, 0x19, 0xA8, 0x19, 0xA9, 0x19, 0xA9, 0x19, 0xA8, 0x19, 0xA9,
    0x19, 0xA9, 0x19, 0xA8, 0x19, 0xA9, 0x19, 0xA9, 0x19, 0xA8, 0x19, 0xA9, 0x19, 0xA9, 0x19, 0xA8,
    0x19, 0xA9, 0x19, 0xA9, 0x19, 0xA8, 0x19, 0xA9, 0x19, 0xA9, 0x19, 0xA8, 0x19, 0xA9, 0x19, 0xA9,
    0x19, 0xA8, 0x19, 0xA9, 0x19, 0xA9, 0x19, 0xA8, 0x19, 0xA9, 0x19, 0xA9, 0x19, 0xA8, 0x19, 0xA9,
    0x19, 0xA9, 0x19, 0xA8, 0x19, 0xA9, 0x19, 0xA9, 0x19, 0xA8, 0x19, 0xA9, 0x19, 0xA9, 0x19, 0xA8,
    0x19, 0xA9, 0x19, 0xA9, 0x19, 0xA8, 0x19, 0xA9, 0x19, 0xA9, 0x19, 0xA8, 0x19, 0xA9, 0x19, 0xA9,
    0x19, 0xA8, 0x19, 0xA9, 0x19, 0xA9, 0x19, 0xA8, 0x19, 0xA9, 0x19, 0xA9, 0x19, 0xA8, 0x19, 0xA9,
    0x19, 0xA9, 0x19, 0xA8, 0x19, 0xA9, 0x19, 0xA9, 0x19, 0xA8, 0x19, 0xA9, 0x19, 0xA8, 0x19, 0xA9,
    0x21, 0xA9, 0x19, 0xA8, 0x21, 0xA9, 0x19, 0xA9, 0x21, 0xA8, 0x19, 0xA9, 0x21, 0xA9, 0x19, 0xA8,
    0x21, 0xA9, 0x19, 0xA8, 0x21, 0xA9, 0x19, 0xA8, 0x21, 0xA9, 0x19, 0xA8, 0x21, 0xA9, 0x19, 0xA8,
    0x21, 0xA9, 0x19, 0xA8, 0x21, 0xA9, 0x19, 0xA8, 0x21, 0xA9, 0x19, 0xA8, 0x21, 0xA9, 0x19, 0xA8,
    0x21, 0xA9, 0x19, 0xA8, 0x21, 0xA9, 0x19, 0xA8, 0x21, 0xA9, 0x19, 0xA8, 0x21, 0xA9, 0x19, 0xA8,
    0x21, 0xA9, 0x19, 0xA8, 0x21, 0xA9, 0x19, 0xA8, 0x21, 0xA9, 0x19, 0xA8, 0x21, 0xA9, 0x19, 0xA8,
    0x21, 0xA9, 0x19, 0xA8, 0x21, 0xA9, 0x19, 0xA8, 0x21, 0xA9, 0x19, 0xA8, 0x21, 0xA9, 0x19, 0xA8,
    0x21, 0xA9, 0x19, 0xA8, 0x21, 0xA9, 0x19, 0xA8, 0x21, 0xA9, 0x19, 0xA8, 0x21, 0xA9, 0x19, 0xA8,
    0x21, 0xA9, 0x19, 0xA8, 0x21, 0xA9, 0x19, 0xA8, 0x21, 0xA9, 0x19, 0xA8, 0x21, 0xA9, 0x19, 0xA8,
    0x21, 0xA9, 0x19, 0xA8, 0x21, 0xA9, 0x19, 0xA8, 0x21, 0xA9, 0x19, 0xA8, 0x21, 0xA9, 0x19, 0xA8,
    0x21, 0xA9, 0x19, 0xA8, 0x21, 0xA9, 0x19, 0xA8, 0x21, 0xA9, 0x19, 0xA8, 0x21, 0xA9, 0x19, 0xA8,
    0x21, 0xA9, 0x19, 0xA8, 0x21, 0xA9, 0x19, 0xA8, 0x21, 0xA9, 0x19, 0xA8, 0x21, 0xA9, 0x19, 0xA8,
    0x21, 0xA9, 0x19, 0xA8, 0x21, 0xA9, 0x19, 0xA8, 0x21, 0xA9, 0x19, 0xA8, 0x21, 0xA9, 0x19, 0xA8,
    0x21, 0xA9, 0x19, 0xA8, 0x21, 0xA9, 0x19, 0xA8, 0x21, 0xA9, 0x19, 0xA8, 0x21, 0xA9, 0x19, 0xA8,
    0x21, 0xA9, 0x19, 0xA8, 0x21, 0xA9, 0x19, 0xA8, 0x21, 0xA9, 0x19, 0xA8, 0x21, 0xA9, 0x19, 0xA8,
    0x21, 0xA9, 0x19, 0xA8, 0x21, 0xA9, 0x19, 0xA8, 0x21, 0xA9, 0x19, 0xA8, 0x21, 0xA9, 0x19, 0xA8,
    0x21, 0xA9, 0x19, 0xA8, 0x21, 0xA9, 0x19, 0xA8, 0x21, 0xA9, 0x19, 0xA8, 0x21, 0xA9, 0x19, 0xA9,
    0x19, 0xA9, 0x19, 0xA8, 0x19, 0xA9, 0x19, 0xA8, 0x19, 0xA9, 0x19, 0xA8, 0x19, 0xA9, 0x21, 0xA8,
    0x19, 0xA9, 0x19, 0xA8, 0x21, 0xA9, 0x19, 0xA8, 0x19, 0xA9, 0x21, 0xA8, 0x19, 0xA9, 0x19, 0xA8,
    0x21, 0xA9, 0x19, 0xA8, 0x19, 0xA9, 0x21, 0xA8, 0x19, 0xA9, 0x19, 0xA8, 0x21, 0xA9, 0x19, 0xA8,
    0x19, 0xA9, 0x21, 0xA8, 0x19, 0xA9, 0x19, 0xA8, 0x21, 0xA9, 0x19, 0xA8, 0x19, 0xA9, 0x21, 0xA8,
    0x19, 0xA9, 0x19, 0xA8, 0x21, 0xA9, 0x19, 0xA8, 0x19, 0xA9, 0x21, 0xA8, 0x19, 0xA9, 0x19, 0xA8,
    0x21, 0xA9, 0x19, 0xA8, 0x19, 0xA9, 0x21, 0xA8, 0x19, 0xA9, 0x19, 0xA8, 0x21, 0xA9, 0x19, 0xA8,
    0x19, 0xA9, 0x21, 0xA8, 0x19, 0xA9, 0x19, 0xA8, 0x21, 0xA9, 0x19, 0xA8, 0x19, 0xA9, 0x21, 0xA8,
    0x19, 0xA9, 0x19, 0xA8, 0x21, 0xA9, 0x19, 0xA8, 0x19, 0xA9, 0x21, 0xA8, 0x19, 0xA9, 0x19, 0xA8,
    0x21, 0xA9, 0x19, 0xA8, 0x19, 0xA9, 0x21, 0xA8, 0x19, 0xA9, 0x19, 0xA8, 0x21, 0xA9, 0x19, 0xA8,
    0x19, 0xA9, 0x21, 0xA8, 0x19, 0xA9, 0x19, 0xA8, 0x21, 0xA9, 0x19, 0xA8, 0x19, 0xA9, 0x21, 0xA8,
    0x19, 0xA9, 0x19, 0xA8, 0x21, 0xA9, 0x19, 0xA8, 0x19, 0xA9, 0x21, 0xA8, 0x19, 0xA9, 0x19, 0xA8,
    0x21, 0xA9, 0x19, 0xA8, 0x19, 0xA9, 0x21, 0xA8, 0x19, 0xA9, 0x19, 0xA8, 0x21, 0xA9, 0x19, 0xA8,
    0x19, 0xA9, 0x21, 0xA8, 0x19, 0xA9, 0x19, 0xA8, 0x21, 0xA9, 0x19, 0xA8, 0x19, 0xA9, 0x21, 0xA8,
    0x19, 0xA9, 0x19, 0xA8, 0x21, 0xA9, 0x19, 0xA8, 0x19, 0xA9, 0x21, 0xA8, 0x19, 0xA9, 0x19, 0xA8,
    0x21, 0xA9, 0x19, 0xA8, 0x19, 0xA9, 0x21, 0xA8, 0x19, 0xA9, 0x19, 0xA8, 0x21, 0xA9, 0x19, 0xA8,
    0x19, 0xA9, 0x21, 0xA8, 0x19, 0xA9, 0x19, 0xA8, 0x21, 0xA9, 0x19, 0xA9, 0x19, 0xA8, 0x21, 0xA9,
    0x21, 0xA9, 0x19, 0xA8, 0x21, 0xA9, 0x19, 0xA8, 0x21, 0xA9, 0x19, 0xA9, 0x21, 0xA8, 0x19, 0xA9,
    0x19, 0xA8, 0x21, 0xA9, 0x19, 0xA8, 0x19, 0xA9, 0x21, 0xA8, 0x19, 0xA9, 0x19, 0xA8, 0x21, 0xA9,
    0x19, 0xA8, 0x19, 0xA9, 0x21, 0xA8, 0x19, 0xA9, 0x19, 0xA8, 0x21, 0xA9, 0x19, 0xA8, 0x19, 0xA9,
    0x21, 0xA8, 0x19, 0xA9, 0x19, 0xA8, 0x21, 0xA9, 0x19, 0xA8, 0x19, 0xA9, 0x21, 0xA8, 0x19, 0xA9,
    0x19, 0xA8, 0x21, 0xA9, 0x19, 0xA8, 0x19, 0xA9, 0x21, 0xA8, 0x19, 0xA9, 0x19, 0xA8, 0x21, 0xA9,
    0x19, 0xA8, 0x19, 0xA9, 0x21, 0xA8, 0x19, 0xA9, 0x19, 0xA8, 0x21, 0xA9, 0x19, 0xA8, 0x19, 0xA9,
    0x21, 0xA8, 0x19, 0xA9, 0x19, 0xA8, 0x21, 0xA9, 0x19, 0xA8, 0x19, 0xA9, 0x21, 0xA8, 0x19, 0xA9,
    0x19, 0xA8, 0x21, 0xA9, 0x19, 0xA8, 0x19, 0xA9, 0x21, 0xA8, 0x19, 0xA9, 0x19, 0xA8, 0x21, 0xA9,
    0x19, 0xA8, 0x19, 0xA9, 0x21, 0xA8, 0x19, 0xA9, 0x19, 0xA8, 0x21, 0xA9, 0x19, 0xA8, 0x19, 0xA9,
    0x21, 0xA8, 0x19, 0xA9, 0x19, 0xA8, 0x21, 0xA9, 0x19, 0xA8, 0x19, 0xA9, 0x21, 0xA8, 0x19, 0xA9,
    0x19, 0xA8, 0x21, 0xA9, 0x19, 0xA8, 0x19, 0xA9, 0x21, 0xA8, 0x19, 0xA9, 0x19, 0xA8, 0x21, 0xA9,
    0x19, 0xA8, 0x19, 0xA9, 0x21, 0xA8, 0x19, 0xA9, 0x19, 0xA8, 0x21, 0xA9, 0x19, 0xA8, 0x19, 0xA9,
    0x21, 0xA8, 0x19, 0xA9, 0x19, 0xA8, 0x21, 0xA9, 0x19, 0xA8, 0x19, 0xA9, 0x21, 0xA8, 0x19, 0xA9,
    0x19, 0xA8, 0x21, 0xA9, 0x19, 0xA8, 0x19, 0xA9, 0x21, 0xA8, 0x19, 0xA9, 0x19, 0xA8, 0x21, 0xA9,
    0x19, 0xA8, 0x19, 0xA9, 0x21, 0xA8, 0x19, 0xA9, 0x19, 0xA8, 0x21, 0xA9, 0x19, 0xA8, 0x19, 0xA9,
    0x21, 0xA8, 0x19, 0xA9, 0x19, 0xA8, 0x21, 0xA9, 0x19, 0xA8, 0x19, 0xA9, 0x21, 0xA8, 0x19, 0xA9,
    0x19, 0xA9, 0x21, 0xA8, 0x19, 0xA9, 0x21, 0xA9, 0x19, 0xA8, 0x21, 0xA9, 0x19, 0xA9, 0x21, 0xA8,
    0x19, 0xA9, 0x19, 0xA9, 0x21, 0xA8, 0x19, 0xA9, 0x19, 0xA9, 0x21, 0xA8, 0x19, 0xA9, 0x19, 0xA9,
    0x21, 0xA8, 0x19, 0xA9, 0x19, 0xA9, 0x21, 0xA8, 0x19, 0xA9, 0x19, 0xA9, 0x21, 0xA8, 0x19, 0xA9,
    0x19, 0xA9, 0x21, 0xA8, 0x19, 0xA9, 0x19, 0xA9, 0x21, 0xA8, 0x19, 0xA9, 0x19, 0xA9, 0x21, 0xA8,
    0x19, 0xA9, 0x19, 0xA9, 0x21, 0xA8, 0x19, 0xA9, 0x19, 0xA9, 0x21, 0xA8, 0x19, 0xA9, 0x19, 0xA9,
    0x21, 0xA8, 0x19, 0xA9, 0x19, 0xA9, 0x21, 0xA8, 0x19, 0xA9, 0x19, 0xA9, 0x21, 0xA8, 0x19, 0xA9,
    0x19, 0xA9, 0x21, 0xA8, 0x19, 0xA9, 0x19, 0xA9, 0x21, 0xA8, 0x19, 0xA9, 0x19, 0xA9, 0x21, 0xA8,
    0x19, 0xA9, 0x19, 0xA9, 0x21, 0xA8, 0x19, 0xA9, 0x19, 0xA9, 0x21, 0xA8, 0x19, 0xA9, 0x19, 0xA9,
    0x21, 0xA8, 0x19, 0xA9, 0x19, 0xA9, 0x21, 0xA8, 0x19, 0xA9, 0x19, 0xA9, 0x21, 0xA8, 0x19, 0xA9,
    0x19, 0xA9, 0x21, 0xA8, 0x19, 0xA9, 0x19, 0xA9, 0x21, 0xA8, 0x19, 0xA9, 0x19, 0xA9, 0x21, 0xA8,
    0x19, 0xA9, 0x19, 0xA9, 0x21, 0xA8, 0x19, 0xA9, 0x19, 0xA9, 0x21, 0xA8, 0x19, 0xA9, 0x19, 0xA9,
    0x21, 0xA8, 0x19, 0xA9, 0x19, 0xA9, 0x21, 0xA8, 0x19, 0xA9, 0x19, 0xA9, 0x21, 0xA8, 0x19, 0xA9,
    0x19, 0xA9, 0x21, 0xA8, 0x19, 0xA9, 0x19, 0xA9, 0x21, 0xA8, 0x19, 0xA9, 0x19, 0xA9, 0x21, 0xA8,
    0x19, 0xA9, 0x19, 0xA9, 0x21, 0xA8, 0x19, 0xA9, 0x19, 0xA9, 0x21, 0xA8, 0x19, 0xA9, 0x19, 0xA9,
    0x21, 0xA8, 0x19, 0xA9, 0x19, 0xA9, 0x21, 0xA8, 0x19, 0xA9, 0x19, 0xA9, 0x21, 0xA8, 0x19, 0xA9,
    0x19, 0xA9, 0x21, 0xA8, 0x19, 0xA9, 0x19, 0xA9, 0x21, 0xA8, 0x19, 0xA9, 0x19, 0xA8, 0x21, 0xA9,
    0x21, 0xA9, 0x19, 0xA9, 0x21, 0xA8, 0x19, 0xA9, 0x21, 0xA9, 0x19, 0xA8, 0x19, 0xA9, 0x21, 0xA9,
    0x19, 0xA8, 0x21, 0xA9, 0x19, 0xA9, 0x21, 0xA8, 0x19, 0xA9, 0x21, 0xA9, 0x19, 0xA8, 0x21, 0xA9,
    0x19, 0xA9, 0x21, 0xA8, 0x19, 0xA9, 0x21, 0xA9, 0x19, 0xA8, 0x21, 0xA9, 0x19, 0xA9, 0x21, 0xA8,
    0x19, 0xA9, 0x21, 0xA9, 0x19, 0xA8, 0x21, 0xA9, 0x19, 0xA9, 0x21, 0xA8, 0x19, 0xA9, 0x21, 0xA9,
    0x19, 0xA8, 0x21, 0xA9, 0x19, 0xA9, 0x21, 0xA8, 0x19, 0xA9, 0x21, 0xA9, 0x19, 0xA8, 0x21, 0xA9,
    0x19, 0xA9, 0x21, 0xA8, 0x19, 0xA9, 0x21, 0xA9, 0x19, 0xA8, 0x21, 0xA9, 0x19, 0xA9, 0x21, 0xA8,
    0x19, 0xA9, 0x21, 0xA9, 0x19, 0xA8, 0x21, 0xA9, 0x19, 0xA9, 0x21, 0xA8, 0x19, 0xA9, 0x21, 0xA9,
    0x19, 0xA8, 0x21, 0xA9, 0x19, 0xA9, 0x21, 0xA8, 0x19, 0xA9, 0x21, 0xA9, 0x19, 0xA8, 0x21, 0xA9,
    0x19, 0xA9, 0x21, 0xA8, 0x19, 0xA9, 0x21, 0xA9, 0x19, 0xA8, 0x21, 0xA9, 0x19, 0xA9, 0x21, 0xA8,
    0x19, 0xA9, 0x21, 0xA9, 0x19, 0xA8, 0x21, 0xA9, 0x19, 0xA9, 0x21, 0xA8, 0x19, 0xA9, 0x21, 0xA9,
    0x19, 0xA8, 0x21, 0xA9, 0x19, 0xA9, 0x21, 0xA8, 0x19, 0xA9, 0x21, 0xA9, 0x19, 0xA8, 0x21, 0xA9,
    0x19, 0xA9, 0x21, 0xA8, 0x19, 0xA9, 0x21, 0xA9, 0x19, 0xA8, 0x21, 0xA9, 0x19, 0xA9, 0x21, 0xA8,
    0x19, 0xA9, 0x21, 0xA9, 0x19, 0xA8, 0x21, 0xA9, 0x19, 0xA9, 0x21, 0xA8, 0x19, 0xA9, 0x21, 0xA9,
    0x19, 0xA8, 0x21, 0xA9, 0x19, 0xA9, 0x21, 0xA8, 0x19, 0xA9, 0x21, 0xA9, 0x19, 0xA8, 0x21, 0xA9,
    0x19, 0xA9, 0x21, 0xA8, 0x19, 0xA9, 0x21, 0xA9, 0x19, 0xA8, 0x21, 0xA9, 0x19, 0xA9, 0x21, 0xA8,
    0x19, 0xA9, 0x21, 0xA9, 0x19, 0xA8, 0x21, 0xA9, 0x19, 0xA9, 0x21, 0xA9, 0x19, 0xA9, 0x21, 0xA8,
    0x19, 0xA9, 0x21, 0xA8, 0x19, 0xA9, 0x19, 0xA9, 0x21, 0xA8, 0x19, 0xA9, 0x21, 0xA9, 0x19, 0xA8,
    0x21, 0xA9, 0x19, 0xA9, 0x21, 0xA8, 0x19, 0xA9, 0x21, 0xA9, 0x19, 0xA8, 0x21, 0xA9, 0x19, 0xA9,
    0x21, 0xA8, 0x19, 0xA9, 0x21, 0xA9, 0x19, 0xA8, 0x21, 0xA9, 0x19, 0xA9, 0x21, 0xA8, 0x19, 0xA9,
    0x21, 0xA9, 0x19, 0xA8, 0x21, 0xA9, 0x19, 0xA9, 0x21, 0xA8, 0x19, 0xA9, 0x21, 0xA9, 0x19, 0xA8,
    0x21, 0xA9, 0x19, 0xA9, 0x21, 0xA8, 0x19, 0xA9, 0x21, 0xA9, 0x19, 0xA8, 0x21, 0xA9, 0x19, 0xA9,
    0x21, 0xA8, 0x19, 0xA9, 0x21, 0xA9, 0x19, 0xA8, 0x21, 0xA9, 0x19, 0xA9, 0x21, 0xA8, 0x19, 0xA9,
    0x21, 0xA9, 0x19, 0xA8, 0x21, 0xA9, 0x19, 0xA9, 0x21, 0xA8, 0x19, 0xA9, 0x21, 0xA9, 0x19, 0xA8,
    0x21, 0xA9, 0x19, 0xA9, 0x21, 0xA8, 0x19, 0xA9, 0x21, 0xA9, 0x19, 0xA8, 0x21, 0xA9, 0x19, 0xA9,
    0x21, 0xA8, 0x19, 0xA9, 0x21, 0xA9, 0x19, 0xA8, 0x21, 0xA9, 0x19, 0xA9, 0x21, 0xA8, 0x19, 0xA9,
    0x21, 0xA9, 0x19, 0xA8, 0x21, 0xA9, 0x19, 0xA9, 0x21, 0xA8, 0x19, 0xA9, 0x21, 0xA9, 0x19, 0xA8,
    0x21, 0xA9, 0x19, 0xA9, 0x21, 0xA8, 0x19, 0xA9, 0x21, 0xA9, 0x19, 0xA8, 0x21, 0xA9, 0x19, 0xA9,
    0x21, 0xA8, 0x19, 0xA9, 0x21, 0xA9, 0x19, 0xA8, 0x21, 0xA9, 0x19, 0xA9, 0x21, 0xA8, 0x19, 0xA9,
    0x21, 0xA9, 0x19, 0xA8, 0x21, 0xA9, 0x19, 0xA9, 0x21, 0xA8, 0x19, 0xA9, 0x21, 0xA9, 0x19, 0xA8,
    0x21, 0xA9, 0x19, 0xA9, 0x21, 0xA8, 0x19, 0xA9, 0x21, 0xA9, 0x19, 0xA8, 0x21, 0xA9, 0x19, 0xA9,
    0x21, 0xA8, 0x19, 0xA9, 0x21, 0xA9, 0x19, 0xA8, 0x21, 0xA9, 0x19, 0xA9, 0x21, 0xA8, 0x19, 0xA9,
    0x21, 0xA9, 0x19, 0xA8, 0x21, 0xA9, 0x19, 0xA9, 0x21, 0xA8, 0x19, 0xA9, 0x21, 0xA8, 0x19, 0xA9,
    0x21, 0xA9, 0x19, 0xC9, 0x21, 0xA8, 0x21, 0xA9, 0x19, 0xC9, 0x21, 0xA8, 0x19, 0xA9, 0x21, 0xC9,
    0x19, 0xA8, 0x21, 0xA9, 0x19, 0xC9, 0x21, 0xA8, 0x19, 0xA9, 0x21, 0xC9, 0x19, 0xA8, 0x21, 0xA9,
    0x19, 0xC9, 0x21, 0xA8, 0x19, 0xA9, 0x21, 0xC9, 0x19, 0xA8, 0x21, 0xA9, 0x19, 0xC9, 0x21, 0xA8,
    0x19, 0xA9, 0x21, 0xC9, 0x19, 0xA8, 0x21, 0xA9, 0x19, 0xC9, 0x21, 0xA8, 0x19, 0xA9, 0x21, 0xC9,
    0x19, 0xA8, 0x21, 0xA9, 0x19, 0xC9, 0x21, 0xA8, 0x19, 0xA9, 0x21, 0xC9, 0x19, 0xA8, 0x21, 0xA9,
    0x19, 0xC9, 0x21, 0xA8, 0x19, 0xA9, 0x21, 0xC9, 0x19, 0xA8, 0x21, 0xA9, 0x19, 0xC9, 0x21, 0xA8,
    0x19, 0xA9, 0x21, 0xC9, 0x19, 0xA8, 0x21, 0xA9, 0x19, 0xC9, 0x21, 0xA8, 0x19, 0xA9, 0x21, 0xC9,
    0x19, 0xA8, 0x21, 0xA9, 0x19, 0xC9, 0x21, 0xA8, 0x19, 0xA9, 0x21, 0xC9, 0x19, 0xA8, 0x21, 0xA9,
    0x19, 0xC9, 0x21, 0xA8, 0x19, 0xA9, 0x21, 0xC9, 0x19, 0xA8, 0x21, 0xA9, 0x19, 0xC9, 0x21, 0xA8,
    0x19, 0xA9, 0x21, 0xC9, 0x19, 0xA8, 0x21, 0xA9, 0x19, 0xC9, 0x21, 0xA8, 0x19, 0xA9, 0x21, 0xC9,
    0x19, 0xA8, 0x21, 0xA9, 0x19, 0xC9, 0x21, 0xA8, 0x19, 0xA9, 0x21, 0xC9, 0x19, 0xA8, 0x21, 0xA9,
    0x19, 0xC9, 0x21, 0xA8, 0x19, 0xA9, 0x21, 0xC9, 0x19, 0xA8, 0x21, 0xA9, 0x19, 0xC9, 0x21, 0xA8,
    0x19, 0xA9, 0x21, 0xC9, 0x19, 0xA8, 0x21, 0xA9, 0x19, 0xC9, 0x21, 0xA8, 0x19, 0xA9, 0x21, 0xC9,
    0x19, 0xA8, 0x21, 0xA9, 0x19, 0xC9, 0x21, 0xA8, 0x19, 0xA9, 0x21, 0xC9, 0x19, 0xA8, 0x21, 0xA9,
    0x19, 0xC9, 0x21, 0xA8, 0x19, 0xA9, 0x21, 0xC9, 0x19, 0xA8, 0x21, 0xA9, 0x19, 0xC9, 0x21, 0xA8,
    0x19, 0xA9, 0x21, 0xC9, 0x19, 0xA8, 0x21, 0xA9, 0x19, 0xC9, 0x21, 0xA8, 0x19, 0xA9, 0x21, 0xA9,
    0x21, 0xA9, 0x19, 0xA8, 0x21, 0xC9, 0x19, 0xA9, 0x21, 0xA8, 0x19, 0xC9, 0x21, 0xA9, 0x21, 0xA8,
    0x19, 0xC9, 0x21, 0xA9, 0x21, 0xA8, 0x19, 0xC9, 0x21, 0xA9, 0x19, 0xA8, 0x21, 0xC9, 0x19, 0xA9,
    0x21, 0xA8, 0x19, 0xC9, 0x21, 0xA9, 0x19, 0xA8, 0x21, 0xC9, 0x19, 0xA9, 0x21, 0xA8, 0x19, 0xC9,
    0x21, 0xA9, 0x19, 0xA8, 0x21, 0xC9, 0x19, 0xA9, 0x21, 0xA8, 0x19, 0xC9, 0x21, 0xA9, 0x19, 0xA8,
    0x21, 0xC9, 0x19, 0xA9, 0x21, 0xA8, 0x19, 0xC9, 0x21, 0xA9, 0x19, 0xA8, 0x21, 0xC9, 0x19, 0xA9,
    0x21, 0xA8, 0x19, 0xC9, 0x21, 0xA9, 0x19, 0xA8, 0x21, 0xC9, 0x19, 0xA9, 0x21, 0xA8, 0x19, 0xC9,
    0x21, 0xA9, 0x19, 0xA8, 0x21, 0xC9, 0x19, 0xA9, 0x21, 0xA8, 0x19, 0xC9, 0x21, 0xA9, 0x19, 0xA8,
    0x21, 0xC9, 0x19, 0xA9, 0x21, 0xA8, 0x19, 0xC9, 0x21, 0xA9, 0x19, 0xA8, 0x21, 0xC9, 0x19, 0xA9,
    0x21, 0xA8, 0x19, 0xC9, 0x21, 0xA9, 0x19, 0xA8, 0x21, 0xC9, 0x19, 0xA9, 0x21, 0xA8, 0x19, 0xC9,
    0x21, 0xA9, 0x19, 0xA8, 0x21, 0xC9, 0x19, 0xA9, 0x21, 0xA8, 0x19, 0xC9, 0x21, 0xA9, 0x19, 0xA8,
    0x21, 0xC9, 0x19, 0xA9, 0x21, 0xA8, 0x19, 0xC9, 0x21, 0xA9, 0x19, 0xA8, 0x21, 0xC9, 0x19, 0xA9,
    0x21, 0xA8, 0x19, 0xC9, 0x21, 0xA9, 0x19, 0xA8, 0x21, 0xC9, 0x19, 0xA9, 0x21, 0xA8, 0x19, 0xC9,
    0x21, 0xA9, 0x19, 0xA8, 0x21, 0xC9, 0x19, 0xA9, 0x21, 0xA8, 0x19, 0xC9, 0x21, 0xA9, 0x19, 0xA8,
    0x21, 0xC9, 0x19, 0xA9, 0x21, 0xA8, 0x19, 0xC9, 0x21, 0xA9, 0x19, 0xA8, 0x21, 0xC9, 0x19, 0xA9,
    0x21, 0xA8, 0x19, 0xC9, 0x21, 0xA9, 0x19, 0xA8, 0x21, 0xC9, 0x19, 0xA9, 0x21, 0xA8, 0x19, 0xC9,
    0x21, 0xA9, 0x19, 0xA8, 0x21, 0xC9, 0x19, 0xA9, 0x21, 0xA8, 0x19, 0xC9, 0x21, 0xA9, 0x19, 0xC9,
    0x21, 0xC9, 0x19, 0xA9, 0x21, 0xC8, 0x19, 0xA9, 0x21, 0xC9, 0x21, 0xA8, 0x19, 0xC9, 0x21, 0xA9,
    0x21, 0xC8, 0x19, 0xA9, 0x21, 0xC9, 0x19, 0xA8, 0x21, 0xC9, 0x21, 0xA9, 0x19, 0xC8, 0x21, 0xA9,
    0x21, 0xC9, 0x19, 0xA8, 0x21, 0xC9, 0x21, 0xA9, 0x19, 0xC8, 0x21, 0xA9, 0x21, 0xC9, 0x19, 0xA8,
    0x21, 0xC9, 0x21, 0xA9, 0x19, 0xC8, 0x21, 0xA9, 0x21, 0xC9, 0x19, 0xA8, 0x21, 0xC9, 0x21, 0xA9,
    0x19, 0xC8, 0x21, 0xA9, 0x21, 0xC9, 0x19, 0xA8, 0x21, 0xC9, 0x21, 0xA9, 0x19, 0xC8, 0x21, 0xA9,
    0x21, 0xC9, 0x19, 0xA8, 0x21, 0xC9, 0x21, 0xA9, 0x19, 0xC8, 0x21, 0xA9, 0x21, 0xC9, 0x19, 0xA8,
    0x21, 0xC9, 0x21, 0xA9, 0x19, 0xC8, 0x21, 0xA9, 0x21, 0xC9, 0x19, 0xA8, 0x21, 0xC9, 0x21, 0xA9,
    0x19, 0xC8, 0x21, 0xA9, 0x21, 0xC9, 0x19, 0xA8, 0x21, 0xC9, 0x21, 0xA9, 0x19, 0xC8, 0x21, 0xA9,
    0x21, 0xC9, 0x19, 0xA8, 0x21, 0xC9, 0x21, 0xA9, 0x19, 0xC8, 0x21, 0xA9, 0x21, 0xC9, 0x19, 0xA8,
    0x21, 0xC9, 0x21, 0xA9, 0x19, 0xC8, 0x21, 0xA9, 0x21, 0xC9, 0x19, 0xA8, 0x21, 0xC9, 0x21, 0xA9,
    0x19, 0xC8, 0x21, 0xA9, 0x21, 0xC9, 0x19, 0xA8, 0x21, 0xC9, 0x21, 0xA9, 0x19, 0xC8, 0x21, 0xA9,
    0x21, 0xC9, 0x19, 0xA8, 0x21, 0xC9, 0x21, 0xA9, 0x19, 0xC8, 0x21, 0xA9, 0x21, 0xC9, 0x19, 0xA8,
    0x21, 0xC9, 0x21, 0xA9, 0x19, 0xC8, 0x21, 0xA9, 0x21, 0xC9, 0x19, 0xA8, 0x21, 0xC9, 0x21, 0xA9,
    0x19, 0xC8, 0x21, 0xA9, 0x21, 0xC9, 0x19, 0xA8, 0x21, 0xC9, 0x21, 0xA9, 0x19, 0xC8, 0x21, 0xA9,
    0x21, 0xC9, 0x19, 0xA8, 0x21, 0xC9, 0x21, 0xA9, 0x19, 0xC8, 0x21, 0xA9, 0x21, 0xC9, 0x19, 0xA8,
    0x21, 0xC9, 0x21, 0xA9, 0x19, 0xC8, 0x21, 0xA9, 0x21, 0xC9, 0x19, 0xA9, 0x21, 0xA8, 0x21, 0xA9,
    0x21, 0xA9, 0x21, 0xC9, 0x21, 0xA9, 0x21, 0xA9, 0x19, 0xA9, 0x21, 0xA9, 0x21, 0xC9, 0x19, 0xA9,
    0x21, 0xA9, 0x21, 0xC9, 0x19, 0xA9, 0x21, 0xA9, 0x21, 0xC9, 0x19, 0xA9, 0x21, 0xA9, 0x21, 0xC9,
    0x19, 0xA9, 0x21, 0xA9, 0x21, 0xC9, 0x19, 0xA9, 0x21, 0xA9, 0x21, 0xC9, 0x19, 0xA9, 0x21, 0xA9,
    0x21, 0xC9, 0x19, 0xA9, 0x21, 0xA9, 0x21, 0xC9, 0x19, 0xA9, 0x21, 0xA9, 0x21, 0xC9, 0x19, 0xA9,
    0x21, 0xA9, 0x21, 0xC9, 0x19, 0xA9, 0x21, 0xA9, 0x21, 0xC9, 0x19, 0xA9, 0x21, 0xA9, 0x21, 0xC9,
    0x19, 0xA9, 0x21, 0xA9, 0x21, 0xC9, 0x19, 0xA9, 0x21, 0xA9, 0x21, 0xC9, 0x19, 0xA9, 0x21, 0xA9,
    0x21, 0xC9, 0x19, 0xA9, 0x21, 0xA9, 0x21, 0xC9, 0x19, 0xA9, 0x21, 0xA9, 0x21, 0xC9, 0x19, 0xA9,
    0x21, 0xA9, 0x21, 0xC9, 0x19, 0xA9, 0x21, 0xA9, 0x21, 0xC9, 0x19, 0xA9, 0x21, 0xA9, 0x21, 0xC9,
    0x19, 0xA9, 0x21, 0xA9, 0x21, 0xC9, 0x19, 0xA9, 0x21, 0xA9, 0x21, 0xC9, 0x19, 0xA9, 0x21, 0xA9,
    0x21, 0xC9, 0x19, 0xA9, 0x21, 0xA9, 0x21, 0xC9, 0x19, 0xA9, 0x21, 0xA9, 0x21, 0xC9, 0x19, 0xA9,
    0x21, 0xA9, 0x21, 0xC9, 0x19, 0xA9, 0x21, 0xA9, 0x21, 0xC9, 0x19, 0xA9, 0x21, 0xA9, 0x21, 0xC9,
    0x19, 0xA9, 0x21, 0xA9, 0x21, 0xC9, 0x19, 0xA9, 0x21, 0xA9, 0x21, 0xC9, 0x19, 0xA9, 0x21, 0xA9,
    0x21, 0xC9, 0x19, 0xA9, 0x21, 0xA9, 0x21, 0xC9, 0x19, 0xA9, 0x21, 0xA9, 0x21, 0xC9, 0x19, 0xA9,
    0x21, 0xA9, 0x21, 0xC9, 0x19, 0xA9, 0x21, 0xA9, 0x21, 0xC9, 0x19, 0xA9, 0x21, 0xA9, 0x21, 0xC9,
    0x19, 0xA9, 0x21, 0xA9, 0x21, 0xC9, 0x19, 0xA9, 0x21, 0xA9, 0x21, 0xC9, 0x19, 0xA9, 0x21, 0xA9,
    0x21, 0xC9, 0x19, 0xA9, 0x21, 0xA9, 0x21, 0xC9, 0x19, 0xA8, 0x21, 0xC9, 0x21, 0xA9, 0x19, 0xC9,
    0x21, 0xC9, 0x19, 0xA9, 0x21, 0xC8, 0x19, 0xC9, 0x21, 0xC9, 0x21, 0xC8, 0x19, 0xA9, 0x21, 0xC9,
    0x21, 0xC8, 0x19, 0xA9, 0x21, 0xC9, 0x21, 0xC8, 0x19, 0xA9, 0x21, 0xC9, 0x21, 0xC8, 0x19, 0xA9,
    0x21, 0xC9, 0x21, 0xC8, 0x19, 0xA9, 0x21, 0xC9, 0x21, 0xC8, 0x19, 0xA9, 0x21, 0xC9, 0x21, 0xC8,
    0x19, 0xA9, 0x21, 0xC9, 0x21, 0xC8, 0x19, 0xA9, 0x21, 0xC9, 0x21, 0xC8, 0x19, 0xA9, 0x21, 0xC9,
    0x21, 0xC8, 0x19, 0xA9, 0x21, 0xC9, 0x21, 0xC8, 0x19, 0xA9, 0x21, 0xC9, 0x21, 0xC8, 0x19, 0xA9,
    0x21, 0xC9, 0x21, 0xC8, 0x19, 0xA9, 0x21, 0xC9, 0x21, 0xC8, 0x19, 0xA9, 0x21, 0xC9, 0x21, 0xC8,
    0x19, 0xA9, 0x21, 0xC9, 0x21, 0xC8, 0x19, 0xA9, 0x21, 0xC9, 0x21, 0xC8, 0x19, 0xA9, 0x21, 0xC9,
    0x21, 0xC8, 0x19, 0xA9, 0x21, 0xC9, 0x21, 0xC8, 0x19, 0xA9, 0x21, 0xC9, 0x21, 0xC8, 0x19, 0xA9,
    0x21, 0xC9, 0x21, 0xC8, 0x19, 0xA9, 0x21, 0xC9, 0x21, 0xC8, 0x19, 0xA9, 0x21, 0xC9, 0x21, 0xC8,
    0x19, 0xA9, 0x21, 0xC9, 0x21, 0xC8, 0x19, 0xA9, 0x21, 0xC9, 0x21, 0xC8, 0x19, 0xA9, 0x21, 0xC9,
    0x21, 0xC8, 0x19, 0xA9, 0x21, 0xC9, 0x21, 0xC8, 0x19, 0xA9, 0x21, 0xC9, 0x21, 0xC8, 0x19, 0xA9,
    0x21, 0xC9, 0x21, 0xC8, 0x19, 0xA9, 0x21, 0xC9, 0x21, 0xC8, 0x19, 0xA9, 0x21, 0xC9, 0x21, 0xC8,
    0x19, 0xA9, 0x21, 0xC9, 0x21, 0xC8, 0x19, 0xA9, 0x21, 0xC9, 0x21, 0xC8, 0x19, 0xA9, 0x21, 0xC9,
    0x21, 0xC8, 0x19, 0xA9, 0x21, 0xC9, 0x21, 0xC8, 0x19, 0xA9, 0x21, 0xC9, 0x21, 0xC8, 0x19, 0xA9,
    0x21, 0xC9, 0x21, 0xC8, 0x19, 0xA9, 0x21, 0xC9, 0x21, 0xC8, 0x19, 0xA9, 0x21, 0xC9, 0x21, 0xC8,
    0x19, 0xA9, 0x21, 0xC9, 0x21, 0xC8, 0x19, 0xA9, 0x21, 0xC9, 0x21, 0xA9, 0x19, 0xC9, 0x21, 0xC9,
    0x21, 0xC9, 0x21, 0xC9, 0x19, 0xA9, 0x21, 0xC9, 0x21, 0xA9, 0x19, 0xC9, 0x21, 0xC9, 0x21, 0xA9,
    0x19, 0xC9, 0x21, 0xC9, 0x21, 0xA9, 0x19, 0xC9, 0x21, 0xC9, 0x21, 0xA9, 0x19, 0xC9, 0x21, 0xC9,
    0x21, 0xA9, 0x19, 0xC9, 0x21, 0xC9, 0x21, 0xA9, 0x19, 0xC9, 0x21, 0xC9, 0x21, 0xA9, 0x19, 0xC9,
    0x21, 0xC9, 0x21, 0xA9, 0x19, 0xC9, 0x21, 0xC9, 0x21, 0xA9, 0x19, 0xC9, 0x21, 0xC9, 0x21, 0xA9,
    0x19, 0xC9, 0x21, 0xC9, 0x21, 0xA9, 0x19, 0xC9, 0x21, 0xC9, 0x21, 0xA9, 0x19, 0xC9, 0x21, 0xC9,
    0x21, 0xA9, 0x19, 0xC9, 0x21, 0xC9, 0x21, 0xA9, 0x19, 0xC9, 0x21, 0xC9, 0x21, 0xA9, 0x19, 0xC9,
    0x21, 0xC9, 0x21, 0xA9, 0x19, 0xC9, 0x21, 0xC9, 0x21, 0xA9, 0x19, 0xC9, 0x21, 0xC9, 0x21, 0xA9,
    0x19, 0xC9, 0x21, 0xC9, 0x21, 0xA9, 0x19, 0xC9, 0x21, 0xC9, 0x21, 0xA9, 0x19, 0xC9, 0x21, 0xC9,
    0x21, 0xA9, 0x19, 0xC9, 0x21, 0xC9, 0x21, 0xA9, 0x19, 0xC9, 0x21, 0xC9, 0x21, 0xA9, 0x19, 0xC9,
    0x21, 0xC9, 0x21, 0xA9, 0x19, 0xC9, 0x21, 0xC9, 0x21, 0xA9, 0x19, 0xC9, 0x21, 0xC9, 0x21, 0xA9,
    0x19, 0xC9, 0x21, 0xC9, 0x21, 0xA9, 0x19, 0xC9, 0x21, 0xC9, 0x21, 0xA9, 0x19, 0xC9, 0x21, 0xC9,
    0x21, 0xA9, 0x19, 0xC9, 0x21, 0xC9, 0x21, 0xA9, 0x19, 0xC9, 0x21, 0xC9, 0x21, 0xA9, 0x19, 0xC9,
    0x21, 0xC9, 0x21, 0xA9, 0x19, 0xC9, 0x21, 0xC9, 0x21, 0xA9, 0x19, 0xC9, 0x21, 0xC9, 0x21, 0xA9,
    0x19, 0xC9, 0x21, 0xC9, 0x21, 0xA9, 0x19, 0xC9, 0x21, 0xC9, 0x21, 0xA9, 0x19, 0xC9, 0x21, 0xC9,
    0x21, 0xA9, 0x19, 0xC9, 0x21, 0xC9, 0x21, 0xA9, 0x19, 0xC9, 0x21, 0xC9, 0x21, 0xA9, 0x19, 0xC9,
    0x21, 0xC9, 0x21, 0xA9, 0x19, 0xC9, 0x21, 0xA9, 0x21, 0xC9, 0x19, 0xC8, 0x21, 0xA9, 0x21, 0xC9,
    0x21, 0xC9, 0x21, 0xA8, 0x21, 0xC9, 0x21, 0xC8, 0x21, 0xA9, 0x21, 0xC9, 0x21, 0xA8, 0x21, 0xC9,
    0x21, 0xA9, 0x21, 0xC8, 0x21, 0xA9, 0x21, 0xC9, 0x21, 0xA8, 0x21, 0xC9, 0x21, 0xA9, 0x21, 0xC8,
    0x21, 0xA9, 0x21, 0xC9, 0x21, 0xA8, 0x21, 0xC9, 0x21, 0xA9, 0x21, 0xC8, 0x21, 0xA9, 0x21, 0xC9,
    0x21, 0xA8, 0x21, 0xC9, 0x21, 0xA9, 0x21, 0xC8, 0x21, 0xA9, 0x21, 0xC9, 0x21, 0xA8, 0x21, 0xC9,
    0x21, 0xA9, 0x21, 0xC8, 0x21, 0xA9, 0x21, 0xC9, 0x21, 0xA8, 0x21, 0xC9, 0x21, 0xA9, 0x21, 0xC8,
    0x21, 0xA9, 0x21, 0xC9, 0x21, 0xA8, 0x21, 0xC9, 0x21, 0xA9, 0x21, 0xC8, 0x21, 0xA9, 0x21, 0xC9,
    0x21, 0xA8, 0x21, 0xC9, 0x21, 0xA9, 0x21, 0xC8, 0x21, 0xA9, 0x21, 0xC9, 0x21, 0xA8, 0x21, 0xC9,
    0x21, 0xA9, 0x21, 0xC8, 0x21, 0xA9, 0x21, 0xC9, 0x21, 0xA8, 0x21, 0xC9, 0x21, 0xA9, 0x21, 0xC8,
    0x21, 0xA9, 0x21, 0xC9, 0x21, 0xA8, 0x21, 0xC9, 0x21, 0xA9, 0x21, 0xC8, 0x21, 0xA9, 0x21, 0xC9,
    0x21, 0xA8, 0x21, 0xC9, 0x21, 0xA9, 0x21, 0xC8, 0x21, 0xA9, 0x21, 0xC9, 0x21, 0xA8, 0x21, 0xC9,
    0x21, 0xA9, 0x21, 0xC8, 0x21, 0xA9, 0x21, 0xC9, 0x21, 0xA8, 0x21, 0xC9, 0x21, 0xA9, 0x21, 0xC8,
    0x21, 0xA9, 0x21, 0xC9, 0x21, 0xA8, 0x21, 0xC9, 0x21, 0xA9, 0x21, 0xC8, 0x21, 0xA9, 0x21, 0xC9,
    0x21, 0xA8, 0x21, 0xC9, 0x21, 0xA9, 0x21, 0xC8, 0x21, 0xA9, 0x21, 0xC9, 0x21, 0xA8, 0x21, 0xC9,
    0x21, 0xA9, 0x21, 0xC8, 0x21, 0xA9, 0x21, 0xC9, 0x21, 0xA8, 0x21, 0xC9, 0x21, 0xA9, 0x21, 0xC8,
    0x21, 0xA9, 0x21, 0xC9, 0x21, 0xA8, 0x21, 0xC9, 0x21, 0xA9, 0x21, 0xC8, 0x21, 0xA9, 0x21, 0xC9,
    0x21, 0xA8, 0x21, 0xC9, 0x21, 0xC9, 0x21, 0xC8, 0x21, 0xA9, 0x21, 0xC9, 0x21, 0xA9, 0x21, 0xC8,
    0x21, 0xC9, 0x19, 0xC9, 0x21, 0xA9, 0x19, 0xC9, 0x21, 0xA9, 0x21, 0xC9, 0x19, 0xC9, 0x21, 0xC9,
    0x21, 0xC9, 0x19, 0xA9, 0x21, 0xC9, 0x21, 0xC9, 0x19, 0xC9, 0x21, 0xC9, 0x21, 0xC9, 0x19, 0xA9,
    0x21, 0xC9, 0x21, 0xC9, 0x19, 0xC9, 0x21, 0xC9, 0x21, 0xC9, 0x19, 0xA9, 0x21, 0xC9, 0x21, 0xC9,
    0x19, 0xC9, 0x21, 0xC9, 0x21, 0xC9, 0x19, 0xA9, 0x21, 0xC9, 0x21, 0xC9, 0x19, 0xC9, 0x21, 0xC9,
    0x21, 0xC9, 0x19, 0xA9, 0x21, 0xC9, 0x21, 0xC9, 0x19, 0xC9, 0x21, 0xC9, 0x21, 0xC9, 0x19, 0xA9,
    0x21, 0xC9, 0x21, 0xC9, 0x19, 0xC9, 0x21, 0xC9, 0x21, 0xC9, 0x19, 0xA9, 0x21, 0xC9, 0x21, 0xC9,
    0x19, 0xC9, 0x21, 0xC9, 0x21, 0xC9, 0x19, 0xA9, 0x21, 0xC9, 0x21, 0xC9, 0x19, 0xC9, 0x21, 0xC9,
    0x21, 0xC9, 0x19, 0xA9, 0x21, 0xC9, 0x21, 0xC9, 0x19, 0xC9, 0x21, 0xC9, 0x21, 0xC9, 0x19, 0xA9,
    0x21, 0xC9, 0x21, 0xC9, 0x19, 0xC9, 0x21, 0xC9, 0x21, 0xC9, 0x19, 0xA9, 0x21, 0xC9, 0x21, 0xC9,
    0x19, 0xC9, 0x21, 0xC9, 0x21, 0xC9, 0x19, 0xA9, 0x21, 0xC9, 0x21, 0xC9, 0x19, 0xC9, 0x21, 0xC9,
    0x21, 0xC9, 0x19, 0xA9, 0x21, 0xC9, 0x21, 0xC9, 0x19, 0xC9, 0x21, 0xC9, 0x21, 0xC9, 0x19, 0xA9,
    0x21, 0xC9, 0x21, 0xC9, 0x19, 0xC9, 0x21, 0xC9, 0x21, 0xC9, 0x19, 0xA9, 0x21, 0xC9, 0x21, 0xC9,
    0x19, 0xC9, 0x21, 0xC9, 0x21, 0xC9, 0x19, 0xA9, 0x21, 0xC9, 0x21, 0xC9, 0x19, 0xC9, 0x21, 0xC9,
    0x21, 0xC9, 0x19, 0xA9, 0x21, 0xC9, 0x21, 0xC9, 0x19, 0xC9, 0x21, 0xC9, 0x21, 0xC9, 0x19, 0xA9,
    0x21, 0xC9, 0x21, 0xC9, 0x19, 0xC9, 0x21, 0xC9, 0x21, 0xC9, 0x19, 0xA9, 0x21, 0xC9, 0x21, 0xC9,
    0x19, 0xC9, 0x21, 0xA9, 0x21, 0xC9, 0x19, 0xA9, 0x21, 0xC9, 0x21, 0xC9, 0x19, 0xA9, 0x21, 0xC9,
    0x21, 0xC9, 0x21, 0xC9, 0x21, 0xC9, 0x21, 0xC9, 0x21, 0xC9, 0x21, 0xC9, 0x21, 0xC9, 0x21, 0xC9,
    0x21, 0xC9, 0x21, 0xC9, 0x21, 0xC9, 0x21, 0xC9, 0x21, 0xC9, 0x21, 0xC9, 0x21, 0xC9, 0x21, 0xC9,
    0x21, 0xC9, 0x21, 0xC9, 0x21, 0xC9, 0x21, 0xC9, 0x21, 0xC9, 0x21, 0xC9, 0x21, 0xC9, 0x21, 0xC9,
    0x21, 0xC9, 0x21, 0xC9, 0x21, 0xC9, 0x21, 0xC9, 0x21, 0xC9, 0x21, 0xC9, 0x21, 0xC9, 0x21, 0xC9,
    0x21, 0xC9, 0x21, 0xC9, 0x21, 0xC9, 0x21, 0xC9, 0x21, 0xC9, 0x21, 0xC9, 0x21, 0xC9, 0x21, 0xC9,
    0x21, 0xC9, 0x21, 0xC9, 0x21, 0xC9, 0x21, 0xC9, 0x21, 0xC9, 0x21, 0xC9, 0x21, 0xC9, 0x21, 0xC9,
    0x21, 0xC9, 0x21, 0xC9, 0x21, 0xC9, 0x21, 0xC9, 0x21, 0xC9, 0x21, 0xC9, 0x21, 0xC9, 0x21, 0xC9,
    0x21, 0xC9, 0x21, 0xC9, 0x21, 0xC9, 0x21, 0xC9, 0x21, 0xC9, 0x21, 0xC9, 0x21, 0xC9, 0x21, 0xC9,
    0x21, 0xC9, 0x21, 0xC9, 0x21, 0xC9, 0x21, 0xC9, 0x21, 0xC9, 0x21, 0xC9, 0x21, 0xC9, 0x21, 0xC9,
    0x21, 0xC9, 0x21, 0xC9, 0x21, 0xC9, 0x21, 0xC9, 0x21, 0xC9, 0x21, 0xC9, 0x21, 0xC9, 0x21, 0xC9,
    0x21, 0xC9, 0x21, 0xC9, 0x21, 0xC9, 0x21, 0xC9, 0x21, 0xC9, 0x21, 0xC9, 0x21, 0xC9, 0x21, 0xC9,
    0x21, 0xC9, 0x21, 0xC9, 0x21, 0xC9, 0x21, 0xC9, 0x21, 0xC9, 0x21, 0xC9, 0x21, 0xC9, 0x21, 0xC9,
    0x21, 0xC9, 0x21, 0xC9, 0x21, 0xC9, 0x21, 0xC9, 0x21, 0xC9, 0x21, 0xC9, 0x21, 0xC9, 0x21, 0xC9,
    0x21, 0xC9, 0x21, 0xC9, 0x21, 0xC9, 0x21, 0xC9, 0x21, 0xC9, 0x21, 0xC9, 0x21, 0xC9, 0x21, 0xC9,
    0x21, 0xC9, 0x21, 0xC9, 0x21, 0xC9, 0x21, 0xC9, 0x21, 0xC9, 0x21, 0xC9, 0x21, 0xC9, 0x21, 0xC9,
    0x21, 0xC9, 0x21, 0xC9, 0x21, 0xC9, 0x21, 0xC9, 0x21, 0xC9, 0x21, 0xC9, 0x21, 0xC9, 0x21, 0xC9,
    0x21, 0xC9, 0x21, 0xC9, 0x21, 0xC9, 0x21, 0xC9, 0x21, 0xC9, 0x21, 0xC9, 0x21, 0xC9, 0x21, 0xC9,
    0x21, 0xC9, 0x21, 0xC9, 0x21, 0xC9, 0x21, 0xC9, 0x21, 0xC9, 0x21, 0xC9, 0x21, 0xC9, 0x21, 0xC9,
    0x21, 0xC9, 0x21, 0xC9, 0x21, 0xC9, 0x21, 0xC9, 0x21, 0xC9, 0x21, 0xC9, 0x21, 0xC9, 0x21, 0xC9,
    0x21, 0xC9, 0x21, 0xC9, 0x21, 0xC9, 0x21, 0xC9, 0x21, 0xC9, 0x21, 0xC9, 0x21, 0xC9, 0x21, 0xC9,
    0x21, 0xC9, 0x21, 0xC9, 0x21, 0xC9, 0x21, 0xC9, 0x21, 0xC9, 0x21, 0xC9, 0x21, 0xC9, 0x21, 0xC9,
    0x21, 0xC9, 0x21, 0xC9, 0x21, 0xC9, 0x21, 0xC9, 0x21, 0xC9, 0x21, 0xC9, 0x21, 0xC9, 0x21, 0xC9,
    0x21, 0xC9, 0x21, 0xC9, 0x21, 0xC9, 0x21, 0xC9, 0x21, 0xC9, 0x21, 0xC9, 0x21, 0xC9, 0x21, 0xC9,
    0x21, 0xC9, 0x21, 0xC9, 0x21, 0xC9, 0x21, 0xC9, 0x21, 0xC9, 0x21, 0xC9, 0x21, 0xC9, 0x21, 0xC9,
    0x21, 0xC9, 0x21, 0xC9, 0x21, 0xC9, 0x21, 0xC9, 0x21, 0xC9, 0x21, 0xC9, 0x21, 0xC9, 0x21, 0xC9,
    0x21, 0xC9, 0x21, 0xC9, 0x21, 0xC9, 0x21, 0xC9, 0x21, 0xC9, 0x21, 0xC9, 0x21, 0xC9, 0x21, 0xC9,
    0x21, 0xC9, 0x21, 0xC9, 0x21, 0xC9, 0x21, 0xC9, 0x21, 0xC9, 0x21, 0xC9, 0x21, 0xC9, 0x21, 0xC9,
    0x21, 0xC9, 0x21, 0xC9, 0x21, 0xC9, 0x21, 0xC9, 0x21, 0xC9, 0x21, 0xC9, 0x21, 0xC9, 0x21, 0xC9,
    0x21, 0xC9, 0x21, 0xC9, 0x21, 0xC9, 0x21, 0xC9, 0x21, 0xC9, 0x21, 0xC9, 0x21, 0xC9, 0x21, 0xC9,
    0x21, 0xC9, 0x21, 0xC9, 0x21, 0xC9, 0x21, 0xC9, 0x21, 0xC9, 0x21, 0xC9, 0x21, 0xC9, 0x21, 0xC9,
    0x21, 0xC9, 0x21, 0xC9, 0x21, 0xC9, 0x21, 0xC9, 0x21, 0xC9, 0x21, 0xC9, 0x21, 0xC9, 0x21, 0xC9,
    0x21, 0xC9, 0x21, 0xC9, 0x21, 0xC9, 0x21, 0xC9, 0x21, 0xC9, 0x21, 0xC9, 0x21, 0xC9, 0x21, 0xC9,
    0x21, 0xC9, 0x21, 0xC9, 0x21, 0xC9, 0x21, 0xC9, 0x21, 0xC9, 0x21, 0xC9, 0x21, 0xC9, 0x21, 0xC9,
    0x21, 0xC9, 0x21, 0xC9, 0x21, 0xC9, 0x21, 0xC9, 0x21, 0xC9, 0x21, 0xC9, 0x21, 0xC9, 0x21, 0xC9,
    0x21, 0xC9, 0x21, 0xC9, 0x21, 0xC9, 0x21, 0xC9, 0x21, 0xC9, 0x21, 0xC9, 0x21, 0xC9, 0x21, 0xC9,
    0x21, 0xC9, 0x21, 0xC9, 0x21, 0xC9, 0x21, 0xC9, 0x21, 0xC9, 0x21, 0xC9, 0x21, 0xC9, 0x21, 0xC9,
    0x21, 0xC9, 0x21, 0xC9, 0x21, 0xC9, 0x21, 0xC9, 0x21, 0xC9, 0x21, 0xC9, 0x21, 0xC9, 0x21, 0xC9,
    0x21, 0xC9, 0x21, 0xC9, 0x21, 0xC9, 0x21, 0xC9, 0x21, 0xC9, 0x21, 0xC9, 0x21, 0xC9, 0x21, 0xC9,
    0x21, 0xC9, 0x21, 0xC9, 0x21, 0xC9, 0x21, 0xC9, 0x21, 0xC9, 0x21, 0xC9, 0x21, 0xC9, 0x21, 0xC9,
    0x21, 0xC9, 0x21, 0xC9, 0x21, 0xC9, 0x21, 0xC9, 0x21, 0xC9, 0x21, 0xC9, 0x21, 0xC9, 0x21, 0xC9,
    0x21, 0xC9, 0x21, 0xC9, 0x21, 0xC9, 0x21, 0xC9, 0x21, 0xC9, 0x21, 0xC9, 0x21, 0xC9, 0x21, 0xC9,
    0x21, 0xC9, 0x21, 0xC9, 0x21, 0xC9, 0x21, 0xC9, 0x21, 0xC9, 0x21, 0xC9, 0x21, 0xC9, 0x21, 0xC9,
    0x21, 0xC9, 0x21, 0xC9, 0x21, 0xC9, 0x21, 0xC9, 0x21, 0xC9, 0x21, 0xC9, 0x21, 0xC9, 0x21, 0xC9,
    0x21, 0xC9, 0x21, 0xC9, 0x21, 0xC9, 0x21, 0xC9, 0x21, 0xC9, 0x21, 0xC9, 0x21, 0xC9, 0x21, 0xC9,
    0x21, 0xC9, 0x21, 0xC9, 0x21, 0xC9, 0x21, 0xC9, 0x21, 0xC9, 0x21, 0xC9, 0x21, 0xC9, 0x21, 0xC9,
    0x21, 0xC9, 0x21, 0xC9, 0x21, 0xC9, 0x21, 0xC9, 0x21, 0xC9, 0x21, 0xC9, 0x21, 0xC9, 0x21, 0xC9,
    0x21, 0xC9, 0x21, 0xC9, 0x21, 0xC9, 0x21, 0xC9, 0x21, 0xC9, 0x21, 0xC9, 0x21, 0xC9, 0x21, 0xC9,
    0x21, 0xC9, 0x21, 0xC9, 0x21, 0xC9, 0x21, 0xC9, 0x21, 0xC9, 0x21, 0xC9, 0x21, 0xC9, 0x21, 0xC9,
    0x21, 0xC9, 0x21, 0xC9, 0x21, 0xC9, 0x21, 0xC9, 0x21, 0xC9, 0x21, 0xC9, 0x21, 0xC9, 0x21, 0xC9,
    0x21, 0xC9, 0x21, 0xC9, 0x21, 0xC9, 0x21, 0xC9, 0x21, 0xC9, 0x21, 0xC9, 0x21, 0xC9, 0x21, 0xC9,
    0x21, 0xC9, 0x21, 0xC9, 0x21, 0xC9, 0x21, 0xC9, 0x21, 0xC9, 0x21, 0xC9, 0x21, 0xC9, 0x21, 0xC9,
    0x21, 0xC9, 0x21, 0xC9, 0x21, 0xC9, 0x21, 0xC9, 0x21, 0xC9, 0x21, 0xC9, 0x21, 0xC9, 0x21, 0xC9,
    0x21, 0xC9, 0x21, 0xC9, 0x21, 0xC9, 0x21, 0xC9, 0x21, 0xC9, 0x21, 0xC9, 0x21, 0xC9, 0x21, 0xC9,
    0x21, 0xC9, 0x21, 0xC9, 0x21, 0xC9, 0x21, 0xC9, 0x21, 0xC9, 0x21, 0xC9, 0x21, 0xC9, 0x21, 0xC9,
    0x21, 0xC9, 0x21, 0xC9, 0x21, 0xC9, 0x21, 0xC9, 0x21, 0xC9, 0x21, 0xC9, 0x21, 0xC9, 0x21, 0xC9,
    0x21, 0xC9, 0x21, 0xC9, 0x21, 0xC9, 0x21, 0xC9, 0x21, 0xC9, 0x21, 0xC9, 0x21, 0xC9, 0x21, 0xC9,
    0x21, 0xC9, 0x21, 0xC9, 0x21, 0xC9, 0x21, 0xC9, 0x21, 0xC9, 0x21, 0xC9, 0x21, 0xC9, 0x21, 0xC9,
    0x21, 0xC9, 0x21, 0xC9, 0x21, 0xC9, 0x21, 0xC9, 0x21, 0xC9, 0x21, 0xC9, 0x21, 0xC9, 0x21, 0xC9,
    0x21, 0xC9, 0x21, 0xC9, 0x21, 0xC9, 0x21, 0xC9, 0x21, 0xC9, 0x21, 0xC9, 0x21, 0xC9, 0x21, 0xC9,
    0x21, 0xC9, 0x21, 0xC9, 0x21, 0xC9, 0x21, 0xC9, 0x21, 0xC9, 0x21, 0xC9, 0x21, 0xC9, 0x21, 0xC9,
    0x21, 0xC9, 0x21, 0xC9, 0x21, 0xC9, 0x21, 0xC9, 0x21, 0xC9, 0x21, 0xC9, 0x21, 0xC9, 0x21, 0xC9,
    0x21, 0xC9, 0x21, 0xC9, 0x21, 0xC9, 0x21, 0xC9, 0x21, 0xC9, 0x21, 0xC9, 0x21, 0xC9, 0x21, 0xC9,
    0x21, 0xC9, 0x21, 0xC9, 0x21, 0xC9, 0x21, 0xC9, 0x21, 0xC9, 0x21, 0xC9, 0x21, 0xC9, 0x21, 0xC9,
    0x21, 0xC9, 0x21, 0xC9, 0x21, 0xC9, 0x21, 0xC9, 0x21, 0xC9, 0x21, 0xC9, 0x21, 0xC9, 0x21, 0xC9,
    0x21, 0xC9, 0x21, 0xC9, 0x21, 0xC9, 0x21, 0xC9, 0x21, 0xC9, 0x21, 0xC9, 0x21, 0xC9, 0x21, 0xC9,
    0x21, 0xC9, 0x21, 0xC9, 0x21, 0xC9, 0x21, 0xC9, 0x21, 0xC9, 0x21, 0xC9, 0x21, 0xC9, 0x21, 0xC9,
    0x21, 0xC9, 0x21, 0xC9, 0x21, 0xC9, 0x21, 0xC9, 0x21, 0xC9, 0x21, 0xC9, 0x21, 0xC9, 0x21, 0xC9,
    0x21, 0xC9, 0x21, 0xC9, 0x21, 0xC9, 0x21, 0xC9, 0x21, 0xC9, 0x21, 0xC9, 0x21, 0xC9, 0x21, 0xC9,
    0x21, 0xC9, 0x21, 0xC9, 0x21, 0xC9, 0x21, 0xC9, 0x21, 0xC9, 0x21, 0xC9, 0x21, 0xC9, 0x21, 0xC9,
    0x21, 0xC9, 0x21, 0xC9, 0x21, 0xC9, 0x21, 0xC9, 0x21, 0xC9, 0x21, 0xC9, 0x21, 0xC9, 0x21, 0xC9,
    0x21, 0xC9, 0x21, 0xC9, 0x21, 0xC9, 0x21, 0xC9, 0x21, 0xC9, 0x21, 0xC9, 0x21, 0xC9, 0x21, 0xC9,
    0x21, 0xC9, 0x21, 0xC9, 0x21, 0xC9, 0x21, 0xC9, 0x21, 0xC9, 0x21, 0xC9, 0x21, 0xC9, 0x21, 0xC9,
    0x21, 0xC9, 0x21, 0xC9, 0x21, 0xC9, 0x21, 0xC9, 0x21, 0xC9, 0x21, 0xC9, 0x21, 0xC9, 0x21, 0xC9,
    0x21, 0xC9, 0x21, 0xC9, 0x21, 0xC9, 0x21, 0xC9, 0x21, 0xC9, 0x21, 0xC9, 0x21, 0xC9, 0x21, 0xC9,
    0x21, 0xC9, 0x21, 0xC9, 0x21, 0xC9, 0x21, 0xC9, 0x21, 0xC9, 0x21, 0xC9, 0x21, 0xC9, 0x21, 0xC9,
    0x21, 0xC9, 0x21, 0xC9, 0x21, 0xC9, 0x21, 0xC9, 0x21, 0xC9, 0x21, 0xC9, 0x21, 0xC9, 0x21, 0xC9,
    0x21, 0xC9, 0x21, 0xC9, 0x21, 0xC9, 0x21, 0xC9, 0x21, 0xC9, 0x21, 0xC9, 0x21, 0xC9, 0x21, 0xC9,
    0x21, 0xC9, 0x21, 0xC9, 0x21, 0xC9, 0x21, 0xC9, 0x21, 0xC9, 0x21, 0xC9, 0x21, 0xC9, 0x21, 0xC9,
    0x21, 0xC9, 0x21, 0xC9, 0x21, 0xC9, 0x21, 0xC9, 0x21, 0xC9, 0x21, 0xC9, 0x21, 0xC9, 0x21, 0xC9,
    0x21, 0xC9, 0x21, 0xC9, 0x21, 0xC9, 0x21, 0xC9, 0x21, 0xC9, 0x21, 0xC9, 0x21, 0xC9, 0x21, 0xC9,
    0x21, 0xC9, 0x21, 0xC9, 0x21, 0xC9, 0x21, 0xC9, 0x21, 0xC9, 0x21, 0xC9, 0x21, 0xC9, 0x21, 0xC9,
    0x21, 0xC9, 0x21, 0xC9, 0x21, 0xC9, 0x21, 0xC9, 0x21, 0xC9, 0x21, 0xC9, 0x21, 0xC9, 0x21, 0xC9,
    0x21, 0xC9, 0x21, 0xC9, 0x21, 0xC9, 0x21, 0xC9, 0x21, 0xC9, 0x21, 0xC9, 0x21, 0xC9, 0x21, 0xC9,
    0x21, 0xC9, 0x21, 0xC9, 0x21, 0xC9, 0x21, 0xC9, 0x21, 0xC9, 0x21, 0xC9, 0x21, 0xC9, 0x21, 0xC9,
    0x21, 0xC9, 0x21, 0xC9, 0x21, 0xC9, 0x21, 0xC9, 0x21, 0xC9, 0x21, 0xC9, 0x21, 0xC9, 0x21, 0xC9,
    0x21, 0xC9, 0x21, 0xC9, 0x21, 0xC9, 0x21, 0xC9, 0x21, 0xC9, 0x21, 0xC9, 0x21, 0xC9, 0x21, 0xC9,
    0x21, 0xC9, 0x21, 0xC9, 0x21, 0xC9, 0x21, 0xC9, 0x21, 0xC9, 0x21, 0xC9, 0x21, 0xC9, 0x21, 0xC9,
    0x21, 0xC9, 0x21, 0xC9, 0x21, 0xC9, 0x21, 0xC9, 0x21, 0xC9, 0x21, 0xC9, 0x21, 0xC9, 0x21, 0xC9,
    0x21, 0xC9, 0x21, 0xC9, 0x21, 0xC9, 0x21, 0xC9, 0x21, 0xC9, 0x21, 0xC9, 0x21, 0xC9, 0x21, 0xC9,
    0x21, 0xC9, 0x21, 0xC9, 0x21, 0xC9, 0x21, 0xC9, 0x21, 0xC9, 0x21, 0xC9, 0x21, 0xC9, 0x21, 0xC9,
    0x21, 0xC9, 0x21, 0xC9, 0x21, 0xC9, 0x21, 0xC9, 0x21, 0xC9, 0x21, 0xC9, 0x21, 0xC9, 0x21, 0xC9,
    0x21, 0xC9, 0x21, 0xC9, 0x21, 0xC9, 0x21, 0xC9, 0x21, 0xC9, 0x21, 0xC9, 0x21, 0xC9, 0x21, 0xC9,
    0x21, 0xC9, 0x21, 0xC9, 0x21, 0xC9, 0x21, 0xC9, 0x21, 0xC9, 0x21, 0xC9, 0x21, 0xC9, 0x21, 0xC9,
    0x21, 0xC9, 0x21, 0xC9, 0x21, 0xC9, 0x21, 0xC9, 0x21, 0xC9, 0x21, 0xC9, 0x21, 0xC9, 0x21, 0xC9,
    0x21, 0xC9, 0x21, 0xC9, 0x21, 0xC9, 0x21, 0xC9, 0x21, 0xC9, 0x21, 0xC9, 0x21, 0xC9, 0x21, 0xC9,
    0x21, 0xC9, 0x21, 0xC9, 0x21, 0xC9, 0x21, 0xC9, 0x21, 0xC9, 0x21, 0xC9, 0x21, 0xC9, 0x21, 0xC9,
    0x21, 0xC9, 0x21, 0xC9, 0x21, 0xC9, 0x21, 0xC9, 0x21, 0xC9, 0x21, 0xC9, 0x21, 0xC9, 0x21, 0xC9,
    0x21, 0xC9, 0x21, 0xC9, 0x21, 0xC9, 0x21, 0xC9, 0x21, 0xC9, 0x21, 0xC9, 0x21, 0xC9, 0x21, 0xC9,
    0x21, 0xC9, 0x21, 0xC9, 0x21, 0xC9, 0x21, 0xC9, 0x21, 0xC9, 0x21, 0xC9, 0x21, 0xC9, 0x21, 0xC9,
    0x21, 0xC9, 0x21, 0xC9, 0x21, 0xC9, 0x21, 0xC9, 0x21, 0xC9, 0x21, 0xC9, 0x21, 0xC9, 0x21, 0xC9,
    0x21, 0xC9, 0x21, 0xC9, 0x21, 0xC9, 0x21, 0xC9, 0x21, 0xC9, 0x21, 0xC9, 0x21, 0xC9, 0x21, 0xC9,
    0x21, 0xC9, 0x21, 0xC9, 0x21, 0xC9, 0x21, 0xC9, 0x21, 0xC9, 0x21, 0xC9, 0x21, 0xC9, 0x21, 0xC9,
    0x21, 0xC9, 0x21, 0xC9, 0x21, 0xC9, 0x21, 0xC9, 0x21, 0xC9, 0x21, 0xC9, 0x21, 0xC9, 0x21, 0xC9,
    0x21, 0xC9, 0x21, 0xC9, 0x21, 0xC9, 0x21, 0xC9, 0x21, 0xC9, 0x21, 0xC9, 0x21, 0xC9, 0x21, 0xC9,
    0x21, 0xC9, 0x21, 0xC9, 0x21, 0xC9, 0x21, 0xC9, 0x21, 0xC9, 0x21, 0xC9, 0x21, 0xC9, 0x21, 0xC9,
    0x21, 0xC9, 0x21, 0xC9, 0x21, 0xC9, 0x21, 0xC9, 0x21, 0xC9, 0x21, 0xC9, 0x21, 0xC9, 0x21, 0xC9,
    0x21, 0xC9, 0x21, 0xC9, 0x21, 0xC9, 0x21, 0xC9, 0x21, 0xC9, 0x21, 0xC9, 0x21, 0xC9, 0x21, 0xC9,
    0x21, 0xC9, 0x21, 0xC9, 0x21, 0xC9, 0x21, 0xC9, 0x21, 0xC9, 0x21, 0xC9, 0x21, 0xC9, 0x21, 0xC9,
    0x21, 0xC9, 0x21, 0xC9, 0x21, 0xC9, 0x21, 0xC9, 0x21, 0xC9, 0x21, 0xC9, 0x21, 0xC9, 0x21, 0xC9,
    0x21, 0xC9, 0x21, 0xC9, 0x21, 0xC9, 0x21, 0xC9, 0x21, 0xC9, 0x21, 0xC9, 0x21, 0xC9, 0x21, 0xC9,
    0x21, 0xC9, 0x21, 0xC9, 0x21, 0xC9, 0x21, 0xC9, 0x21, 0xC9, 0x21, 0xC9, 0x21, 0xC9, 0x21, 0xC9,
    0x21, 0xC9, 0x21, 0xC9, 0x21, 0xC9, 0x21, 0xC9, 0x21, 0xC9, 0x21, 0xC9, 0x21, 0xC9, 0x21, 0xC9,
    0x21, 0xC9, 0x21, 0xE9, 0x21, 0xC9, 0x21, 0xC9, 0x21, 0xE9, 0x21, 0xC9, 0x21, 0xC9, 0x21, 0xE9,
    0x21, 0xC9, 0x21, 0xC9, 0x21, 0xE9, 0x21, 0xC9, 0x21, 0xC9, 0x21, 0xE9, 0x21, 0xC9, 0x21, 0xC9,
    0x21, 0xE9, 0x21, 0xC9, 0x21, 0xC9, 0x21, 0xE9, 0x21, 0xC9, 0x21, 0xC9, 0x21, 0xE9, 0x21, 0xC9,
    0x21, 0xC9, 0x21, 0xE9, 0x21, 0xC9, 0x21, 0xC9, 0x21, 0xE9, 0x21, 0xC9, 0x21, 0xC9, 0x21, 0xE9,
    0x21, 0xC9, 0x21, 0xC9, 0x21, 0xE9, 0x21, 0xC9, 0x21, 0xC9, 0x21, 0xE9, 0x21, 0xC9, 0x21, 0xC9,
    0x21, 0xE9, 0x21, 0xC9, 0x21, 0xC9, 0x21, 0xE9, 0x21, 0xC9, 0x21, 0xC9, 0x21, 0xE9, 0x21, 0xC9,
    0x21, 0xC9, 0x21, 0xE9, 0x21, 0xC9, 0x21, 0xC9, 0x21, 0xE9, 0x21, 0xC9, 0x21, 0xC9, 0x21, 0xE9,
    0x21, 0xC9, 0x21, 0xC9, 0x21, 0xE9, 0x21, 0xC9, 0x21, 0xC9, 0x21, 0xE9, 0x21, 0xC9, 0x21, 0xC9,
    0x21, 0xE9, 0x21, 0xC9, 0x21, 0xC9, 0x21, 0xE9, 0x21, 0xC9, 0x21, 0xC9, 0x21, 0xE9, 0x21, 0xC9,
    0x21, 0xC9, 0x21, 0xE9, 0x21, 0xC9, 0x21, 0xC9, 0x21, 0xE9, 0x21, 0xC9, 0x21, 0xC9, 0x21, 0xE9,
    0x21, 0xC9, 0x21, 0xC9, 0x21, 0xE9, 0x21, 0xC9, 0x21, 0xC9, 0x21, 0xE9, 0x21, 0xC9, 0x21, 0xC9,
    0x21, 0xE9, 0x21, 0xC9, 0x21, 0xC9, 0x21, 0xE9, 0x21, 0xC9, 0x21, 0xC9, 0x21, 0xE9, 0x21, 0xC9,
    0x21, 0xC9, 0x21, 0xE9, 0x21, 0xC9, 0x21, 0xC9, 0x21, 0xE9, 0x21, 0xC9, 0x21, 0xC9, 0x21, 0xE9,
    0x21, 0xC9, 0x21, 0xC9, 0x21, 0xE9, 0x21, 0xC9, 0x21, 0xC9, 0x21, 0xE9, 0x21, 0xC9, 0x21, 0xC9,
    0x21, 0xE9, 0x21, 0xC9, 0x21, 0xC9, 0x21, 0xE9, 0x21, 0xC9, 0x21, 0xC9, 0x21, 0xE9, 0x21, 0xC9,
    0x21, 0xC9, 0x21, 0xE9, 0x21, 0xC9, 0x21, 0xC9, 0x21, 0xE9, 0x21, 0xC9, 0x21, 0xC9, 0x21, 0xC9,
    0x21, 0xC9, 0x29, 0xC9, 0x21, 0xE9, 0x21, 0xC9, 0x29, 0xC9, 0x21, 0xE9, 0x21, 0xC9, 0x29, 0xC9,
    0x21, 0xE9, 0x21, 0xC9, 0x29, 0xC9, 0x21, 0xE9, 0x21, 0xC9, 0x29, 0xC9, 0x21, 0xE9, 0x21, 0xC9,
    0x29, 0xC9, 0x21, 0xE9, 0x21, 0xC9, 0x29, 0xC9, 0x21, 0xE9, 0x21, 0xC9, 0x29, 0xC9, 0x21, 0xE9,
    0x21, 0xC9, 0x29, 0xC9, 0x21, 0xE9, 0x21, 0xC9, 0x29, 0xC9, 0x21, 0xE9, 0x21, 0xC9, 0x29, 0xC9,
    0x21, 0xE9, 0x21, 0xC9, 0x29, 0xC9, 0x21, 0xE9, 0x21, 0xC9, 0x29, 0xC9, 0x21, 0xE9, 0x21, 0xC9,
    0x29, 0xC9, 0x21, 0xE9, 0x21, 0xC9, 0x29, 0xC9, 0x21, 0xE9, 0x21, 0xC9, 0x29, 0xC9, 0x21, 0xE9,
    0x21, 0xC9, 0x29, 0xC9, 0x21, 0xE9, 0x21, 0xC9, 0x29, 0xC9, 0x21, 0xE9, 0x21, 0xC9, 0x29, 0xC9,
    0x21, 0xE9, 0x21, 0xC9, 0x29, 0xC9, 0x21, 0xE9, 0x21, 0xC9, 0x29, 0xC9, 0x21, 0xE9, 0x21, 0xC9,
    0x29, 0xC9, 0x21, 0xE9, 0x21, 0xC9, 0x29, 0xC9, 0x21, 0xE9, 0x21, 0xC9, 0x29, 0xC9, 0x21, 0xE9,
    0x21, 0xC9, 0x29, 0xC9, 0x21, 0xE9, 0x21, 0xC9, 0x29, 0xC9, 0x21, 0xE9, 0x21, 0xC9, 0x29, 0xC9,
    0x21, 0xE9, 0x21, 0xC9, 0x29, 0xC9, 0x21, 0xE9, 0x21, 0xC9, 0x29, 0xC9, 0x21, 0xE9, 0x21, 0xC9,
    0x29, 0xC9, 0x21, 0xE9, 0x21, 0xC9, 0x29, 0xC9, 0x21, 0xE9, 0x21, 0xC9, 0x29, 0xC9, 0x21, 0xE9,
    0x21, 0xC9, 0x29, 0xC9, 0x21, 0xE9, 0x21, 0xC9, 0x29, 0xC9, 0x21, 0xE9, 0x21, 0xC9, 0x29, 0xC9,
    0x21, 0xE9, 0x21, 0xC9, 0x29, 0xC9, 0x21, 0xE9, 0x21, 0xC9, 0x29, 0xC9, 0x21, 0xE9, 0x21, 0xC9,
    0x29, 0xC9, 0x21, 0xE9, 0x21, 0xC9, 0x29, 0xC9, 0x21, 0xE9, 0x21, 0xC9, 0x29, 0xC9, 0x21, 0xE9,
    0x21, 0xC9, 0x29, 0xC9, 0x21, 0xE9, 0x21, 0xC9, 0x29, 0xC9, 0x21, 0xE9, 0x21, 0xC9, 0x29, 0xE9,
    0x21, 0xE9, 0x21, 0xC9, 0x21, 0xE9, 0x21, 0xC9, 0x21, 0xE9, 0x21, 0xC9, 0x21, 0xE9, 0x21, 0xC9,
    0x21, 0xE9, 0x21, 0xC9, 0x21, 0xE9, 0x21, 0xC9, 0x21, 0xE9, 0x21, 0xC9, 0x21, 0xE9, 0x21, 0xC9,
    0x21, 0xE9, 0x21, 0xC9, 0x21, 0xE9, 0x21, 0xC9, 0x21, 0xE9, 0x21, 0xC9, 0x21, 0xE9, 0x21, 0xC9,
    0x21, 0xE9, 0x21, 0xC9, 0x21, 0xE9, 0x21, 0xC9, 0x21, 0xE9, 0x21, 0xC9, 0x21, 0xE9, 0x21, 0xC9,
    0x21, 0xE9, 0x21, 0xC9, 0x21, 0xE9, 0x21, 0xC9, 0x21, 0xE9, 0x21, 0xC9, 0x21, 0xE9, 0x21, 0xC9,
    0x21, 0xE9, 0x21, 0xC9, 0x21, 0xE9, 0x21, 0xC9, 0x21, 0xE9, 0x21, 0xC9, 0x21, 0xE9, 0x21, 0xC9,
    0x21, 0xE9, 0x21, 0xC9, 0x21, 0xE9, 0x21, 0xC9, 0x21, 0xE9, 0x21, 0xC9, 0x21, 0xE9, 0x21, 0xC9,
    0x21, 0xE9, 0x21, 0xC9, 0x21, 0xE9, 0x21, 0xC9, 0x21, 0xE9, 0x21, 0xC9, 0x21, 0xE9, 0x21, 0xC9,
    0x21, 0xE9, 0x21, 0xC9, 0x21, 0xE9, 0x21, 0xC9, 0x21, 0xE9, 0x21, 0xC9, 0x21, 0xE9, 0x21, 0xC9,
    0x21, 0xE9, 0x21, 0xC9, 0x21, 0xE9, 0x21, 0xC9, 0x21, 0xE9, 0x21, 0xC9, 0x21, 0xE9, 0x21, 0xC9,
    0x21, 0xE9, 0x21, 0xC9, 0x21, 0xE9, 0x21, 0xC9, 0x21, 0xE9, 0x21, 0xC9, 0x21, 0xE9, 0x21, 0xC9,
    0x21, 0xE9, 0x21, 0xC9, 0x21, 0xE9, 0x21, 0xC9, 0x21, 0xE9, 0x21, 0xC9, 0x21, 0xE9, 0x21, 0xC9,
    0x21, 0xE9, 0x21, 0xC9, 0x21, 0xE9, 0x21, 0xC9, 0x21, 0xE9, 0x21, 0xC9, 0x21, 0xE9, 0x21, 0xC9,
    0x21, 0xE9, 0x21, 0xC9, 0x21, 0xE9, 0x21, 0xC9, 0x21, 0xE9, 0x21, 0xC9, 0x21, 0xE9, 0x21, 0xC9,
    0x21, 0xE9, 0x21, 0xC9, 0x21, 0xE9, 0x21, 0xC9, 0x21, 0xE9, 0x21, 0xC9, 0x21, 0xE9, 0x21, 0xC9,
    0x21, 0xE9, 0x21, 0xC9, 0x21, 0xE9, 0x21, 0xC9, 0x21, 0xE9, 0x21, 0xC9, 0x21, 0xC9, 0x21, 0xC9,
    0x29, 0xC9, 0x21, 0xE9, 0x29, 0xC9, 0x21, 0xC9, 0x29, 0xC9, 0x21, 0xC9, 0x29, 0xE9, 0x21, 0xC9,
    0x29, 0xC9, 0x21, 0xE9, 0x29, 0xC9, 0x21, 0xC9, 0x29, 0xE9, 0x21, 0xC9, 0x29, 0xC9, 0x21, 0xE9,
    0x29, 0xC9, 0x21, 0xC9, 0x29, 0xE9, 0x21, 0xC9, 0x29, 0xC9, 0x21, 0xE9, 0x29, 0xC9, 0x21, 0xC9,
    0x29, 0xE9, 0x21, 0xC9, 0x29, 0xC9, 0x21, 0xE9, 0x29, 0xC9, 0x21, 0xC9, 0x29, 0xE9, 0x21, 0xC9,
    0x29, 0xC9, 0x21, 0xE9, 0x29, 0xC9, 0x21, 0xC9, 0x29, 0xE9, 0x21, 0xC9, 0x29, 0xC9, 0x21, 0xE9,
    0x29, 0xC9, 0x21, 0xC9, 0x29, 0xE9, 0x21, 0xC9, 0x29, 0xC9, 0x21, 0xE9, 0x29, 0xC9, 0x21, 0xC9,
    0x29, 0xE9, 0x21, 0xC9, 0x29, 0xC9, 0x21, 0xE9, 0x29, 0xC9, 0x21, 0xC9, 0x29, 0xE9, 0x21, 0xC9,
    0x29, 0xC9, 0x21, 0xE9, 0x29, 0xC9, 0x21, 0xC9, 0x29, 0xE9, 0x21, 0xC9, 0x29, 0xC9, 0x21, 0xE9,
    0x29, 0xC9, 0x21, 0xC9, 0x29, 0xE9, 0x21, 0xC9, 0x29, 0xC9, 0x21, 0xE9, 0x29, 0xC9, 0x21, 0xC9,
    0x29, 0xE9, 0x21, 0xC9, 0x29, 0xC9, 0x21, 0xE9, 0x29, 0xC9, 0x21, 0xC9, 0x29, 0xE9, 0x21, 0xC9,
    0x29, 0xC9, 0x21, 0xE9, 0x29, 0xC9, 0x21, 0xC9, 0x29, 0xE9, 0x21, 0xC9, 0x29, 0xC9, 0x21, 0xE9,
    0x29, 0xC9, 0x21, 0xC9, 0x29, 0xE9, 0x21, 0xC9, 0x29, 0xC9, 0x21, 0xE9, 0x29, 0xC9, 0x21, 0xC9,
    0x29, 0xE9, 0x21, 0xC9, 0x29, 0xC9, 0x21, 0xE9, 0x29, 0xC9, 0x21, 0xC9, 0x29, 0xE9, 0x21, 0xC9,
    0x29, 0xC9, 0x21, 0xE9, 0x29, 0xC9, 0x21, 0xC9, 0x29, 0xE9, 0x21, 0xC9, 0x29, 0xC9, 0x21, 0xE9,
    0x29, 0xC9, 0x21, 0xC9, 0x29, 0xE9, 0x21, 0xC9, 0x29, 0xC9, 0x21, 0xE9, 0x29, 0xC9, 0x21, 0xC9,
    0x29, 0xE9, 0x21, 0xC9, 0x29, 0xC9, 0x21, 0xE9, 0x29, 0xC9, 0x21, 0xE9, 0x29, 0xC9, 0x21, 0xE9,
    0x21, 0xC9, 0x21, 0xCA, 0x29, 0xE9, 0x21, 0xCA, 0x21, 0xE9, 0x29, 0xCA, 0x21, 0xC9, 0x21, 0xEA,
    0x29, 0xC9, 0x21, 0xCA, 0x21, 0xE9, 0x29, 0xCA, 0x21, 0xC9, 0x21, 0xEA, 0x29, 0xC9, 0x21, 0xCA,
    0x21, 0xE9, 0x29, 0xCA, 0x21, 0xC9, 0x21, 0xEA, 0x29, 0xC9, 0x21, 0xCA, 0x21, 0xE9, 0x29, 0xCA,
    0x21, 0xC9, 0x21, 0xEA, 0x29, 0xC9, 0x21, 0xCA, 0x21, 0xE9, 0x29, 0xCA, 0x21, 0xC9, 0x21, 0xEA,
    0x29, 0xC9, 0x21, 0xCA, 0x21, 0xE9, 0x29, 0xCA, 0x21, 0xC9, 0x21, 0xEA, 0x29, 0xC9, 0x21, 0xCA,
    0x21, 0xE9, 0x29, 0xCA, 0x21, 0xC9, 0x21, 0xEA, 0x29, 0xC9, 0x21, 0xCA, 0x21, 0xE9, 0x29, 0xCA,
    0x21, 0xC9, 0x21, 0xEA, 0x29, 0xC9, 0x21, 0xCA, 0x21, 0xE9, 0x29, 0xCA, 0x21, 0xC9, 0x21, 0xEA,
    0x29, 0xC9, 0x21, 0xCA, 0x21, 0xE9, 0x29, 0xCA, 0x21, 0xC9, 0x21, 0xEA, 0x29, 0xC9, 0x21, 0xCA,
    0x21, 0xE9, 0x29, 0xCA, 0x21, 0xC9, 0x21, 0xEA, 0x29, 0xC9, 0x21, 0xCA, 0x21, 0xE9, 0x29, 0xCA,
    0x21, 0xC9, 0x21, 0xEA, 0x29, 0xC9, 0x21, 0xCA, 0x21, 0xE9, 0x29, 0xCA, 0x21, 0xC9, 0x21, 0xEA,
    0x29, 0xC9, 0x21, 0xCA, 0x21, 0xE9, 0x29, 0xCA, 0x21, 0xC9, 0x21, 0xEA, 0x29, 0xC9, 0x21, 0xCA,
    0x21, 0xE9, 0x29, 0xCA, 0x21, 0xC9, 0x21, 0xEA, 0x29, 0xC9, 0x21, 0xCA, 0x21, 0xE9, 0x29, 0xCA,
    0x21, 0xC9, 0x21, 0xEA, 0x29, 0xC9, 0x21, 0xCA, 0x21, 0xE9, 0x29, 0xCA, 0x21, 0xC9, 0x21, 0xEA,
    0x29, 0xC9, 0x21, 0xCA, 0x21, 0xE9, 0x29, 0xCA, 0x21, 0xC9, 0x21, 0xEA, 0x29, 0xC9, 0x21, 0xCA,
    0x21, 0xE9, 0x29, 0xCA, 0x21, 0xC9, 0x21, 0xEA, 0x29, 0xC9, 0x21, 0xCA, 0x21, 0xE9, 0x29, 0xCA,
    0x21, 0xC9, 0x21, 0xEA, 0x29, 0xC9, 0x21, 0xCA, 0x21, 0xC9, 0x29, 0xEA, 0x21, 0xC9, 0x21, 0xC9,
    0x29, 0xE9, 0x21, 0xE9, 0x21, 0xC9, 0x29, 0xE9, 0x21, 0xE9, 0x21, 0xE9, 0x29, 0xE9, 0x21, 0xC9,
    0x21, 0xE9, 0x29, 0xE9, 0x21, 0xC9, 0x21, 0xE9, 0x29, 0xE9, 0x21, 0xC9, 0x21, 0xE9, 0x29, 0xE9,
    0x21, 0xC9, 0x21, 0xE9, 0x29, 0xE9, 0x21, 0xC9, 0x21, 0xE9, 0x29, 0xE9, 0x21, 0xC9, 0x21, 0xE9,
    0x29, 0xE9, 0x21, 0xC9, 0x21, 0xE9, 0x29, 0xE9, 0x21, 0xC9, 0x21, 0xE9, 0x29, 0xE9, 0x21, 0xC9,
    0x21, 0xE9, 0x29, 0xE9, 0x21, 0xC9, 0x21, 0xE9, 0x29, 0xE9, 0x21, 0xC9, 0x21, 0xE9, 0x29, 0xE9,
    0x21, 0xC9, 0x21, 0xE9, 0x29, 0xE9, 0x21, 0xC9, 0x21, 0xE9, 0x29, 0xE9, 0x21, 0xC9, 0x21, 0xE9,
    0x29, 0xE9, 0x21, 0xC9, 0x21, 0xE9, 0x29, 0xE9, 0x21, 0xC9, 0x21, 0xE9, 0x29, 0xE9, 0x21, 0xC9,
    0x21, 0xE9, 0x29, 0xE9, 0x21, 0xC9, 0x21, 0xE9, 0x29, 0xE9, 0x21, 0xC9, 0x21, 0xE9, 0x29, 0xE9,
    0x21, 0xC9, 0x21, 0xE9, 0x29, 0xE9, 0x21, 0xC9, 0x21, 0xE9, 0x29, 0xE9, 0x21, 0xC9, 0x21, 0xE9,
    0x29, 0xE9, 0x21, 0xC9, 0x21, 0xE9, 0x29, 0xE9, 0x21, 0xC9, 0x21, 0xE9, 0x29, 0xE9, 0x21, 0xC9,
    0x21, 0xE9, 0x29, 0xE9, 0x21, 0xC9, 0x21, 0xE9, 0x29, 0xE9, 0x21, 0xC9, 0x21, 0xE9, 0x29, 0xE9,
    0x21, 0xC9, 0x21, 0xE9, 0x29, 0xE9, 0x21, 0xC9, 0x21, 0xE9, 0x29, 0xE9, 0x21, 0xC9, 0x21, 0xE9,
    0x29, 0xE9, 0x21, 0xC9, 0x21, 0xE9, 0x29, 0xE9, 0x21, 0xC9, 0x21, 0xE9, 0x29, 0xE9, 0x21, 0xC9,
    0x21, 0xE9, 0x29, 0xE9, 0x21, 0xC9, 0x21, 0xE9, 0x29, 0xE9, 0x21, 0xC9, 0x21, 0xE9, 0x29, 0xE9,
    0x21, 0xC9, 0x21, 0xE9, 0x29, 0xE9, 0x21, 0xC9, 0x21, 0xE9, 0x29, 0xE9, 0x21, 0xC9, 0x21, 0xE9,
    0x29, 0xE9, 0x21, 0xC9, 0x21, 0xE9, 0x29, 0xE9, 0x21, 0xE9, 0x21, 0xC9, 0x29, 0xE9, 0x21, 0xEA,
    0x21, 0xE9, 0x29, 0xC9, 0x21, 0xE9, 0x21, 0xC9, 0x29, 0xE9, 0x21, 0xC9, 0x21, 0xE9, 0x29, 0xE9,
    0x21, 0xC9, 0x21, 0xE9, 0x29, 0xE9, 0x21, 0xC9, 0x21, 0xE9, 0x29, 0xE9, 0x21, 0xC9, 0x21, 0xE9,
    0x29, 0xE9, 0x21, 0xC9, 0x21, 0xE9, 0x29, 0xE9, 0x21, 0xC9, 0x21, 0xE9, 0x29, 0xE9, 0x21, 0xC9,
    0x21, 0xE9, 0x29, 0xE9, 0x21, 0xC9, 0x21, 0xE9, 0x29, 0xE9, 0x21, 0xC9, 0x21, 0xE9, 0x29, 0xE9,
    0x21, 0xC9, 0x21, 0xE9, 0x29, 0xE9, 0x21, 0xC9, 0x21, 0xE9, 0x29, 0xE9, 0x21, 0xC9, 0x21, 0xE9,
    0x29, 0xE9, 0x21, 0xC9, 0x21, 0xE9, 0x29, 0xE9, 0x21, 0xC9, 0x21, 0xE9, 0x29, 0xE9, 0x21, 0xC9,
    0x21, 0xE9, 0x29, 0xE9, 0x21, 0xC9, 0x21, 0xE9, 0x29, 0xE9, 0x21, 0xC9, 0x21, 0xE9, 0x29, 0xE9,
    0x21, 0xC9, 0x21, 0xE9, 0x29, 0xE9, 0x21, 0xC9, 0x21, 0xE9, 0x29, 0xE9, 0x21, 0xC9, 0x21, 0xE9,
    0x29, 0xE9, 0x21, 0xC9, 0x21, 0xE9, 0x29, 0xE9, 0x21, 0xC9, 0x21, 0xE9, 0x29, 0xE9, 0x21, 0xC9,
    0x21, 0xE9, 0x29, 0xE9, 0x21, 0xC9, 0x21, 0xE9, 0x29, 0xE9, 0x21, 0xC9, 0x21, 0xE9, 0x29, 0xE9,
    0x21, 0xC9, 0x21, 0xE9, 0x29, 0xE9, 0x21, 0xC9, 0x21, 0xE9, 0x29, 0xE9, 0x21, 0xC9, 0x21, 0xE9,
    0x29, 0xE9, 0x21, 0xC9, 0x21, 0xE9, 0x29, 0xE9, 0x21, 0xC9, 0x21, 0xE9, 0x29, 0xE9, 0x21, 0xC9,
    0x21, 0xE9, 0x29, 0xE9, 0x21, 0xC9, 0x21, 0xE9, 0x29, 0xE9, 0x21, 0xC9, 0x21, 0xE9, 0x29, 0xE9,
    0x21, 0xC9, 0x21, 0xE9, 0x29, 0xE9, 0x21, 0xC9, 0x21, 0xE9, 0x29, 0xE9, 0x21, 0xC9, 0x21, 0xE9,
    0x29, 0xE9, 0x21, 0xC9, 0x21, 0xE9, 0x29, 0xE9, 0x21, 0xC9, 0x21, 0xE9, 0x29, 0xE9, 0x21, 0xC9,
    0x21, 0xE9, 0x29, 0xE9, 0x21, 0xC9, 0x21, 0xE9, 0x29, 0xC9, 0x21, 0xEA, 0x29, 0xC9, 0x21, 0xE9,
    0x29, 0xE9, 0x21, 0xEA, 0x29, 0xE9, 0x21, 0xEA, 0x29, 0xC9, 0x21, 0xEA, 0x29, 0xC9, 0x21, 0xEA,
    0x29, 0xC9, 0x21, 0xEA, 0x29, 0xC9, 0x21, 0xEA, 0x29, 0xC9, 0x21, 0xEA, 0x29, 0xC9, 0x21, 0xEA,
    0x29, 0xC9, 0x21, 0xEA, 0x29, 0xC9, 0x21, 0xEA, 0x29, 0xC9, 0x21, 0xEA, 0x29, 0xC9, 0x21, 0xEA,
    0x29, 0xC9, 0x21, 0xEA, 0x29, 0xC9, 0x21, 0xEA, 0x29, 0xC9, 0x21, 0xEA, 0x29, 0xC9, 0x21, 0xEA,
    0x29, 0xC9, 0x21, 0xEA, 0x29, 0xC9, 0x21, 0xEA, 0x29, 0xC9, 0x21, 0xEA, 0x29, 0xC9, 0x21, 0xEA,
    0x29, 0xC9, 0x21, 0xEA, 0x29, 0xC9, 0x21, 0xEA, 0x29, 0xC9, 0x21, 0xEA, 0x29, 0xC9, 0x21, 0xEA,
    0x29, 0xC9, 0x21, 0xEA, 0x29, 0xC9, 0x21, 0xEA, 0x29, 0xC9, 0x21, 0xEA, 0x29, 0xC9, 0x21, 0xEA,
    0x29, 0xC9, 0x21, 0xEA, 0x29, 0xC9, 0x21, 0xEA, 0x29, 0xC9, 0x21, 0xEA, 0x29, 0xC9, 0x21, 0xEA,
    0x29, 0xC9, 0x21, 0xEA, 0x29, 0xC9, 0x21, 0xEA, 0x29, 0xC9, 0x21, 0xEA, 0x29, 0xC9, 0x21, 0xEA,
    0x29, 0xC9, 0x21, 0xEA, 0x29, 0xC9, 0x21, 0xEA, 0x29, 0xC9, 0x21, 0xEA, 0x29, 0xC9, 0x21, 0xEA,
    0x29, 0xC9, 0x21, 0xEA, 0x29, 0xC9, 0x21, 0xEA, 0x29, 0xC9, 0x21, 0xEA, 0x29, 0xC9, 0x21, 0xEA,
    0x29, 0xC9, 0x21, 0xEA, 0x29, 0xC9, 0x21, 0xEA, 0x29, 0xC9, 0x21, 0xEA, 0x29, 0xC9, 0x21, 0xEA,
    0x29, 0xC9, 0x21, 0xEA, 0x29, 0xC9, 0x21, 0xEA, 0x29, 0xC9, 0x21, 0xEA, 0x29, 0xC9, 0x21, 0xEA,
    0x29, 0xC9, 0x21, 0xEA, 0x29, 0xC9, 0x21, 0xEA, 0x29, 0xC9, 0x21, 0xEA, 0x29, 0xC9, 0x21, 0xEA,
    0x29, 0xC9, 0x21, 0xEA, 0x29, 0xC9, 0x21, 0xEA, 0x29, 0xC9, 0x21, 0xEA, 0x29, 0xC9, 0x21, 0xEA,
    0x29, 0xC9, 0x21, 0xEA, 0x29, 0xC9, 0x21, 0xEA, 0x29, 0xE9, 0x21, 0xE9, 0x21, 0xE9, 0x29, 0xC9,
    0x21, 0xE9, 0x29, 0xE9, 0x21, 0xE9, 0x29, 0xE9, 0x21, 0xE9, 0x29, 0xE9, 0x21, 0xE9, 0x29, 0xE9,
    0x21, 0xE9, 0x29, 0xE9, 0x21, 0xE9, 0x29, 0xE9, 0x21, 0xE9, 0x29, 0xE9, 0x21, 0xE9, 0x29, 0xE9,
    0x21, 0xE9, 0x29, 0xE9, 0x21, 0xE9, 0x29, 0xE9, 0x21, 0xE9, 0x29, 0xE9, 0x21, 0xE9, 0x29, 0xE9,
    0x21, 0xE9, 0x29, 0xE9, 0x21, 0xE9, 0x29, 0xE9, 0x21, 0xE9, 0x29, 0xE9, 0x21, 0xE9, 0x29, 0xE9,
    0x21, 0xE9, 0x29, 0xE9, 0x21, 0xE9, 0x29, 0xE9, 0x21, 0xE9, 0x29, 0xE9, 0x21, 0xE9, 0x29, 0xE9,
    0x21, 0xE9, 0x29, 0xE9, 0x21, 0xE9, 0x29, 0xE9, 0x21, 0xE9, 0x29, 0xE9, 0x21, 0xE9, 0x29, 0xE9,
    0x21, 0xE9, 0x29, 0xE9, 0x21, 0xE9, 0x29, 0xE9, 0x21, 0xE9, 0x29, 0xE9, 0x21, 0xE9, 0x29, 0xE9,
    0x21, 0xE9, 0x29, 0xE9, 0x21, 0xE9, 0x29, 0xE9, 0x21, 0xE9, 0x29, 0xE9, 0x21, 0xE9, 0x29, 0xE9,
    0x21, 0xE9, 0x29, 0xE9, 0x21, 0xE9, 0x29, 0xE9, 0x21, 0xE9, 0x29, 0xE9, 0x21, 0xE9, 0x29, 0xE9,
    0x21, 0xE9, 0x29, 0xE9, 0x21, 0xE9, 0x29, 0xE9, 0x21, 0xE9, 0x29, 0xE9, 0x21, 0xE9, 0x29, 0xE9,
    0x21, 0xE9, 0x29, 0xE9, 0x21, 0xE9, 0x29, 0xE9, 0x21, 0xE9, 0x29, 0xE9, 0x21, 0xE9, 0x29, 0xE9,
    0x21, 0xE9, 0x29, 0xE9, 0x21, 0xE9, 0x29, 0xE9, 0x21, 0xE9, 0x29, 0xE9, 0x21, 0xE9, 0x29, 0xE9,
    0x21, 0xE9, 0x29, 0xE9, 0x21, 0xE9, 0x29, 0xE9, 0x21, 0xE9, 0x29, 0xE9, 0x21, 0xE9, 0x29, 0xE9,
    0x21, 0xE9, 0x29, 0xE9, 0x21, 0xE9, 0x29, 0xE9, 0x21, 0xE9, 0x29, 0xE9, 0x21, 0xE9, 0x29, 0xE9,
    0x21, 0xE9, 0x29, 0xE9, 0x21, 0xE9, 0x29, 0xE9, 0x21, 0xE9, 0x29, 0xE9, 0x21, 0xE9, 0x29, 0xE9,
    0x21, 0xE9, 0x29, 0xE9, 0x21, 0xE9, 0x29, 0xE9, 0x21, 0xEA, 0x29, 0xE9, 0x29, 0xEA, 0x21, 0xE9,
    0x29, 0xE9, 0x21, 0xCA, 0x29, 0xE9, 0x21, 0xCA, 0x29, 0xE9, 0x21, 0xCA, 0x29, 0xE9, 0x21, 0xCA,
    0x29, 0xE9, 0x21, 0xCA, 0x29, 0xE9, 0x21, 0xCA, 0x29, 0xE9, 0x21, 0xCA, 0x29, 0xE9, 0x21, 0xCA,
    0x29, 0xE9, 0x21, 0xCA, 0x29, 0xE9, 0x21, 0xCA, 0x29, 0xE9, 0x21, 0xCA, 0x29, 0xE9, 0x21, 0xCA,
    0x29, 0xE9, 0x21, 0xCA, 0x29, 0xE9, 0x21, 0xCA, 0x29, 0xE9, 0x21, 0xCA, 0x29, 0xE9, 0x21, 0xCA,
    0x29, 0xE9, 0x21, 0xCA, 0x29, 0xE9, 0x21, 0xCA, 0x29, 0xE9, 0x21, 0xCA, 0x29, 0xE9, 0x21, 0xCA,
    0x29, 0xE9, 0x21, 0xCA, 0x29, 0xE9, 0x21, 0xCA, 0x29, 0xE9, 0x21, 0xCA, 0x29, 0xE9, 0x21, 0xCA,
    0x29, 0xE9, 0x21, 0xCA, 0x29, 0xE9, 0x21, 0xCA, 0x29, 0xE9, 0x21, 0xCA, 0x29, 0xE9, 0x21, 0xCA,
    0x29, 0xE9, 0x21, 0xCA, 0x29, 0xE9, 0x21, 0xCA, 0x29, 0xE9, 0x21, 0xCA, 0x29, 0xE9, 0x21, 0xCA,
    0x29, 0xE9, 0x21, 0xCA, 0x29, 0xE9, 0x21, 0xCA, 0x29, 0xE9, 0x21, 0xCA, 0x29, 0xE9, 0x21, 0xCA,
    0x29, 0xE9, 0x21, 0xCA, 0x29, 0xE9, 0x21, 0xCA, 0x29, 0xE9, 0x21, 0xCA, 0x29, 0xE9, 0x21, 0xCA,
    0x29, 0xE9, 0x21, 0xCA, 0x29, 0xE9, 0x21, 0xCA, 0x29, 0xE9, 0x21, 0xCA, 0x29, 0xE9, 0x21, 0xCA,
    0x29, 0xE9, 0x21, 0xCA, 0x29, 0xE9, 0x21, 0xCA, 0x29, 0xE9, 0x21, 0xCA, 0x29, 0xE9, 0x21, 0xCA,
    0x29, 0xE9, 0x21, 0xCA, 0x29, 0xE9, 0x21, 0xCA, 0x29, 0xE9, 0x21, 0xCA, 0x29, 0xE9, 0x21, 0xCA,
    0x29, 0xE9, 0x21, 0xCA, 0x29, 0xE9, 0x21, 0xCA, 0x29, 0xE9, 0x21, 0xCA, 0x29, 0xE9, 0x21, 0xCA,
    0x29, 0xE9, 0x21, 0xCA, 0x29, 0xE9, 0x21, 0xCA, 0x29, 0xE9, 0x21, 0xCA, 0x29, 0xE9, 0x21, 0xCA,
    0x29, 0xE9, 0x21, 0xCA, 0x29, 0xE9, 0x21, 0xC9, 0x29, 0xE9, 0x21, 0xC9, 0x21, 0xE9, 0x29, 0xC9,
    0x21, 0xE9, 0x29, 0xC9, 0x21, 0xE9, 0x29, 0xE9, 0x21, 0xC9, 0x29, 0xE9, 0x21, 0xE9, 0x29, 0xC9,
    0x21, 0xE9, 0x29, 0xE9, 0x21, 0xC9, 0x29, 0xE9, 0x21, 0xE9, 0x29, 0xC9, 0x21, 0xE9, 0x29, 0xE9,
    0x21, 0xC9, 0x29, 0xE9, 0x21, 0xE9, 0x29, 0xC9, 0x21, 0xE9, 0x29, 0xE9, 0x21, 0xC9, 0x29, 0xE9,
    0x21, 0xE9, 0x29, 0xC9, 0x21, 0xE9, 0x29, 0xE9, 0x21, 0xC9, 0x29, 0xE9, 0x21, 0xE9, 0x29, 0xC9,
    0x21, 0xE9, 0x29, 0xE9, 0x21, 0xC9, 0x29, 0xE9, 0x21, 0xE9, 0x29, 0xC9, 0x21, 0xE9, 0x29, 0xE9,
    0x21, 0xC9, 0x29, 0xE9, 0x21, 0xE9, 0x29, 0xC9, 0x21, 0xE9, 0x29, 0xE9, 0x21, 0xC9, 0x29, 0xE9,
    0x21, 0xE9, 0x29, 0xC9, 0x21, 0xE9, 0x29, 0xE9, 0x21, 0xC9, 0x29, 0xE9, 0x21, 0xE9, 0x29, 0xC9,
    0x21, 0xE9, 0x29, 0xE9, 0x21, 0xC9, 0x29, 0xE9, 0x21, 0xE9, 0x29, 0xC9, 0x21, 0xE9, 0x29, 0xE9,
    0x21, 0xC9, 0x29, 0xE9, 0x21, 0xE9, 0x29, 0xC9, 0x21, 0xE9, 0x29, 0xE9, 0x21, 0xC9, 0x29, 0xE9,
    0x21, 0xE9, 0x29, 0xC9, 0x21, 0xE9, 0x29, 0xE9, 0x21, 0xC9, 0x29, 0xE9, 0x21, 0xE9, 0x29, 0xC9,
    0x21, 0xE9, 0x29, 0xE9, 0x21, 0xC9, 0x29, 0xE9, 0x21, 0xE9, 0x29, 0xC9, 0x21, 0xE9, 0x29, 0xE9,
    0x21, 0xC9, 0x29, 0xE9, 0x21, 0xE9, 0x29, 0xC9, 0x21, 0xE9, 0x29, 0xE9, 0x21, 0xC9, 0x29, 0xE9,
    0x21, 0xE9, 0x29, 0xC9, 0x21, 0xE9, 0x29, 0xE9, 0x21, 0xC9, 0x29, 0xE9, 0x21, 0xE9, 0x29, 0xC9,
    0x21, 0xE9, 0x29, 0xE9, 0x21, 0xC9, 0x29, 0xE9, 0x21, 0xE9, 0x29, 0xC9, 0x21, 0xE9, 0x29, 0xE9,
    0x21, 0xC9, 0x29, 0xE9, 0x21, 0xE9, 0x29, 0xC9, 0x21, 0xE9, 0x29, 0xE9, 0x21, 0xC9, 0x29, 0xE9,
    0x21, 0xE9, 0x29, 0xC9, 0x21, 0xE9, 0x29, 0xE9, 0x21, 0xCA, 0x29, 0xE9, 0x21, 0xE9, 0x29, 0xE9,
    0x21, 0xE9, 0x21, 0xE9, 0x29, 0xC9, 0x21, 0xE9, 0x21, 0xE9, 0x21, 0xC9, 0x21, 0xE9, 0x21, 0xE9,
    0x21, 0xC9, 0x21, 0xE9, 0x21, 0xE9, 0x21, 0xC9, 0x21, 0xE9, 0x21, 0xE9, 0x21, 0xC9, 0x21, 0xE9,
    0x21, 0xE9, 0x21, 0xC9, 0x21, 0xE9, 0x21, 0xE9, 0x21, 0xC9, 0x21, 0xE9, 0x21, 0xE9, 0x21, 0xC9,
    0x21, 0xE9, 0x21, 0xE9, 0x21, 0xC9, 0x21, 0xE9, 0x21, 0xE9, 0x21, 0xC9, 0x21, 0xE9, 0x21, 0xE9,
    0x21, 0xC9, 0x21, 0xE9, 0x21, 0xE9, 0x21, 0xC9, 0x21, 0xE9, 0x21, 0xE9, 0x21, 0xC9, 0x21, 0xE9,
    0x21, 0xE9, 0x21, 0xC9, 0x21, 0xE9, 0x21, 0xE9, 0x21, 0xC9, 0x21, 0xE9, 0x21, 0xE9, 0x21, 0xC9,
    0x21, 0xE9, 0x21, 0xE9, 0x21, 0xC9, 0x21, 0xE9, 0x21, 0xE9, 0x21, 0xC9, 0x21, 0xE9, 0x21, 0xE9,
    0x21, 0xC9, 0x21, 0xE9, 0x21, 0xE9, 0x21, 0xC9, 0x21, 0xE9, 0x21, 0xE9, 0x21, 0xC9, 0x21, 0xE9,
    0x21, 0xE9, 0x21, 0xC9, 0x21, 0xE9, 0x21, 0xE9, 0x21, 0xC9, 0x21, 0xE9, 0x21, 0xE9, 0x21, 0xC9,
    0x21, 0xE9, 0x21, 0xE9, 0x21, 0xC9, 0x21, 0xE9, 0x21, 0xE9, 0x21, 0xC9, 0x21, 0xE9, 0x21, 0xE9,
    0x21, 0xC9, 0x21, 0xE9, 0x21, 0xE9, 0x21, 0xC9, 0x21, 0xE9, 0x21, 0xE9, 0x21, 0xC9, 0x21, 0xE9,
    0x21, 0xE9, 0x21, 0xC9, 0x21, 0xE9, 0x21, 0xE9, 0x21, 0xC9, 0x21, 0xE9, 0x21, 0xE9, 0x21, 0xC9,
    0x21, 0xE9, 0x21, 0xE9, 0x21, 0xC9, 0x21, 0xE9, 0x21, 0xE9, 0x21, 0xC9, 0x21, 0xE9, 0x21, 0xE9,
    0x21, 0xC9, 0x21, 0xE9, 0x21, 0xE9, 0x21, 0xC9, 0x21, 0xE9, 0x21, 0xE9, 0x21, 0xC9, 0x21, 0xE9,
    0x21, 0xE9, 0x21, 0xC9, 0x21, 0xE9, 0x21, 0xE9, 0x21, 0xC9, 0x21, 0xE9, 0x21, 0xE9, 0x21, 0xC9,
    0x21, 0xE9, 0x21, 0xEA, 0x21, 0xC9, 0x21, 0xE9, 0x21, 0xE9, 0x29, 0xC9, 0x21, 0xEA, 0x21, 0xC9,
    0x29, 0xC9, 0x21, 0xCA, 0x21, 0xE9, 0x29, 0xCA, 0x21, 0xC9, 0x29, 0xEA, 0x21, 0xC9, 0x29, 0xCA,
    0x21, 0xE9, 0x29, 0xCA, 0x21, 0xC9, 0x29, 0xEA, 0x21, 0xC9, 0x29, 0xCA, 0x21, 0xE9, 0x29, 0xCA,
    0x21, 0xC9, 0x29, 0xEA, 0x21, 0xC9, 0x29, 0xCA, 0x21, 0xE9, 0x29, 0xCA, 0x21, 0xC9, 0x29, 0xEA,
    0x21, 0xC9, 0x29, 0xCA, 0x21, 0xE9, 0x29, 0xCA, 0x21, 0xC9, 0x29, 0xEA, 0x21, 0xC9, 0x29, 0xCA,
    0x21, 0xE9, 0x29, 0xCA, 0x21, 0xC9, 0x29, 0xEA, 0x21, 0xC9, 0x29, 0xCA, 0x21, 0xE9, 0x29, 0xCA,
    0x21, 0xC9, 0x29, 0xEA, 0x21, 0xC9, 0x29, 0xCA, 0x21, 0xE9, 0x29, 0xCA, 0x21, 0xC9, 0x29, 0xEA,
    0x21, 0xC9, 0x29, 0xCA, 0x21, 0xE9, 0x29, 0xCA, 0x21, 0xC9, 0x29, 0xEA, 0x21, 0xC9, 0x29, 0xCA,
    0x21, 0xE9, 0x29, 0xCA, 0x21, 0xC9, 0x29, 0xEA, 0x21, 0xC9, 0x29, 0xCA, 0x21, 0xE9, 0x29, 0xCA,
    0x21, 0xC9, 0x29, 0xEA, 0x21, 0xC9, 0x29, 0xCA, 0x21, 0xE9, 0x29, 0xCA, 0x21, 0xC9, 0x29, 0xEA,
    0x21, 0xC9, 0x29, 0xCA, 0x21, 0xE9, 0x29, 0xCA, 0x21, 0xC9, 0x29, 0xEA, 0x21, 0xC9, 0x29, 0xCA,
    0x21, 0xE9, 0x29, 0xCA, 0x21, 0xC9, 0x29, 0xEA, 0x21, 0xC9, 0x29, 0xCA, 0x21, 0xE9, 0x29, 0xCA,
    0x21, 0xC9, 0x29, 0xEA, 0x21, 0xC9, 0x29, 0xCA, 0x21, 0xE9, 0x29, 0xCA, 0x21, 0xC9, 0x29, 0xEA,
    0x21, 0xC9, 0x29, 0xCA, 0x21, 0xE9, 0x29, 0xCA, 0x21, 0xC9, 0x29, 0xEA, 0x21, 0xC9, 0x29, 0xCA,
    0x21, 0xE9, 0x29, 0xCA, 0x21, 0xC9, 0x29, 0xEA, 0x21, 0xC9, 0x29, 0xCA, 0x21, 0xE9, 0x29, 0xCA,
    0x21, 0xC9, 0x29, 0xEA, 0x21, 0xC9, 0x29, 0xCA, 0x21, 0xE9, 0x29, 0xCA, 0x21, 0xC9, 0x29, 0xEA,
    0x21, 0xC9, 0x29, 0xC9, 0x21, 0xE9, 0x29, 0xC9, 0x21, 0xCA, 0x21, 0xE9, 0x29, 0xC9, 0x21, 0xE9,
    0x21, 0xE9, 0x21, 0xC9, 0x21, 0xC9, 0x21, 0xE9, 0x21, 0xC9, 0x21, 0xC9, 0x21, 0xE9, 0x21, 0xC9,
    0x21, 0xC9, 0x21, 0xE9, 0x21, 0xC9, 0x21, 0xC9, 0x21, 0xE9, 0x21, 0xC9, 0x21, 0xC9, 0x21, 0xE9,
    0x21, 0xC9, 0x21, 0xC9, 0x21, 0xE9, 0x21, 0xC9, 0x21, 0xC9, 0x21, 0xE9, 0x21, 0xC9, 0x21, 0xC9,
    0x21, 0xE9, 0x21, 0xC9, 0x21, 0xC9, 0x21, 0xE9, 0x21, 0xC9, 0x21, 0xC9, 0x21, 0xE9, 0x21, 0xC9,
    0x21, 0xC9, 0x21, 0xE9, 0x21, 0xC9, 0x21, 0xC9, 0x21, 0xE9, 0x21, 0xC9, 0x21, 0xC9, 0x21, 0xE9,
    0x21, 0xC9, 0x21, 0xC9, 0x21, 0xE9, 0x21, 0xC9, 0x21, 0xC9, 0x21, 0xE9, 0x21, 0xC9, 0x21, 0xC9,
    0x21, 0xE9, 0x21, 0xC9, 0x21, 0xC9, 0x21, 0xE9, 0x21, 0xC9, 0x21, 0xC9, 0x21, 0xE9, 0x21, 0xC9,
    0x21, 0xC9, 0x21, 0xE9, 0x21, 0xC9, 0x21, 0xC9, 0x21, 0xE9, 0x21, 0xC9, 0x21, 0xC9, 0x21, 0xE9,
    0x21, 0xC9, 0x21, 0xC9, 0x21, 0xE9, 0x21, 0xC9, 0x21, 0xC9, 0x21, 0xE9, 0x21, 0xC9, 0x21, 0xC9,
    0x21, 0xE9, 0x21, 0xC9, 0x21, 0xC9, 0x21, 0xE9, 0x21, 0xC9, 0x21, 0xC9, 0x21, 0xE9, 0x21, 0xC9,
    0x21, 0xC9, 0x21, 0xE9, 0x21, 0xC9, 0x21, 0xC9, 0x21, 0xE9, 0x21, 0xC9, 0x21, 0xC9, 0x21, 0xE9,
    0x21, 0xC9, 0x21, 0xC9, 0x21, 0xE9, 0x21, 0xC9, 0x21, 0xC9, 0x21, 0xE9, 0x21, 0xC9, 0x21, 0xC9,
    0x21, 0xE9, 0x21, 0xC9, 0x21, 0xC9, 0x21, 0xE9, 0x21, 0xC9, 0x21, 0xC9, 0x21, 0xE9, 0x21, 0xC9,
    0x21, 0xC9, 0x21, 0xE9, 0x21, 0xC9, 0x21, 0xC9, 0x21, 0xE9, 0x21, 0xC9, 0x21, 0xC9, 0x21, 0xE9,
    0x21, 0xC9, 0x21, 0xC9, 0x21, 0xE9, 0x21, 0xC9, 0x21, 0xC9, 0x21, 0xE9, 0x21, 0xC9, 0x21, 0xC9,
    0x21, 0xE9, 0x21, 0xC9, 0x21, 0xCA, 0x21, 0xE9, 0x29, 0xC9, 0x21, 0xC9, 0x21, 0xC9, 0x21, 0xC9,
    0x21, 0xC9, 0x21, 0xE9, 0x29, 0xC9, 0x21, 0xE9, 0x21, 0xC9, 0x29, 0xE9, 0x21, 0xC9, 0x29, 0xE9,
    0x21, 0xC9, 0x29, 0xE9, 0x21, 0xC9, 0x29, 0xE9, 0x21, 0xC9, 0x29, 0xE9, 0x21, 0xC9, 0x29, 0xE9,
    0x21, 0xC9, 0x29, 0xE9, 0x21, 0xC9, 0x29, 0xE9, 0x21, 0xC9, 0x29, 0xE9, 0x21, 0xC9, 0x29, 0xE9,
    0x21, 0xC9, 0x29, 0xE9, 0x21, 0xC9, 0x29, 0xE9, 0x21, 0xC9, 0x29, 0xE9, 0x21, 0xC9, 0x29, 0xE9,
    0x21, 0xC9, 0x29, 0xE9, 0x21, 0xC9, 0x29, 0xE9, 0x21, 0xC9, 0x29, 0xE9, 0x21, 0xC9, 0x29, 0xE9,
    0x21, 0xC9, 0x29, 0xE9, 0x21, 0xC9, 0x29, 0xE9, 0x21, 0xC9, 0x29, 0xE9, 0x21, 0xC9, 0x29, 0xE9,
    0x21, 0xC9, 0x29, 0xE9, 0x21, 0xC9, 0x29, 0xE9, 0x21, 0xC9, 0x29, 0xE9, 0x21, 0xC9, 0x29, 0xE9,
    0x21, 0xC9, 0x29, 0xE9, 0x21, 0xC9, 0x29, 0xE9, 0x21, 0xC9, 0x29, 0xE9, 0x21, 0xC9, 0x29, 0xE9,
    0x21, 0xC9, 0x29, 0xE9, 0x21, 0xC9, 0x29, 0xE9, 0x21, 0xC9, 0x29, 0xE9, 0x21, 0xC9, 0x29, 0xE9,
    0x21, 0xC9, 0x29, 0xE9, 0x21, 0xC9, 0x29, 0xE9, 0x21, 0xC9, 0x29, 0xE9, 0x21, 0xC9, 0x29, 0xE9,
    0x21, 0xC9, 0x29, 0xE9, 0x21, 0xC9, 0x29, 0xE9, 0x21, 0xC9, 0x29, 0xE9, 0x21, 0xC9, 0x29, 0xE9,
    0x21, 0xC9, 0x29, 0xE9, 0x21, 0xC9, 0x29, 0xE9, 0x21, 0xC9, 0x29, 0xE9, 0x21, 0xC9, 0x29, 0xE9,
    0x21, 0xC9, 0x29, 0xE9, 0x21, 0xC9, 0x29, 0xE9, 0x21, 0xC9, 0x29, 0xE9, 0x21, 0xC9, 0x29, 0xE9,
    0x21, 0xC9, 0x29, 0xE9, 0x21, 0xC9, 0x29, 0xE9, 0x21, 0xC9, 0x29, 0xE9, 0x21, 0xC9, 0x29, 0xE9,
    0x21, 0xC9, 0x29, 0xE9, 0x21, 0xC9, 0x29, 0xE9, 0x21, 0xC9, 0x29, 0xE9, 0x21, 0xC9, 0x29, 0xE9,
    0x21, 0xC9, 0x29, 0xE9, 0x21, 0xC9, 0x21, 0xE9, 0x21, 0xC9, 0x21, 0xE9, 0x21, 0xE9, 0x29, 0xC9,
    0x21, 0xC9, 0x21, 0xC9, 0x21, 0xC9, 0x21, 0xC9, 0x21, 0xC9, 0x21, 0xC9, 0x21, 0xC9, 0x21, 0xC9,
    0x21, 0xC9, 0x21, 0xC9, 0x21, 0xC9, 0x21, 0xC9, 0x21, 0xC9, 0x21, 0xC9, 0x21, 0xC9, 0x21, 0xC9,
    0x21, 0xC9, 0x21, 0xC9, 0x21, 0xC9, 0x21, 0xC9, 0x21, 0xC9, 0x21, 0xC9, 0x21, 0xC9, 0x21, 0xC9,
    0x21, 0xC9, 0x21, 0xC9, 0x21, 0xC9, 0x21, 0xC9, 0x21, 0xC9, 0x21, 0xC9, 0x21, 0xC9, 0x21, 0xC9,
    0x21, 0xC9, 0x21, 0xC9, 0x21, 0xC9, 0x21, 0xC9, 0x21, 0xC9, 0x21, 0xC9, 0x21, 0xC9, 0x21, 0xC9,
    0x21, 0xC9, 0x21, 0xC9, 0x21, 0xC9, 0x21, 0xC9, 0x21, 0xC9, 0x21, 0xC9, 0x21, 0xC9, 0x21, 0xC9,
    0x21, 0xC9, 0x21, 0xC9, 0x21, 0xC9, 0x21, 0xC9, 0x21, 0xC9, 0x21, 0xC9, 0x21, 0xC9, 0x21, 0xC9,
    0x21, 0xC9, 0x21, 0xC9, 0x21, 0xC9, 0x21, 0xC9, 0x21, 0xC9, 0x21, 0xC9, 0x21, 0xC9, 0x21, 0xC9,
    0x21, 0xC9, 0x21, 0xC9, 0x21, 0xC9, 0x21, 0xC9, 0x21, 0xC9, 0x21, 0xC9, 0x21, 0xC9, 0x21, 0xC9,
    0x21, 0xC9, 0x21, 0xC9, 0x21, 0xC9, 0x21, 0xC9, 0x21, 0xC9, 0x21, 0xC9, 0x21, 0xC9, 0x21, 0xC9,
    0x21, 0xC9, 0x21, 0xC9, 0x21, 0xC9, 0x21, 0xC9, 0x21, 0xC9, 0x21, 0xC9, 0x21, 0xC9, 0x21, 0xC9,
    0x21, 0xC9, 0x21, 0xC9, 0x21, 0xC9, 0x21, 0xC9, 0x21, 0xC9, 0x21, 0xC9, 0x21, 0xC9, 0x21, 0xC9,
    0x21, 0xC9, 0x21, 0xC9, 0x21, 0xC9, 0x21, 0xC9, 0x21, 0xC9, 0x21, 0xC9, 0x21, 0xC9, 0x21, 0xC9,
    0x21, 0xC9, 0x21, 0xC9, 0x21, 0xC9, 0x21, 0xC9, 0x21, 0xC9, 0x21, 0xC9, 0x21, 0xC9, 0x21, 0xC9,
    0x21, 0xC9, 0x21, 0xC9, 0x21, 0xC9, 0x21, 0xC9, 0x21, 0xC9, 0x21, 0xC9, 0x21, 0xC9, 0x21, 0xC9,
    0x21, 0xC9, 0x21, 0xC9, 0x21, 0xC9, 0x21, 0xC9, 0x29, 0xC9, 0x21, 0xC9, 0x21, 0xC9, 0x21, 0xC9,
    0x21, 0xC9, 0x21, 0xC9, 0x21, 0xC9, 0x21, 0xCA, 0x21, 0xC9, 0x21, 0xC9, 0x21, 0xC9, 0x21, 0xCA,
    0x21, 0xC9, 0x21, 0xC9, 0x21, 0xC9, 0x21, 0xCA, 0x21, 0xC9, 0x21, 0xC9, 0x21, 0xC9, 0x21, 0xCA,
    0x21, 0xC9, 0x21, 0xC9, 0x21, 0xC9, 0x21, 0xCA, 0x21, 0xC9, 0x21, 0xC9, 0x21, 0xC9, 0x21, 0xCA,
    0x21, 0xC9, 0x21, 0xC9, 0x21, 0xC9, 0x21, 0xCA, 0x21, 0xC9, 0x21, 0xC9, 0x21, 0xC9, 0x21, 0xCA,
    0x21, 0xC9, 0x21, 0xC9, 0x21, 0xC9, 0x21, 0xCA, 0x21, 0xC9, 0x21, 0xC9, 0x21, 0xC9, 0x21, 0xCA,
    0x21, 0xC9, 0x21, 0xC9, 0x21, 0xC9, 0x21, 0xCA, 0x21, 0xC9, 0x21, 0xC9, 0x21, 0xC9, 0x21, 0xCA,
    0x21, 0xC9, 0x21, 0xC9, 0x21, 0xC9, 0x21, 0xCA, 0x21, 0xC9, 0x21, 0xC9, 0x21, 0xC9, 0x21, 0xCA,
    0x21, 0xC9, 0x21, 0xC9, 0x21, 0xC9, 0x21, 0xCA, 0x21, 0xC9, 0x21, 0xC9, 0x21, 0xC9, 0x21, 0xCA,
    0x21, 0xC9, 0x21, 0xC9, 0x21, 0xC9, 0x21, 0xCA, 0x21, 0xC9, 0x21, 0xC9, 0x21, 0xC9, 0x21, 0xCA,
    0x21, 0xC9, 0x21, 0xC9, 0x21, 0xC9, 0x21, 0xCA, 0x21, 0xC9, 0x21, 0xC9, 0x21, 0xC9, 0x21, 0xCA,
    0x21, 0xC9, 0x21, 0xC9, 0x21, 0xC9, 0x21, 0xCA, 0x21, 0xC9, 0x21, 0xC9, 0x21, 0xC9, 0x21, 0xCA,
    0x21, 0xC9, 0x21, 0xC9, 0x21, 0xC9, 0x21, 0xCA, 0x21, 0xC9, 0x21, 0xC9, 0x21, 0xC9, 0x21, 0xCA,
    0x21, 0xC9, 0x21, 0xC9, 0x21, 0xC9, 0x21, 0xCA, 0x21, 0xC9, 0x21, 0xC9, 0x21, 0xC9, 0x21, 0xCA,
    0x21, 0xC9, 0x21, 0xC9, 0x21, 0xC9, 0x21, 0xCA, 0x21, 0xC9, 0x21, 0xC9, 0x21, 0xC9, 0x21, 0xCA,
    0x21, 0xC9, 0x21, 0xC9, 0x21, 0xC9, 0x21, 0xCA, 0x21, 0xC9, 0x21, 0xC9, 0x21, 0xC9, 0x21, 0xCA,
    0x21, 0xC9, 0x21, 0xC9, 0x21, 0xC9, 0x21, 0xC9, 0x21, 0xC9, 0x21, 0xC9, 0x21, 0xCA, 0x21, 0xC9,
    0x21, 0xC9, 0x21, 0xE9, 0x29, 0xC9, 0x21, 0xC9, 0x21, 0xE9, 0x21, 0xC9, 0x21, 0xC9, 0x21, 0xE9,
    0x21, 0xC9, 0x21, 0xC9, 0x21, 0xE9, 0x21, 0xC9, 0x21, 0xC9, 0x21, 0xE9, 0x21, 0xC9, 0x21, 0xC9,
    0x21, 0xE9, 0x21, 0xC9, 0x21, 0xC9, 0x21, 0xE9, 0x21, 0xC9, 0x21, 0xC9, 0x21, 0xE9, 0x21, 0xC9,
    0x21, 0xC9, 0x21, 0xE9, 0x21, 0xC9, 0x21, 0xC9, 0x21, 0xE9, 0x21, 0xC9, 0x21, 0xC9, 0x21, 0xE9,
    0x21, 0xC9, 0x21, 0xC9, 0x21, 0xE9, 0x21, 0xC9, 0x21, 0xC9, 0x21, 0xE9, 0x21, 0xC9, 0x21, 0xC9,
    0x21, 0xE9, 0x21, 0xC9, 0x21, 0xC9, 0x21, 0xE9, 0x21, 0xC9, 0x21, 0xC9, 0x21, 0xE9, 0x21, 0xC9,
    0x21, 0xC9, 0x21, 0xE9, 0x21, 0xC9, 0x21, 0xC9, 0x21, 0xE9, 0x21, 0xC9, 0x21, 0xC9, 0x21, 0xE9,
    0x21, 0xC9, 0x21, 0xC9, 0x21, 0xE9, 0x21, 0xC9, 0x21, 0xC9, 0x21, 0xE9, 0x21, 0xC9, 0x21, 0xC9,
    0x21, 0xE9, 0x21, 0xC9, 0x21, 0xC9, 0x21, 0xE9, 0x21, 0xC9, 0x21, 0xC9, 0x21, 0xE9, 0x21, 0xC9,
    0x21, 0xC9, 0x21, 0xE9, 0x21, 0xC9, 0x21, 0xC9, 0x21, 0xE9, 0x21, 0xC9, 0x21, 0xC9, 0x21, 0xE9,
    0x21, 0xC9, 0x21, 0xC9, 0x21, 0xE9, 0x21, 0xC9, 0x21, 0xC9, 0x21, 0xE9, 0x21, 0xC9, 0x21, 0xC9,
    0x21, 0xE9, 0x21, 0xC9, 0x21, 0xC9, 0x21, 0xE9, 0x21, 0xC9, 0x21, 0xC9, 0x21, 0xE9, 0x21, 0xC9,
    0x21, 0xC9, 0x21, 0xE9, 0x21, 0xC9, 0x21, 0xC9, 0x21, 0xE9, 0x21, 0xC9, 0x21, 0xC9, 0x21, 0xE9,
    0x21, 0xC9, 0x21, 0xC9, 0x21, 0xE9, 0x21, 0xC9, 0x21, 0xC9, 0x21, 0xE9, 0x21, 0xC9, 0x21, 0xC9,
    0x21, 0xE9, 0x21, 0xC9, 0x21, 0xC9, 0x21, 0xE9, 0x21, 0xC9, 0x21, 0xC9, 0x21, 0xE9, 0x21, 0xC9,
    0x21, 0xC9, 0x21, 0xE9, 0x21, 0xC9, 0x21, 0xCA, 0x21, 0xE9, 0x21, 0xC9, 0x21, 0xC9, 0x21, 0xC9,
    0x21, 0xC9, 0x21, 0xC9, 0x21, 0xC9, 0x21, 0xC9, 0x21, 0xC9, 0x21, 0xC9, 0x21, 0xC9, 0x21, 0xC9,
    0x21, 0xC9, 0x21, 0xC9, 0x21, 0xC9, 0x21, 0xC9, 0x21, 0xC9, 0x21, 0xC9, 0x21, 0xC9, 0x21, 0xC9,
    0x21, 0xC9, 0x21, 0xC9, 0x21, 0xC9, 0x21, 0xC9, 0x21, 0xC9, 0x21, 0xC9, 0x21, 0xC9, 0x21, 0xC9,
    0x21, 0xC9, 0x21, 0xC9, 0x21, 0xC9, 0x21, 0xC9, 0x21, 0xC9, 0x21, 0xC9, 0x21, 0xC9, 0x21, 0xC9,
    0x21, 0xC9, 0x21, 0xC9, 0x21, 0xC9, 0x21, 0xC9, 0x21, 0xC9, 0x21, 0xC9, 0x21, 0xC9, 0x21, 0xC9,
    0x21, 0xC9, 0x21, 0xC9, 0x21, 0xC9, 0x21, 0xC9, 0x21, 0xC9, 0x21, 0xC9, 0x21, 0xC9, 0x21, 0xC9,
    0x21, 0xC9, 0x21, 0xC9, 0x21, 0xC9, 0x21, 0xC9, 0x21, 0xC9, 0x21, 0xC9, 0x21, 0xC9, 0x21, 0xC9,
    0x21, 0xC9, 0x21, 0xC9, 0x21, 0xC9, 0x21, 0xC9, 0x21, 0xC9, 0x21, 0xC9, 0x21, 0xC9, 0x21, 0xC9,
    0x21, 0xC9, 0x21, 0xC9, 0x21, 0xC9, 0x21, 0xC9, 0x21, 0xC9, 0x21, 0xC9, 0x21, 0xC9, 0x21, 0xC9,
    0x21, 0xC9, 0x21, 0xC9, 0x21, 0xC9, 0x21, 0xC9, 0x21, 0xC9, 0x21, 0xC9, 0x21, 0xC9, 0x21, 0xC9,
    0x21, 0xC9, 0x21, 0xC9, 0x21, 0xC9, 0x21, 0xC9, 0x21, 0xC9, 0x21, 0xC9, 0x21, 0xC9, 0x21, 0xC9,
    0x21, 0xC9, 0x21, 0xC9, 0x21, 0xC9, 0x21, 0xC9, 0x21, 0xC9, 0x21, 0xC9, 0x21, 0xC9, 0x21, 0xC9,
    0x21, 0xC9, 0x21, 0xC9, 0x21, 0xC9, 0x21, 0xC9, 0x21, 0xC9, 0x21, 0xC9, 0x21, 0xC9, 0x21, 0xC9,
    0x21, 0xC9, 0x21, 0xC9, 0x21, 0xC9, 0x21, 0xC9, 0x21, 0xC9, 0x21, 0xC9, 0x21, 0xC9, 0x21, 0xC9,
    0x21, 0xC9, 0x21, 0xC9, 0x21, 0xC9, 0x21, 0xC9, 0x21, 0xC9, 0x21, 0xC9, 0x21, 0xC9, 0x21, 0xC9,
    0x21, 0xC9, 0x21, 0xC9, 0x21, 0xC9, 0x21, 0xC9, 0x21, 0xC9, 0x21, 0xC9, 0x21, 0xC9, 0x21, 0xC9,
    0x21, 0xC9, 0x21, 0xC9, 0x21, 0xC9, 0x21, 0xC9, 0x21, 0xC9, 0x21, 0xC9, 0x21, 0xC9, 0x21, 0xC9,
    0x21, 0xC9, 0x21, 0xC9, 0x21, 0xC9, 0x21, 0xC9, 0x21, 0xC9, 0x21, 0xC9, 0x21, 0xC9, 0x21, 0xC9,
    0x21, 0xC9, 0x21, 0xC9, 0x21, 0xC9, 0x21, 0xC9, 0x21, 0xC9, 0x21, 0xC9, 0x21, 0xC9, 0x21, 0xC9,
    0x21, 0xC9, 0x21, 0xC9, 0x21, 0xC9, 0x21, 0xC9, 0x21, 0xC9, 0x21, 0xC9, 0x21, 0xC9, 0x21, 0xC9,
    0x21, 0xC9, 0x21, 0xC9, 0x21, 0xC9, 0x21, 0xC9, 0x21, 0xC9, 0x21, 0xC9, 0x21, 0xC9, 0x21, 0xC9,
    0x21, 0xC9, 0x21, 0xC9, 0x21, 0xC9, 0x21, 0xC9, 0x21, 0xC9, 0x21, 0xC9, 0x21, 0xC9, 0x21, 0xC9,
    0x21, 0xC9, 0x21, 0xC9, 0x21, 0xC9, 0x21, 0xC9, 0x21, 0xC9, 0x21, 0xC9, 0x21, 0xC9, 0x21, 0xC9,
    0x21, 0xC9, 0x21, 0xC9, 0x21, 0xC9, 0x21, 0xC9, 0x21, 0xC9, 0x21, 0xC9, 0x21, 0xC9, 0x21, 0xC9,
    0x21, 0xC9, 0x21, 0xC9, 0x21, 0xC9, 0x21, 0xC9, 0x21, 0xC9, 0x21, 0xC9, 0x21, 0xC9, 0x21, 0xC9,
    0x21, 0xC9, 0x21, 0xC9, 0x21, 0xC9, 0x21, 0xC9, 0x21, 0xC9, 0x21, 0xC9, 0x21, 0xC9, 0x21, 0xC9,
    0x21, 0xC9, 0x21, 0xC9, 0x21, 0xC9, 0x21, 0xC9, 0x21, 0xC9, 0x21, 0xC9, 0x21, 0xC9, 0x21, 0xC9,
    0x21, 0xC9, 0x21, 0xC9, 0x21, 0xC9, 0x21, 0xC9, 0x21, 0xC9, 0x21, 0xC9, 0x21, 0xC9, 0x21, 0xC9,
    0x21, 0xC9, 0x21, 0xC9, 0x21, 0xC9, 0x21, 0xC9, 0x21, 0xC9, 0x21, 0xC9, 0x21, 0xC9, 0x21, 0xC9,
    0x21, 0xC9, 0x21, 0xC9, 0x21, 0xC9, 0x21, 0xC9, 0x21, 0xC9, 0x21, 0xC9, 0x21, 0xC9, 0x21, 0xC9,
    0x21, 0xC9, 0x21, 0xC9, 0x21, 0xC9, 0x21, 0xC9, 0x21, 0xC9, 0x21, 0xC9, 0x21, 0xC9, 0x21, 0xC9,
    0x21, 0xC9, 0x21, 0xC9, 0x21, 0xC9, 0x21, 0xC9, 0x21, 0xC9, 0x21, 0xC9, 0x21, 0xC9, 0x21, 0xC9,
    0x21, 0xC9, 0x21, 0xC9, 0x21, 0xC9, 0x21, 0xC9, 0x21, 0xC9, 0x21, 0xC9, 0x21, 0xC9, 0x21, 0xC9,
    0x21, 0xC9, 0x21, 0xC9, 0x21, 0xC9, 0x21, 0xC9, 0x21, 0xC9, 0x21, 0xC9, 0x21, 0xC9, 0x21, 0xC9,
    0x21, 0xC9, 0x21, 0xC9, 0x21, 0xC9, 0x21, 0xC9, 0x21, 0xC9, 0x21, 0xC9, 0x21, 0xC9, 0x21, 0xC9,
    0x21, 0xC9, 0x21, 0xC9, 0x21, 0xC9, 0x21, 0xC9, 0x21, 0xC9, 0x21, 0xC9, 0x21, 0xC9, 0x21, 0xC9,
    0x21, 0xC9, 0x21, 0xC9, 0x21, 0xC9, 0x21, 0xC9, 0x21, 0xC9, 0x21, 0xC9, 0x21, 0xC9, 0x21, 0xC9,
    0x21, 0xC9, 0x21, 0xC9, 0x21, 0xC9, 0x21, 0xC9, 0x21, 0xC9, 0x21, 0xC9, 0x21, 0xC9, 0x21, 0xC9,
    0x21, 0xC9, 0x21, 0xC9, 0x21, 0xC9, 0x21, 0xC9, 0x21, 0xC9, 0x21, 0xC9, 0x21, 0xC9, 0x21, 0xC9,
    0x21, 0xC9, 0x21, 0xC9, 0x21, 0xC9, 0x21, 0xC9, 0x21, 0xC9, 0x21, 0xC9, 0x21, 0xC9, 0x21, 0xC9,
    0x21, 0xC9, 0x21, 0xC9, 0x21, 0xC9, 0x21, 0xC9, 0x21, 0xC9, 0x21, 0xC9, 0x21, 0xC9, 0x21, 0xC9,
    0x21, 0xC9, 0x21, 0xC9, 0x21, 0xC9, 0x21, 0xC9, 0x21, 0xC9, 0x21, 0xC9, 0x21, 0xC9, 0x21, 0xC9,
    0x21, 0xC9, 0x21, 0xC9, 0x21, 0xC9, 0x21, 0xC9, 0x21, 0xC9, 0x21, 0xC9, 0x21, 0xC9, 0x21, 0xC9,
    0x21, 0xC9, 0x21, 0xC9, 0x21, 0xC9, 0x21, 0xC9, 0x21, 0xC9, 0x21, 0xC9, 0x21, 0xC9, 0x21, 0xC9,
    0x21, 0xC9, 0x21, 0xC9, 0x21, 0xC9, 0x21, 0xC9, 0x21, 0xC9, 0x21, 0xC9, 0x21, 0xC9, 0x21, 0xC9,
    0x21, 0xC9, 0x21, 0xC9, 0x21, 0xC9, 0x21, 0xC9, 0x21, 0xC9, 0x21, 0xC9, 0x21, 0xC9, 0x21, 0xC9,
    0x21, 0xC9, 0x21, 0xC9, 0x21, 0xC9, 0x21, 0xC9, 0x21, 0xC9, 0x21, 0xC9, 0x21, 0xC9, 0x21, 0xC9,
    0x21, 0xC9, 0x21, 0xC9, 0x21, 0xC9, 0x21, 0xC9, 0x21, 0xC9, 0x21, 0xC9, 0x21, 0xC9, 0x21, 0xC9,
    0x21, 0xC9, 0x19, 0xC9, 0x21, 0xC9, 0x19, 0xC9, 0x21, 0xC9, 0x21, 0xC9, 0x21, 0xC9, 0x21, 0xC9,
    0x21, 0xC9, 0x21, 0xC9, 0x21, 0xC9, 0x21, 0xC9, 0x21, 0xC9, 0x21, 0xC9, 0x21, 0xC9, 0x21, 0xC9,
    0x21, 0xC9, 0x21, 0xC9, 0x21, 0xC9, 0x21, 0xC9, 0x21, 0xC9, 0x21, 0xC9, 0x21, 0xC9, 0x21, 0xC9,
    0x21, 0xC9, 0x21, 0xC9, 0x21, 0xC9, 0x21, 0xC9, 0x21, 0xC9, 0x21, 0xC9, 0x21, 0xC9, 0x21, 0xC9,
    0x21, 0xC9, 0x21, 0xC9, 0x21, 0xC9, 0x21, 0xC9, 0x21, 0xC9, 0x21, 0xC9, 0x21, 0xC9, 0x21, 0xC9,
    0x21, 0xC9, 0x21, 0xC9, 0x21, 0xC9, 0x21, 0xC9, 0x21, 0xC9, 0x21, 0xC9, 0x21, 0xC9, 0x21, 0xC9,
    0x21, 0xC9, 0x21, 0xC9, 0x21, 0xC9, 0x21, 0xC9, 0x21, 0xC9, 0x21, 0xC9, 0x21, 0xC9, 0x21, 0xC9,
    0x21, 0xC9, 0x21, 0xC9, 0x21, 0xC9, 0x21, 0xC9, 0x21, 0xC9, 0x21, 0xC9, 0x21, 0xC9, 0x21, 0xC9,
    0x21, 0xC9, 0x21, 0xC9, 0x21, 0xC9, 0x21, 0xC9, 0x21, 0xC9, 0x21, 0xC9, 0x21, 0xC9, 0x21, 0xC9,
    0x21, 0xC9, 0x21, 0xC9, 0x21, 0xC9, 0x21, 0xC9, 0x21, 0xC9, 0x21, 0xC9, 0x21, 0xC9, 0x21, 0xC9,
    0x21, 0xC9, 0x21, 0xC9, 0x21, 0xC9, 0x21, 0xC9, 0x21, 0xC9, 0x21, 0xC9, 0x21, 0xC9, 0x21, 0xC9,
    0x21, 0xC9, 0x21, 0xC9, 0x21, 0xC9, 0x21, 0xC9, 0x21, 0xC9, 0x21, 0xC9, 0x21, 0xC9, 0x21, 0xC9,
    0x21, 0xC9, 0x21, 0xC9, 0x21, 0xC9, 0x21, 0xC9, 0x21, 0xC9, 0x21, 0xC9, 0x21, 0xC9, 0x21, 0xC9,
    0x21, 0xC9, 0x21, 0xC9, 0x21, 0xC9, 0x21, 0xC9, 0x21, 0xC9, 0x21, 0xC9, 0x21, 0xC9, 0x21, 0xC9,
    0x21, 0xC9, 0x21, 0xC9, 0x21, 0xC9, 0x21, 0xC9, 0x21, 0xC9, 0x21, 0xC9, 0x21, 0xC9, 0x21, 0xC9,
    0x21, 0xC9, 0x21, 0xC9, 0x21, 0xC9, 0x21, 0xC9, 0x21, 0xC9, 0x21, 0xC9, 0x21, 0xC9, 0x21, 0xC9,
    0x21, 0xC9, 0x21, 0xC9, 0x21, 0xC9, 0x21, 0xC9, 0x21, 0xC9, 0x19, 0xC9, 0x21, 0xC9, 0x19, 0xC9,
    0x21, 0xC9, 0x19, 0xC9, 0x21, 0xC9, 0x19, 0xC9, 0x21, 0xC9, 0x19, 0xC9, 0x21, 0xC9, 0x19, 0xC9,
    0x21, 0xC9, 0x19, 0xC9, 0x21, 0xC9, 0x19, 0xC9, 0x21, 0xC9, 0x19, 0xC9, 0x21, 0xC9, 0x19, 0xC9,
    0x21, 0xC9, 0x19, 0xC9, 0x21, 0xC9, 0x19, 0xC9, 0x21, 0xC9, 0x19, 0xC9, 0x21, 0xC9, 0x19, 0xC9,
    0x21, 0xC9, 0x19, 0xC9, 0x21, 0xC9, 0x19, 0xC9, 0x21, 0xC9, 0x19, 0xC9, 0x21, 0xC9, 0x19, 0xC9,
    0x21, 0xC9, 0x19, 0xC9, 0x21, 0xC9, 0x19, 0xC9, 0x21, 0xC9, 0x19, 0xC9, 0x21, 0xC9, 0x19, 0xC9,
    0x21, 0xC9, 0x19, 0xC9, 0x21, 0xC9, 0x19, 0xC9, 0x21, 0xC9, 0x19, 0xC9, 0x21, 0xC9, 0x19, 0xC9,
    0x21, 0xC9, 0x19, 0xC9, 0x21, 0xC9, 0x19, 0xC9, 0x21, 0xC9, 0x19, 0xC9, 0x21, 0xC9, 0x19, 0xC9,
    0x21, 0xC9, 0x19, 0xC9, 0x21, 0xC9, 0x19, 0xC9, 0x21, 0xC9, 0x19, 0xC9, 0x21, 0xC9, 0x19, 0xC9,
    0x21, 0xC9, 0x19, 0xC9, 0x21, 0xC9, 0x19, 0xC9, 0x21, 0xC9, 0x19, 0xC9, 0x21, 0xC9, 0x19, 0xC9,
    0x21, 0xC9, 0x19, 0xC9, 0x21, 0xC9, 0x19, 0xC9, 0x21, 0xC9, 0x19, 0xC9, 0x21, 0xC9, 0x19, 0xC9,
    0x21, 0xC9, 0x19, 0xC9, 0x21, 0xC9, 0x19, 0xC9, 0x21, 0xC9, 0x19, 0xC9, 0x21, 0xC9, 0x19, 0xC9,
    0x21, 0xC9, 0x19, 0xC9, 0x21, 0xC9, 0x19, 0xC9, 0x21, 0xC9, 0x19, 0xC9, 0x21, 0xC9, 0x19, 0xC9,
    0x21, 0xC9, 0x19, 0xC9, 0x21, 0xC9, 0x19, 0xC9, 0x21, 0xC9, 0x19, 0xC9, 0x21, 0xC9, 0x19, 0xC9,
    0x21, 0xC9, 0x19, 0xC9, 0x21, 0xC9, 0x19, 0xC9, 0x21, 0xC9, 0x19, 0xC9, 0x21, 0xC9, 0x19, 0xC9,
    0x21, 0xC9, 0x19, 0xC9, 0x21, 0xC9, 0x19, 0xC9, 0x21, 0xC9, 0x19, 0xC9, 0x21, 0xC9, 0x21, 0xC9,
    0x21, 0xC9, 0x19, 0xA9, 0x21, 0xC9, 0x19, 0xA9, 0x21, 0xC9, 0x21, 0xA9, 0x21, 0xC9, 0x21, 0xA9,
    0x21, 0xC9, 0x21, 0xA9, 0x21, 0xC9, 0x21, 0xA9, 0x21, 0xC9, 0x21, 0xA9, 0x21, 0xC9, 0x21, 0xA9,
    0x21, 0xC9, 0x21, 0xA9, 0x21, 0xC9, 0x21, 0xA9, 0x21, 0xC9, 0x21, 0xA9, 0x21, 0xC9, 0x21, 0xA9,
    0x21, 0xC9, 0x21, 0xA9, 0x21, 0xC9, 0x21, 0xA9, 0x21, 0xC9, 0x21, 0xA9, 0x21, 0xC9, 0x21, 0xA9,
    0x21, 0xC9, 0x21, 0xA9, 0x21, 0xC9, 0x21, 0xA9, 0x21, 0xC9, 0x21, 0xA9, 0x21, 0xC9, 0x21, 0xA9,
    0x21, 0xC9, 0x21, 0xA9, 0x21, 0xC9, 0x21, 0xA9, 0x21, 0xC9, 0x21, 0xA9, 0x21, 0xC9, 0x21, 0xA9,
    0x21, 0xC9, 0x21, 0xA9, 0x21, 0xC9, 0x21, 0xA9, 0x21, 0xC9, 0x21, 0xA9, 0x21, 0xC9, 0x21, 0xA9,
    0x21, 0xC9, 0x21, 0xA9, 0x21, 0xC9, 0x21, 0xA9, 0x21, 0xC9, 0x21, 0xA9, 0x21, 0xC9, 0x21, 0xA9,
    0x21, 0xC9, 0x21, 0xA9, 0x21, 0xC9, 0x21, 0xA9, 0x21, 0xC9, 0x21, 0xA9, 0x21, 0xC9, 0x21, 0xA9,
    0x21, 0xC9, 0x21, 0xA9, 0x21, 0xC9, 0x21, 0xA9, 0x21, 0xC9, 0x21, 0xA9, 0x21, 0xC9, 0x21, 0xA9,
    0x21, 0xC9, 0x21, 0xA9, 0x21, 0xC9, 0x21, 0xA9, 0x21, 0xC9, 0x21, 0xA9, 0x21, 0xC9, 0x21, 0xA9,
    0x21, 0xC9, 0x21, 0xA9, 0x21, 0xC9, 0x21, 0xA9, 0x21, 0xC9, 0x21, 0xA9, 0x21, 0xC9, 0x21, 0xA9,
    0x21, 0xC9, 0x21, 0xA9, 0x21, 0xC9, 0x21, 0xA9, 0x21, 0xC9, 0x21, 0xA9, 0x21, 0xC9, 0x21, 0xA9,
    0x21, 0xC9, 0x21, 0xA9, 0x21, 0xC9, 0x21, 0xA9, 0x21, 0xC9, 0x21, 0xA9, 0x21, 0xC9, 0x21, 0xA9,
    0x21, 0xC9, 0x21, 0xA9, 0x21, 0xC9, 0x21, 0xA9, 0x21, 0xC9, 0x21, 0xA9, 0x21, 0xC9, 0x21, 0xA9,
    0x21, 0xC9, 0x21, 0xA9, 0x21, 0xC9, 0x21, 0xA9, 0x21, 0xC9, 0x21, 0xA9, 0x19, 0xC9, 0x21, 0xA9,
    0x21, 0xC9, 0x21, 0xA9, 0x21, 0xC9, 0x21, 0xC9, 0x19, 0xA9, 0x21, 0xC9, 0x19, 0xC9, 0x21, 0xA9,
    0x19, 0xC9, 0x21, 0xC9, 0x19, 0xA9, 0x21, 0xC9, 0x19, 0xC9, 0x21, 0xA9, 0x19, 0xC9, 0x21, 0xC9,
    0x19, 0xA9, 0x21, 0xC9, 0x19, 0xC9, 0x21, 0xA9, 0x19, 0xC9, 0x21, 0xC9, 0x19, 0xA9, 0x21, 0xC9,
    0x19, 0xC9, 0x21, 0xA9, 0x19, 0xC9, 0x21, 0xC9, 0x19, 0xA9, 0x21, 0xC9, 0x19, 0xC9, 0x21, 0xA9,
    0x19, 0xC9, 0x21, 0xC9, 0x19, 0xA9, 0x21, 0xC9, 0x19, 0xC9, 0x21, 0xA9, 0x19, 0xC9, 0x21, 0xC9,
    0x19, 0xA9, 0x21, 0xC9, 0x19, 0xC9, 0x21, 0xA9, 0x19, 0xC9, 0x21, 0xC9, 0x19, 0xA9, 0x21, 0xC9,
    0x19, 0xC9, 0x21, 0xA9, 0x19, 0xC9, 0x21, 0xC9, 0x19, 0xA9, 0x21, 0xC9, 0x19, 0xC9, 0x21, 0xA9,
    0x19, 0xC9, 0x21, 0xC9, 0x19, 0xA9, 0x21, 0xC9, 0x19, 0xC9, 0x21, 0xA9, 0x19, 0xC9, 0x21, 0xC9,
    0x19, 0xA9, 0x21, 0xC9, 0x19, 0xC9, 0x21, 0xA9, 0x19, 0xC9, 0x21, 0xC9, 0x19, 0xA9, 0x21, 0xC9,
    0x19, 0xC9, 0x21, 0xA9, 0x19, 0xC9, 0x21, 0xC9, 0x19, 0xA9, 0x21, 0xC9, 0x19, 0xC9, 0x21, 0xA9,
    0x19, 0xC9, 0x21, 0xC9, 0x19, 0xA9, 0x21, 0xC9, 0x19, 0xC9, 0x21, 0xA9, 0x19, 0xC9, 0x21, 0xC9,
    0x19, 0xA9, 0x21, 0xC9, 0x19, 0xC9, 0x21, 0xA9, 0x19, 0xC9, 0x21, 0xC9, 0x19, 0xA9, 0x21, 0xC9,
    0x19, 0xC9, 0x21, 0xA9, 0x19, 0xC9, 0x21, 0xC9, 0x19, 0xA9, 0x21, 0xC9, 0x19, 0xC9, 0x21, 0xA9,
    0x19, 0xC9, 0x21, 0xC9, 0x19, 0xA9, 0x21, 0xC9, 0x19, 0xC9, 0x21, 0xA9, 0x19, 0xC9, 0x21, 0xC9,
    0x19, 0xA9, 0x21, 0xC9, 0x19, 0xC9, 0x21, 0xA9, 0x19, 0xC9, 0x21, 0xC9, 0x19, 0xA9, 0x21, 0xC9,
    0x19, 0xC9, 0x21, 0xA9, 0x19, 0xC9, 0x21, 0xC9, 0x19, 0xA9, 0x21, 0xC9, 0x21, 0xC9, 0x19, 0xC9,
    0x19, 0xC9, 0x21, 0xC9, 0x19, 0xA9, 0x21, 0xC9, 0x19, 0xC9, 0x21, 0xA9, 0x19, 0xC9, 0x21, 0xC9,
    0x19, 0xA9, 0x21, 0xC9, 0x19, 0xC9, 0x21, 0xA9, 0x19, 0xC9, 0x21, 0xC9, 0x19, 0xA9, 0x21, 0xC9,
    0x19, 0xC9, 0x21, 0xA9, 0x19, 0xC9, 0x21, 0xC9, 0x19, 0xA9, 0x21, 0xC9, 0x19, 0xC9, 0x21, 0xA9,
    0x19, 0xC9, 0x21, 0xC9, 0x19, 0xA9, 0x21, 0xC9, 0x19, 0xC9, 0x21, 0xA9, 0x19, 0xC9, 0x21, 0xC9,
    0x19, 0xA9, 0x21, 0xC9, 0x19, 0xC9, 0x21, 0xA9, 0x19, 0xC9, 0x21, 0xC9, 0x19, 0xA9, 0x21, 0xC9,
    0x19, 0xC9, 0x21, 0xA9, 0x19, 0xC9, 0x21, 0xC9, 0x19, 0xA9, 0x21, 0xC9, 0x19, 0xC9, 0x21, 0xA9,
    0x19, 0xC9, 0x21, 0xC9, 0x19, 0xA9, 0x21, 0xC9, 0x19, 0xC9, 0x21, 0xA9, 0x19, 0xC9, 0x21, 0xC9,
    0x19, 0xA9, 0x21, 0xC9, 0x19, 0xC9, 0x21, 0xA9, 0x19, 0xC9, 0x21, 0xC9, 0x19, 0xA9, 0x21, 0xC9,
    0x19, 0xC9, 0x21, 0xA9, 0x19, 0xC9, 0x21, 0xC9, 0x19, 0xA9, 0x21, 0xC9, 0x19, 0xC9, 0x21, 0xA9,
    0x19, 0xC9, 0x21, 0xC9, 0x19, 0xA9, 0x21, 0xC9, 0x19, 0xC9, 0x21, 0xA9, 0x19, 0xC9, 0x21, 0xC9,
    0x19, 0xA9, 0x21, 0xC9, 0x19, 0xC9, 0x21, 0xA9, 0x19, 0xC9, 0x21, 0xC9, 0x19, 0xA9, 0x21, 0xC9,
    0x19, 0xC9, 0x21, 0xA9, 0x19, 0xC9, 0x21, 0xC9, 0x19, 0xA9, 0x21, 0xC9, 0x19, 0xC9, 0x21, 0xA9,
    0x19, 0xC9, 0x21, 0xC9, 0x19, 0xA9, 0x21, 0xC9, 0x19, 0xC9, 0x21, 0xA9, 0x19, 0xC9, 0x21, 0xC9,
    0x19, 0xA9, 0x21, 0xC9, 0x19, 0xC9, 0x21, 0xA9, 0x19, 0xC9, 0x21, 0xC9, 0x19, 0xA9, 0x21, 0xC9,
    0x19, 0xC9, 0x21, 0xA9, 0x19, 0xC9, 0x21, 0xC9, 0x19, 0xA9, 0x21, 0xC9, 0x19, 0xC9, 0x21, 0xA9,
    0x19, 0xC9, 0x21, 0xC9, 0x19, 0xA9, 0x21, 0xC9, 0x19, 0xC9, 0x21, 0xA9, 0x19, 0xC9, 0x21, 0xA9,
    0x21, 0xA9, 0x19, 0xA9, 0x21, 0xC9, 0x19, 0xA9, 0x21, 0xA9, 0x19, 0xC9, 0x21, 0xA9, 0x19, 0xA9,
    0x21, 0xC9, 0x19, 0xA9, 0x21, 0xA9, 0x19, 0xC9, 0x21, 0xA9, 0x19, 0xA9, 0x21, 0xC9, 0x19, 0xA9,
    0x21, 0xA9, 0x19, 0xC9, 0x21, 0xA9, 0x19, 0xA9, 0x21, 0xC9, 0x19, 0xA9, 0x21, 0xA9, 0x19, 0xC9,
    0x21, 0xA9, 0x19, 0xA9, 0x21, 0xC9, 0x19, 0xA9, 0x21, 0xA9, 0x19, 0xC9, 0x21, 0xA9, 0x19, 0xA9,
    0x21, 0xC9, 0x19, 0xA9, 0x21, 0xA9, 0x19, 0xC9, 0x21, 0xA9, 0x19, 0xA9, 0x21, 0xC9, 0x19, 0xA9,
    0x21, 0xA9, 0x19, 0xC9, 0x21, 0xA9, 0x19, 0xA9, 0x21, 0xC9, 0x19, 0xA9, 0x21, 0xA9, 0x19, 0xC9,
    0x21, 0xA9, 0x19, 0xA9, 0x21, 0xC9, 0x19, 0xA9, 0x21, 0xA9, 0x19, 0xC9, 0x21, 0xA9, 0x19, 0xA9,
    0x21, 0xC9, 0x19, 0xA9, 0x21, 0xA9, 0x19, 0xC9, 0x21, 0xA9, 0x19, 0xA9, 0x21, 0xC9, 0x19, 0xA9,
    0x21, 0xA9, 0x19, 0xC9, 0x21, 0xA9, 0x19, 0xA9, 0x21, 0xC9, 0x19, 0xA9, 0x21, 0xA9, 0x19, 0xC9,
    0x21, 0xA9, 0x19, 0xA9, 0x21, 0xC9, 0x19, 0xA9, 0x21, 0xA9, 0x19, 0xC9, 0x21, 0xA9, 0x19, 0xA9,
    0x21, 0xC9, 0x19, 0xA9, 0x21, 0xA9, 0x19, 0xC9, 0x21, 0xA9, 0x19, 0xA9, 0x21, 0xC9, 0x19, 0xA9,
    0x21, 0xA9, 0x19, 0xC9, 0x21, 0xA9, 0x19, 0xA9, 0x21, 0xC9, 0x19, 0xA9, 0x21, 0xA9, 0x19, 0xC9,
    0x21, 0xA9, 0x19, 0xA9, 0x21, 0xC9, 0x19, 0xA9, 0x21, 0xA9, 0x19, 0xC9, 0x21, 0xA9, 0x19, 0xA9,
    0x21, 0xC9, 0x19, 0xA9, 0x21, 0xA9, 0x19, 0xC9, 0x21, 0xA9, 0x19, 0xA9, 0x21, 0xC9, 0x19, 0xA9,
    0x21, 0xA9, 0x19, 0xC9, 0x21, 0xA9, 0x19, 0xA9, 0x21, 0xC9, 0x19, 0xA9, 0x21, 0xA9, 0x19, 0xC9,
    0x21, 0xA9, 0x19, 0xA9, 0x21, 0xC9, 0x19, 0xA9, 0x21, 0xA9, 0x19, 0xC9, 0x21, 0xA9, 0x19, 0xC9,
    0x19, 0xC9, 0x21, 0xA8, 0x19, 0xA9, 0x21, 0xC8, 0x19, 0xA9, 0x21, 0xA8, 0x19, 0xC9, 0x21, 0xA8,
    0x19, 0xA9, 0x21, 0xC8, 0x19, 0xA9, 0x21, 0xA8, 0x19, 0xC9, 0x21, 0xA8, 0x19, 0xA9, 0x21, 0xC8,
    0x19, 0xA9, 0x21, 0xA8, 0x19, 0xC9, 0x21, 0xA8, 0x19, 0xA9, 0x21, 0xC8, 0x19, 0xA9, 0x21, 0xA8,
    0x19, 0xC9, 0x21, 0xA8, 0x19, 0xA9, 0x21, 0xC8, 0x19, 0xA9, 0x21, 0xA8, 0x19, 0xC9, 0x21, 0xA8,
    0x19, 0xA9, 0x21, 0xC8, 0x19, 0xA9, 0x21, 0xA8, 0x19, 0xC9, 0x21, 0xA8, 0x19, 0xA9, 0x21, 0xC8,
    0x19, 0xA9, 0x21, 0xA8, 0x19, 0xC9, 0x21, 0xA8, 0x19, 0xA9, 0x21, 0xC8, 0x19, 0xA9, 0x21, 0xA8,
    0x19, 0xC9, 0x21, 0xA8, 0x19, 0xA9, 0x21, 0xC8, 0x19, 0xA9, 0x21, 0xA8, 0x19, 0xC9, 0x21, 0xA8,
    0x19, 0xA9, 0x21, 0xC8, 0x19, 0xA9, 0x21, 0xA8, 0x19, 0xC9, 0x21, 0xA8, 0x19, 0xA9, 0x21, 0xC8,
    0x19, 0xA9, 0x21, 0xA8, 0x19, 0xC9, 0x21, 0xA8, 0x19, 0xA9, 0x21, 0xC8, 0x19, 0xA9, 0x21, 0xA8,
    0x19, 0xC9, 0x21, 0xA8, 0x19, 0xA9, 0x21, 0xC8, 0x19, 0xA9, 0x21, 0xA8, 0x19, 0xC9, 0x21, 0xA8,
    0x19, 0xA9, 0x21, 0xC8, 0x19, 0xA9, 0x21, 0xA8, 0x19, 0xC9, 0x21, 0xA8, 0x19, 0xA9, 0x21, 0xC8,
    0x19, 0xA9, 0x21, 0xA8, 0x19, 0xC9, 0x21, 0xA8, 0x19, 0xA9, 0x21, 0xC8, 0x19, 0xA9, 0x21, 0xA8,
    0x19, 0xC9, 0x21, 0xA8, 0x19, 0xA9, 0x21, 0xC8, 0x19, 0xA9, 0x21, 0xA8, 0x19, 0xC9, 0x21, 0xA8,
    0x19, 0xA9, 0x21, 0xC8, 0x19, 0xA9, 0x21, 0xA8, 0x19, 0xC9, 0x21, 0xA8, 0x19, 0xA9, 0x21, 0xC8,
    0x19, 0xA9, 0x21, 0xA8, 0x19, 0xC9, 0x21, 0xA8, 0x19, 0xA9, 0x21, 0xC8, 0x19, 0xA9, 0x21, 0xA8,
    0x19, 0xC9, 0x21, 0xA8, 0x19, 0xA9, 0x21, 0xC8, 0x19, 0xA9, 0x21, 0xA8, 0x19, 0xA9, 0x21, 0xA9,
    0x21, 0xA9, 0x19, 0xC9, 0x21, 0xA9, 0x19, 0xC9, 0x21, 0xA9, 0x19, 0xC9, 0x21, 0xA9, 0x19, 0xC9,
    0x21, 0xA9, 0x19, 0xC9, 0x21, 0xA9, 0x19, 0xC9, 0x21, 0xA9, 0x19, 0xC9, 0x21, 0xA9, 0x19, 0xC9,
    0x21, 0xA9, 0x19, 0xC9, 0x21, 0xA9, 0x19, 0xC9, 0x21, 0xA9, 0x19, 0xC9, 0x21, 0xA9, 0x19, 0xC9,
    0x21, 0xA9, 0x19, 0xC9, 0x21, 0xA9, 0x19, 0xC9, 0x21, 0xA9, 0x19, 0xC9, 0x21, 0xA9, 0x19, 0xC9,
    0x21, 0xA9, 0x19, 0xC9, 0x21, 0xA9, 0x19, 0xC9, 0x21, 0xA9, 0x19, 0xC9, 0x21, 0xA9, 0x19, 0xC9,
    0x21, 0xA9, 0x19, 0xC9, 0x21, 0xA9, 0x19, 0xC9, 0x21, 0xA9, 0x19, 0xC9, 0x21, 0xA9, 0x19, 0xC9,
    0x21, 0xA9, 0x19, 0xC9, 0x21, 0xA9, 0x19, 0xC9, 0x21, 0xA9, 0x19, 0xC9, 0x21, 0xA9, 0x19, 0xC9,
    0x21, 0xA9, 0x19, 0xC9, 0x21, 0xA9, 0x19, 0xC9, 0x21, 0xA9, 0x19, 0xC9, 0x21, 0xA9, 0x19, 0xC9,
    0x21, 0xA9, 0x19, 0xC9, 0x21, 0xA9, 0x19, 0xC9, 0x21, 0xA9, 0x19, 0xC9, 0x21, 0xA9, 0x19, 0xC9,
    0x21, 0xA9, 0x19, 0xC9, 0x21, 0xA9, 0x19, 0xC9, 0x21, 0xA9, 0x19, 0xC9, 0x21, 0xA9, 0x19, 0xC9,
    0x21, 0xA9, 0x19, 0xC9, 0x21, 0xA9, 0x19, 0xC9, 0x21, 0xA9, 0x19, 0xC9, 0x21, 0xA9, 0x19, 0xC9,
    0x21, 0xA9, 0x19, 0xC9, 0x21, 0xA9, 0x19, 0xC9, 0x21, 0xA9, 0x19, 0xC9, 0x21, 0xA9, 0x19, 0xC9,
    0x21, 0xA9, 0x19, 0xC9, 0x21, 0xA9, 0x19, 0xC9, 0x21, 0xA9, 0x19, 0xC9, 0x21, 0xA9, 0x19, 0xC9,
    0x21, 0xA9, 0x19, 0xC9, 0x21, 0xA9, 0x19, 0xC9, 0x21, 0xA9, 0x19, 0xC9, 0x21, 0xA9, 0x19, 0xC9,
    0x21, 0xA9, 0x19, 0xC9, 0x21, 0xA9, 0x19, 0xC9, 0x21, 0xA9, 0x19, 0xC9, 0x21, 0xA9, 0x19, 0xC9,
    0x21, 0xA9, 0x19, 0xC9, 0x21, 0xA9, 0x19, 0xC9, 0x21, 0xA9, 0x19, 0xC9, 0x21, 0xC9, 0x19, 0xA8,
    0x19, 0xA9, 0x21, 0xA9, 0x19, 0xA9, 0x19, 0xA9, 0x21, 0xA9, 0x19, 0xA9, 0x19, 0xA9, 0x21, 0xA9,
    0x19, 0xA9, 0x19, 0xA9, 0x21, 0xA9, 0x19, 0xA9, 0x19, 0xA9, 0x21, 0xA9, 0x19, 0xA9, 0x19, 0xA9,
    0x21, 0xA9, 0x19, 0xA9, 0x19, 0xA9, 0x21, 0xA9, 0x19, 0xA9, 0x19, 0xA9, 0x21, 0xA9, 0x19, 0xA9,
    0x19, 0xA9, 0x21, 0xA9, 0x19, 0xA9, 0x19, 0xA9, 0x21, 0xA9, 0x19, 0xA9, 0x19, 0xA9, 0x21, 0xA9,
    0x19, 0xA9, 0x19, 0xA9, 0x21, 0xA9, 0x19, 0xA9, 0x19, 0xA9, 0x21, 0xA9, 0x19, 0xA9, 0x19, 0xA9,
    0x21, 0xA9, 0x19, 0xA9, 0x19, 0xA9, 0x21, 0xA9, 0x19, 0xA9, 0x19, 0xA9, 0x21, 0xA9, 0x19, 0xA9,
    0x19, 0xA9, 0x21, 0xA9, 0x19, 0xA9, 0x19, 0xA9, 0x21, 0xA9, 0x19, 0xA9, 0x19, 0xA9, 0x21, 0xA9,
    0x19, 0xA9, 0x19, 0xA9, 0x21, 0xA9, 0x19, 0xA9, 0x19, 0xA9, 0x21, 0xA9, 0x19, 0xA9, 0x19, 0xA9,
    0x21, 0xA9, 0x19, 0xA9, 0x19, 0xA9, 0x21, 0xA9, 0x19, 0xA9, 0x19, 0xA9, 0x21, 0xA9, 0x19, 0xA9,
    0x19, 0xA9, 0x21, 0xA9, 0x19, 0xA9, 0x19, 0xA9, 0x21, 0xA9, 0x19, 0xA9, 0x19, 0xA9, 0x21, 0xA9,
    0x19, 0xA9, 0x19, 0xA9, 0x21, 0xA9, 0x19, 0xA9, 0x19, 0xA9, 0x21, 0xA9, 0x19, 0xA9, 0x19, 0xA9,
    0x21, 0xA9, 0x19, 0xA9, 0x19, 0xA9, 0x21, 0xA9, 0x19, 0xA9, 0x19, 0xA9, 0x21, 0xA9, 0x19, 0xA9,
    0x19, 0xA9, 0x21, 0xA9, 0x19, 0xA9, 0x19, 0xA9, 0x21, 0xA9, 0x19, 0xA9, 0x19, 0xA9, 0x21, 0xA9,
    0x19, 0xA9, 0x19, 0xA9, 0x21, 0xA9, 0x19, 0xA9, 0x19, 0xA9, 0x21, 0xA9, 0x19, 0xA9, 0x19, 0xA9,
    0x21, 0xA9, 0x19, 0xA9, 0x19, 0xA9, 0x21, 0xA9, 0x19, 0xA9, 0x19, 0xA9, 0x21, 0xA9, 0x19, 0xA9,
    0x19, 0xA9, 0x21, 0xA9, 0x19, 0xA9, 0x19, 0xA9, 0x21, 0xA9, 0x19, 0xA8, 0x19, 0xA9, 0x21, 0xA9,
    0x19, 0xA9, 0x19, 0xA8, 0x21, 0xA9, 0x19, 0xA8, 0x19, 0xA9, 0x21, 0xA8, 0x19, 0xA9, 0x19, 0xA8,
    0x21, 0xA9, 0x19, 0xA8, 0x19, 0xA9, 0x21, 0xA8, 0x19, 0xA9, 0x19, 0xA8, 0x21, 0xA9, 0x19, 0xA8,
    0x19, 0xA9, 0x21, 0xA8, 0x19, 0xA9, 0x19, 0xA8, 0x21, 0xA9, 0x19, 0xA8, 0x19, 0xA9, 0x21, 0xA8,
    0x19, 0xA9, 0x19, 0xA8, 0x21, 0xA9, 0x19, 0xA8, 0x19, 0xA9, 0x21, 0xA8, 0x19, 0xA9, 0x19, 0xA8,
    0x21, 0xA9, 0x19, 0xA8, 0x19, 0xA9, 0x21, 0xA8, 0x19, 0xA9, 0x19, 0xA8, 0x21, 0xA9, 0x19, 0xA8,
    0x19, 0xA9, 0x21, 0xA8, 0x19, 0xA9, 0x19, 0xA8, 0x21, 0xA9, 0x19, 0xA8, 0x19, 0xA9, 0x21, 0xA8,
    0x19, 0xA9, 0x19, 0xA8, 0x21, 0xA9, 0x19, 0xA8, 0x19, 0xA9, 0x21, 0xA8, 0x19, 0xA9, 0x19, 0xA8,
    0x21, 0xA9, 0x19, 0xA8, 0x19, 0xA9, 0x21, 0xA8, 0x19, 0xA9, 0x19, 0xA8, 0x21, 0xA9, 0x19, 0xA8,
    0x19, 0xA9, 0x21, 0xA8, 0x19, 0xA9, 0x19, 0xA8, 0x21, 0xA9, 0x19, 0xA8, 0x19, 0xA9, 0x21, 0xA8,
    0x19, 0xA9, 0x19, 0xA8, 0x21, 0xA9, 0x19, 0xA8, 0x19, 0xA9, 0x21, 0xA8, 0x19, 0xA9, 0x19, 0xA8,
    0x21, 0xA9, 0x19, 0xA8, 0x19, 0xA9, 0x21, 0xA8, 0x19, 0xA9, 0x19, 0xA8, 0x21, 0xA9, 0x19, 0xA8,
    0x19, 0xA9, 0x21, 0xA8, 0x19, 0xA9, 0x19, 0xA8, 0x21, 0xA9, 0x19, 0xA8, 0x19, 0xA9, 0x21, 0xA8,
    0x19, 0xA9, 0x19, 0xA8, 0x21, 0xA9, 0x19, 0xA8, 0x19, 0xA9, 0x21, 0xA8, 0x19, 0xA9, 0x19, 0xA8,
    0x21, 0xA9, 0x19, 0xA8, 0x19, 0xA9, 0x21, 0xA8, 0x19, 0xA9, 0x19, 0xA8, 0x21, 0xA9, 0x19, 0xA8,
    0x19, 0xA9, 0x21, 0xA8, 0x19, 0xA9, 0x19, 0xA8, 0x21, 0xA9, 0x19, 0xA8, 0x19, 0xA9, 0x21, 0xA8,
    0x19, 0xA9, 0x19, 0xA8, 0x21, 0xA9, 0x19, 0xA8, 0x19, 0xA9, 0x21, 0xA9, 0x19, 0xA9, 0x19, 0xA8,
    0x21, 0xA9, 0x19, 0xC9, 0x19, 0xA8, 0x21, 0xA9, 0x19, 0xC9, 0x19, 0xA8, 0x21, 0xA9, 0x19, 0xC9,
    0x19, 0xA8, 0x21, 0xA9, 0x19, 0xC9, 0x19, 0xA8, 0x21, 0xA9, 0x19, 0xC9, 0x19, 0xA8, 0x21, 0xA9,
    0x19, 0xC9, 0x19, 0xA8, 0x21, 0xA9, 0x19, 0xC9, 0x19, 0xA8, 0x21, 0xA9, 0x19, 0xC9, 0x19, 0xA8,
    0x21, 0xA9, 0x19, 0xC9, 0x19, 0xA8, 0x21, 0xA9, 0x19, 0xC9, 0x19, 0xA8, 0x21, 0xA9, 0x19, 0xC9,
    0x19, 0xA8, 0x21, 0xA9, 0x19, 0xC9, 0x19, 0xA8, 0x21, 0xA9, 0x19, 0xC9, 0x19, 0xA8, 0x21, 0xA9,
    0x19, 0xC9, 0x19, 0xA8, 0x21, 0xA9, 0x19, 0xC9, 0x19, 0xA8, 0x21, 0xA9, 0x19, 0xC9, 0x19, 0xA8,
    0x21, 0xA9, 0x19, 0xC9, 0x19, 0xA8, 0x21, 0xA9, 0x19, 0xC9, 0x19, 0xA8, 0x21, 0xA9, 0x19, 0xC9,
    0x19, 0xA8, 0x21, 0xA9, 0x19, 0xC9, 0x19, 0xA8, 0x21, 0xA9, 0x19, 0xC9, 0x19, 0xA8, 0x21, 0xA9,
    0x19, 0xC9, 0x19, 0xA8, 0x21, 0xA9, 0x19, 0xC9, 0x19, 0xA8, 0x21, 0xA9, 0x19, 0xC9, 0x19, 0xA8,
    0x21, 0xA9, 0x19, 0xC9, 0x19, 0xA8, 0x21, 0xA9, 0x19, 0xC9, 0x19, 0xA8, 0x21, 0xA9, 0x19, 0xC9,
    0x19, 0xA8, 0x21, 0xA9, 0x19, 0xC9, 0x19, 0xA8, 0x21, 0xA9, 0x19, 0xC9, 0x19, 0xA8, 0x21, 0xA9,
    0x19, 0xC9, 0x19, 0xA8, 0x21, 0xA9, 0x19, 0xC9, 0x19, 0xA8, 0x21, 0xA9, 0x19, 0xC9, 0x19, 0xA8,
    0x21, 0xA9, 0x19, 0xC9, 0x19, 0xA8, 0x21, 0xA9, 0x19, 0xC9, 0x19, 0xA8, 0x21, 0xA9, 0x19, 0xC9,
    0x19, 0xA8, 0x21, 0xA9, 0x19, 0xC9, 0x19, 0xA8, 0x21, 0xA9, 0x19, 0xC9, 0x19, 0xA8, 0x21, 0xA9,
    0x19, 0xC9, 0x19, 0xA8, 0x21, 0xA9, 0x19, 0xC9, 0x19, 0xA8, 0x21, 0xA9, 0x19, 0xC9, 0x19, 0xA8,
    0x21, 0xA9, 0x19, 0xC9, 0x19, 0xA8, 0x21, 0xA9, 0x19, 0xC9, 0x19, 0xA8, 0x21, 0xA9, 0x19, 0xA9,
    0x19, 0xA9, 0x19, 0xA8, 0x19, 0xA9, 0x19, 0xA9, 0x19, 0xA8, 0x19, 0xA9, 0x19, 0xA9, 0x19, 0xA8,
    0x19, 0xA9, 0x19, 0xA9, 0x19, 0xA8, 0x19, 0xA9, 0x19, 0xA9, 0x19, 0xA8, 0x19, 0xA9, 0x19, 0xA9,
    0x19, 0xA8, 0x19, 0xA9, 0x19, 0xA9, 0x19, 0xA8, 0x19, 0xA9, 0x19, 0xA9, 0x19, 0xA8, 0x19, 0xA9,
    0x19, 0xA9, 0x19, 0xA8, 0x19, 0xA9, 0x19, 0xA9, 0x19, 0xA8, 0x19, 0xA9, 0x19, 0xA9, 0x19, 0xA8,
    0x19, 0xA9, 0x19, 0xA9, 0x19, 0xA8, 0x19, 0xA9, 0x19, 0xA9, 0x19, 0xA8, 0x19, 0xA9, 0x19, 0xA9,
    0x19, 0xA8, 0x19, 0xA9, 0x19, 0xA9, 0x19, 0xA8, 0x19, 0xA9, 0x19, 0xA9, 0x19, 0xA8, 0x19, 0xA9,
    0x19, 0xA9, 0x19, 0xA8, 0x19, 0xA9, 0x19, 0xA9, 0x19, 0xA8, 0x19, 0xA9, 0x19, 0xA9, 0x19, 0xA8,
    0x19, 0xA9, 0x19, 0xA9, 0x19, 0xA8, 0x19, 0xA9, 0x19, 0xA9, 0x19, 0xA8, 0x19, 0xA9, 0x19, 0xA9,
    0x19, 0xA8, 0x19, 0xA9, 0x19, 0xA9, 0x19, 0xA8, 0x19, 0xA9, 0x19, 0xA9, 0x19, 0xA8, 0x19, 0xA9,
    0x19, 0xA9, 0x19, 0xA8, 0x19, 0xA9, 0x19, 0xA9, 0x19, 0xA8, 0x19, 0xA9, 0x19, 0xA9, 0x19, 0xA8,
    0x19, 0xA9, 0x19, 0xA9, 0x19, 0xA8, 0x19, 0xA9, 0x19, 0xA9, 0x19, 0xA8, 0x19, 0xA9, 0x19, 0xA9,
    0x19, 0xA8, 0x19, 0xA9, 0x19, 0xA9, 0x19, 0xA8, 0x19, 0xA9, 0x19, 0xA9, 0x19, 0xA8, 0x19, 0xA9,
    0x19, 0xA9, 0x19, 0xA8, 0x19, 0xA9, 0x19, 0xA9, 0x19, 0xA8, 0x19, 0xA9, 0x19, 0xA9, 0x19, 0xA8,
    0x19, 0xA9, 0x19, 0xA9, 0x19, 0xA8, 0x19, 0xA9, 0x19, 0xA9, 0x19, 0xA8, 0x19, 0xA9, 0x19, 0xA9,
    0x19, 0xA8, 0x19, 0xA9, 0x19, 0xA9, 0x19, 0xA8, 0x19, 0xA9, 0x19, 0xA9, 0x19, 0xA8, 0x19, 0xA9,
    0x19, 0xA9, 0x19, 0xA8, 0x19, 0xA9, 0x19, 0xA9, 0x19, 0xA8, 0x19, 0xA9, 0x19, 0xA9, 0x19, 0xA8,
    0x19, 0xA9, 0x19, 0xA9, 0x21, 0xA8, 0x19, 0xA9, 0x19, 0xA9, 0x21, 0xA8, 0x19, 0xA9, 0x19, 0xA9,
    0x21, 0xA8, 0x19, 0xA9, 0x19, 0xA9, 0x21, 0xA8, 0x19, 0xA9, 0x19, 0xA9, 0x21, 0xA8, 0x19, 0xA9,
    0x19, 0xA9, 0x21, 0xA8, 0x19, 0xA9, 0x19, 0xA9, 0x21, 0xA8, 0x19, 0xA9, 0x19, 0xA9, 0x21, 0xA8,
    0x19, 0xA9, 0x19, 0xA9, 0x21, 0xA8, 0x19, 0xA9, 0x19, 0xA9, 0x21, 0xA8, 0x19, 0xA9, 0x19, 0xA9,
    0x21, 0xA8, 0x19, 0xA9, 0x19, 0xA9, 0x21, 0xA8, 0x19, 0xA9, 0x19, 0xA9, 0x21, 0xA8, 0x19, 0xA9,
    0x19, 0xA9, 0x21, 0xA8, 0x19, 0xA9, 0x19, 0xA9, 0x21, 0xA8, 0x19, 0xA9, 0x19, 0xA9, 0x21, 0xA8,
    0x19, 0xA9, 0x19, 0xA9, 0x21, 0xA8, 0x19, 0xA9, 0x19, 0xA9, 0x21, 0xA8, 0x19, 0xA9, 0x19, 0xA9,
    0x21, 0xA8, 0x19, 0xA9, 0x19, 0xA9, 0x21, 0xA8, 0x19, 0xA9, 0x19, 0xA9, 0x21, 0xA8, 0x19, 0xA9,
    0x19, 0xA9, 0x21, 0xA8, 0x19, 0xA9, 0x19, 0xA9, 0x21, 0xA8, 0x19, 0xA9, 0x19, 0xA9, 0x21, 0xA8,
    0x19, 0xA9, 0x19, 0xA9, 0x21, 0xA8, 0x19, 0xA9, 0x19, 0xA9, 0x21, 0xA8, 0x19, 0xA9, 0x19, 0xA9,
    0x21, 0xA8, 0x19, 0xA9, 0x19, 0xA9, 0x21, 0xA8, 0x19, 0xA9, 0x19, 0xA9, 0x21, 0xA8, 0x19, 0xA9,
    0x19, 0xA9, 0x21, 0xA8, 0x19, 0xA9, 0x19, 0xA9, 0x21, 0xA8, 0x19, 0xA9, 0x19, 0xA9, 0x21, 0xA8,
    0x19, 0xA9, 0x19, 0xA9, 0x21, 0xA8, 0x19, 0xA9, 0x19, 0xA9, 0x21, 0xA8, 0x19, 0xA9, 0x19, 0xA9,
    0x21, 0xA8, 0x19, 0xA9, 0x19, 0xA9, 0x21, 0xA8, 0x19, 0xA9, 0x19, 0xA9, 0x21, 0xA8, 0x19, 0xA9,
    0x19, 0xA9, 0x21, 0xA8, 0x19, 0xA9, 0x19, 0xA9, 0x21, 0xA8, 0x19, 0xA9, 0x19, 0xA9, 0x21, 0xA8,
    0x19, 0xA9, 0x19, 0xA9, 0x21, 0xA8, 0x19, 0xA9, 0x19, 0xA9, 0x21, 0xA8, 0x19, 0xA9, 0x19, 0xA9,
    0x19, 0xA9, 0x19, 0xA8, 0x19, 0xA9, 0x19, 0xA9, 0x19, 0xA8, 0x19, 0xA9, 0x19, 0xA9, 0x19, 0xA8,
    0x19, 0xA9, 0x19, 0xA9, 0x19, 0xA8, 0x19, 0xA9, 0x19, 0xA9, 0x19, 0xA8, 0x19, 0xA9, 0x19, 0xA9,
    0x19, 0xA8, 0x19, 0xA9, 0x19, 0xA9, 0x19, 0xA8, 0x19, 0xA9, 0x19, 0xA9, 0x19, 0xA8, 0x19, 0xA9,
    0x19, 0xA9, 0x19, 0xA8, 0x19, 0xA9, 0x19, 0xA9, 0x19, 0xA8, 0x19, 0xA9, 0x19, 0xA9, 0x19, 0xA8,
    0x19, 0xA9, 0x19, 0xA9, 0x19, 0xA8, 0x19, 0xA9, 0x19, 0xA9, 0x19, 0xA8, 0x19, 0xA9, 0x19, 0xA9,
    0x19, 0xA8, 0x19, 0xA9, 0x19, 0xA9, 0x19, 0xA8, 0x19, 0xA9, 0x19, 0xA9, 0x19, 0xA8, 0x19, 0xA9,
    0x19, 0xA9, 0x19, 0xA8, 0x19, 0xA9, 0x19, 0xA9, 0x19, 0xA8, 0x19, 0xA9, 0x19, 0xA9, 0x19, 0xA8,
    0x19, 0xA9, 0x19, 0xA9, 0x19, 0xA8, 0x19, 0xA9, 0x19, 0xA9, 0x19, 0xA8, 0x19, 0xA9, 0x19, 0xA9,
    0x19, 0xA8, 0x19, 0xA9, 0x19, 0xA9, 0x19, 0xA8, 0x19, 0xA9, 0x19, 0xA9, 0x19, 0xA8, 0x19, 0xA9,
    0x19, 0xA9, 0x19, 0xA8, 0x19, 0xA9, 0x19, 0xA9, 0x19, 0xA8, 0x19, 0xA9, 0x19, 0xA9, 0x19, 0xA8,
    0x19, 0xA9, 0x19, 0xA9, 0x19, 0xA8, 0x19, 0xA9, 0x19, 0xA9, 0x19, 0xA8, 0x19, 0xA9, 0x19, 0xA9,
    0x19, 0xA8, 0x19, 0xA9, 0x19, 0xA9, 0x19, 0xA8, 0x19, 0xA9, 0x19, 0xA9, 0x19, 0xA8, 0x19, 0xA9,
    0x19, 0xA9, 0x19, 0xA8, 0x19, 0xA9, 0x19, 0xA9, 0x19, 0xA8, 0x19, 0xA9, 0x19, 0xA9, 0x19, 0xA8,
    0x19, 0xA9, 0x19, 0xA9, 0x19, 0xA8, 0x19, 0xA9, 0x19, 0xA9, 0x19, 0xA8, 0x19, 0xA9, 0x19, 0xA9,
    0x19, 0xA8, 0x19, 0xA9, 0x19, 0xA9, 0x19, 0xA8, 0x19, 0xA9, 0x19, 0xA9, 0x19, 0xA8, 0x19, 0xA9,
    0x19, 0xA9, 0x19, 0xA8, 0x19, 0xA9, 0x19, 0xA9, 0x19, 0xA8, 0x19, 0xA9, 0x19, 0xA9, 0x19, 0xA8,
    0x19, 0xA9, 0x19, 0xA8, 0x19, 0xA9, 0x19, 0xA8, 0x19, 0xA9, 0x19, 0xA8, 0x19, 0xA9, 0x19, 0xA9,
    0x19, 0xA8, 0x19, 0xA9, 0x19, 0xA9, 0x19, 0xA8, 0x19, 0xA9, 0x19, 0xA9, 0x19, 0xA8, 0x19, 0xA9,
    0x19, 0xA9, 0x19, 0xA8, 0x19, 0xA9, 0x19, 0xA9, 0x19, 0xA8, 0x19, 0xA9, 0x19, 0xA9, 0x19, 0xA8,
    0x19, 0xA9, 0x19, 0xA9, 0x19, 0xA8, 0x19, 0xA9, 0x19, 0xA9, 0x19, 0xA8, 0x19, 0xA9, 0x19, 0xA9,
    0x19, 0xA8, 0x19, 0xA9, 0x19, 0xA9, 0x19, 0xA8, 0x19, 0xA9, 0x19, 0xA9, 0x19, 0xA8, 0x19, 0xA9,
    0x19, 0xA9, 0x19, 0xA8, 0x19, 0xA9, 0x19, 0xA9, 0x19, 0xA8, 0x19, 0xA9, 0x19, 0xA9, 0x19, 0xA8,
    0x19, 0xA9, 0x19, 0xA9, 0x19, 0xA8, 0x19, 0xA9, 0x19, 0xA9, 0x19, 0xA8, 0x19, 0xA9, 0x19, 0xA9,
    0x19, 0xA8, 0x19, 0xA9, 0x19, 0xA9, 0x19, 0xA8, 0x19, 0xA9, 0x19, 0xA9, 0x19, 0xA8, 0x19, 0xA9,
    0x19, 0xA9, 0x19, 0xA8, 0x19, 0xA9, 0x19, 0xA9, 0x19, 0xA8, 0x19, 0xA9, 0x19, 0xA9, 0x19, 0xA8,
    0x19, 0xA9, 0x19, 0xA9, 0x19, 0xA8, 0x19, 0xA9, 0x19, 0xA9, 0x19, 0xA8, 0x19, 0xA9, 0x19, 0xA9,
    0x19, 0xA8, 0x19, 0xA9, 0x19, 0xA9, 0x19, 0xA8, 0x19, 0xA9, 0x19, 0xA9, 0x19, 0xA8, 0x19, 0xA9,
    0x19, 0xA9, 0x19, 0xA8, 0x19, 0xA9, 0x19, 0xA9, 0x19, 0xA8, 0x19, 0xA9, 0x19, 0xA9, 0x19, 0xA8,
    0x19, 0xA9, 0x19, 0xA9, 0x19, 0xA8, 0x19, 0xA9, 0x19, 0xA9, 0x19, 0xA8, 0x19, 0xA9, 0x19, 0xA9,
    0x19, 0xA8, 0x19, 0xA9, 0x19, 0xA9, 0x19, 0xA8, 0x19, 0xA9, 0x19, 0xA9, 0x19, 0xA8, 0x19, 0xA9,
    0x19, 0xA9, 0x19, 0xA8, 0x19, 0xA9, 0x19, 0xA9, 0x19, 0xA8, 0x19, 0xA9, 0x19, 0xA9, 0x19, 0xA8,
    0x19, 0xA9, 0x19, 0xA9, 0x19, 0xA8, 0x19, 0xA9, 0x19, 0xA9, 0x19, 0xA8, 0x19, 0xA9, 0x19, 0xA9,
    0x19, 0xA9, 0x19, 0xA8, 0x19, 0xA9, 0x19, 0xA8, 0x19, 0xA9, 0x19, 0xA9, 0x19, 0xA8, 0x19, 0xA9,
    0x19, 0xA8, 0x19, 0xA9, 0x19, 0xA8, 0x19, 0xA9, 0x19, 0xA8, 0x19, 0xA9, 0x19, 0xA8, 0x19, 0xA9,
    0x19, 0xA8, 0x19, 0xA9, 0x19, 0xA8, 0x19, 0xA9, 0x19, 0xA8, 0x19, 0xA9, 0x19, 0xA8, 0x19, 0xA9,
    0x19, 0xA8, 0x19, 0xA9, 0x19, 0xA8, 0x19, 0xA9, 0x19, 0xA8, 0x19, 0xA9, 0x19, 0xA8, 0x19, 0xA9,
    0x19, 0xA8, 0x19, 0xA9, 0x19, 0xA8, 0x19, 0xA9, 0x19, 0xA8, 0x19, 0xA9, 0x19, 0xA8, 0x19, 0xA9,
    0x19, 0xA8, 0x19, 0xA9, 0x19, 0xA8, 0x19, 0xA9, 0x19, 0xA8, 0x19, 0xA9, 0x19, 0xA8, 0x19, 0xA9,
    0x19, 0xA8, 0x19, 0xA9, 0x19, 0xA8, 0x19, 0xA9, 0x19, 0xA8, 0x19, 0xA9, 0x19, 0xA8, 0x19, 0xA9,
    0x19, 0xA8, 0x19, 0xA9, 0x19, 0xA8, 0x19, 0xA9, 0x19, 0xA8, 0x19, 0xA9, 0x19, 0xA8, 0x19, 0xA9,
    0x19, 0xA8, 0x19, 0xA9, 0x19, 0xA8, 0x19, 0xA9, 0x19, 0xA8, 0x19, 0xA9, 0x19, 0xA8, 0x19, 0xA9,
    0x19, 0xA8, 0x19, 0xA9, 0x19, 0xA8, 0x19, 0xA9, 0x19, 0xA8, 0x19, 0xA9, 0x19, 0xA8, 0x19, 0xA9,
    0x19, 0xA8, 0x19, 0xA9, 0x19, 0xA8, 0x19, 0xA9, 0x19, 0xA8, 0x19, 0xA9, 0x19, 0xA8, 0x19, 0xA9,
    0x19, 0xA8, 0x19, 0xA9, 0x19, 0xA8, 0x19, 0xA9, 0x19, 0xA8, 0x19, 0xA9, 0x19, 0xA8, 0x19, 0xA9,
    0x19, 0xA8, 0x19, 0xA9, 0x19, 0xA8, 0x19, 0xA9, 0x19, 0xA8, 0x19, 0xA9, 0x19, 0xA8, 0x19, 0xA9,
    0x19, 0xA8, 0x19, 0xA9, 0x19, 0xA8, 0x19, 0xA9, 0x19, 0xA8, 0x19, 0xA9, 0x19, 0xA8, 0x19, 0xA9,
    0x19, 0xA8, 0x19, 0xA9, 0x19, 0xA8, 0x19, 0xA9, 0x19, 0xA8, 0x19, 0xA9, 0x19, 0xA8, 0x19, 0xA9,
    0x19, 0xA8, 0x19, 0xA9, 0x19, 0xA8, 0x19, 0xA9, 0x19, 0xA8, 0x19, 0xA9, 0x19, 0xA8, 0x19, 0xA9,
    0x19, 0xA9, 0x19, 0x88, 0x19, 0xA9, 0x19, 0x89, 0x19, 0xA8, 0x19, 0x89, 0x19, 0xA8, 0x19, 0x89,
    0x19, 0xA8, 0x19, 0x89, 0x19, 0xA8, 0x19, 0x89, 0x19, 0xA8, 0x19, 0x89, 0x19, 0xA8, 0x19, 0x89,
    0x19, 0xA8, 0x19, 0x89, 0x19, 0xA8, 0x19, 0x89, 0x19, 0xA8, 0x19, 0x89, 0x19, 0xA8, 0x19, 0x89,
    0x19, 0xA8, 0x19, 0x89, 0x19, 0xA8, 0x19, 0x89, 0x19, 0xA8, 0x19, 0x89, 0x19, 0xA8, 0x19, 0x89,
    0x19, 0xA8, 0x19, 0x89, 0x19, 0xA8, 0x19, 0x89, 0x19, 0xA8, 0x19, 0x89, 0x19, 0xA8, 0x19, 0x89,
    0x19, 0xA8, 0x19, 0x89, 0x19, 0xA8, 0x19, 0x89, 0x19, 0xA8, 0x19, 0x89, 0x19, 0xA8, 0x19, 0x89,
    0x19, 0xA8, 0x19, 0x89, 0x19, 0xA8, 0x19, 0x89, 0x19, 0xA8, 0x19, 0x89, 0x19, 0xA8, 0x19, 0x89,
    0x19, 0xA8, 0x19, 0x89, 0x19, 0xA8, 0x19, 0x89, 0x19, 0xA8, 0x19, 0x89, 0x19, 0xA8, 0x19, 0x89,
    0x19, 0xA8, 0x19, 0x89, 0x19, 0xA8, 0x19, 0x89, 0x19, 0xA8, 0x19, 0x89, 0x19, 0xA8, 0x19, 0x89,
    0x19, 0xA8, 0x19, 0x89, 0x19, 0xA8, 0x19, 0x89, 0x19, 0xA8, 0x19, 0x89, 0x19, 0xA8, 0x19, 0x89,
    0x19, 0xA8, 0x19, 0x89, 0x19, 0xA8, 0x19, 0x89, 0x19, 0xA8, 0x19, 0x89, 0x19, 0xA8, 0x19, 0x89,
    0x19, 0xA8, 0x19, 0x89, 0x19, 0xA8, 0x19, 0x89, 0x19, 0xA8, 0x19, 0x89, 0x19, 0xA8, 0x19, 0x89,
    0x19, 0xA8, 0x19, 0x89, 0x19, 0xA8, 0x19, 0x89, 0x19, 0xA8, 0x19, 0x89, 0x19, 0xA8, 0x19, 0x89,
    0x19, 0xA8, 0x19, 0x89, 0x19, 0xA8, 0x19, 0x89, 0x19, 0xA8, 0x19, 0x89, 0x19, 0xA8, 0x19, 0x89,
    0x19, 0xA8, 0x19, 0x89, 0x19, 0xA8, 0x19, 0x89, 0x19, 0xA8, 0x19, 0x89, 0x19, 0xA8, 0x19, 0x89,
    0x19, 0xA8, 0x19, 0x89, 0x19, 0xA8, 0x19, 0x89, 0x19, 0xA8, 0x19, 0x89, 0x19, 0xA8, 0x19, 0x89,
    0x19, 0xA9, 0x19, 0x88, 0x19, 0xA9, 0x19, 0xA8, 0x19, 0x89, 0x19, 0xA8, 0x19, 0xA9, 0x19, 0x88,
    0x19, 0xA9, 0x19, 0xA8, 0x19, 0x89, 0x19, 0xA8, 0x19, 0xA9, 0x19, 0x88, 0x19, 0xA9, 0x19, 0xA8,
    0x19, 0x89, 0x19, 0xA8, 0x19, 0xA9, 0x19, 0x88, 0x19, 0xA9, 0x19, 0xA8, 0x19, 0x89, 0x19, 0xA8,
    0x19, 0xA9, 0x19, 0x88, 0x19, 0xA9, 0x19, 0xA8, 0x19, 0x89, 0x19, 0xA8, 0x19, 0xA9, 0x19, 0x88,
    0x19, 0xA9, 0x19, 0xA8, 0x19, 0x89, 0x19, 0xA8, 0x19, 0xA9, 0x19, 0x88, 0x19, 0xA9, 0x19, 0xA8,
    0x19, 0x89, 0x19, 0xA8, 0x19, 0xA9, 0x19, 0x88, 0x19, 0xA9, 0x19, 0xA8, 0x19, 0x89, 0x19, 0xA8,
    0x19, 0xA9, 0x19, 0x88, 0x19, 0xA9, 0x19, 0xA8, 0x19, 0x89, 0x19, 0xA8, 0x19, 0xA9, 0x19, 0x88,
    0x19, 0xA9, 0x19, 0xA8, 0x19, 0x89, 0x19, 0xA8, 0x19, 0xA9, 0x19, 0x88, 0x19, 0xA9, 0x19, 0xA8,
    0x19, 0x89, 0x19, 0xA8, 0x19, 0xA9, 0x19, 0x88, 0x19, 0xA9, 0x19, 0xA8, 0x19, 0x89, 0x19, 0xA8,
    0x19, 0xA9, 0x19, 0x88, 0x19, 0xA9, 0x19, 0xA8, 0x19, 0x89, 0x19, 0xA8, 0x19, 0xA9, 0x19, 0x88,
    0x19, 0xA9, 0x19, 0xA8, 0x19, 0x89, 0x19, 0xA8, 0x19, 0xA9, 0x19, 0x88, 0x19, 0xA9, 0x19, 0xA8,
    0x19, 0x89, 0x19, 0xA8, 0x19, 0xA9, 0x19, 0x88, 0x19, 0xA9, 0x19, 0xA8, 0x19, 0x89, 0x19, 0xA8,
    0x19, 0xA9, 0x19, 0x88, 0x19, 0xA9, 0x19, 0xA8, 0x19, 0x89, 0x19, 0xA8, 0x19, 0xA9, 0x19, 0x88,
    0x19, 0xA9, 0x19, 0xA8, 0x19, 0x89, 0x19, 0xA8, 0x19, 0xA9, 0x19, 0x88, 0x19, 0xA9, 0x19, 0xA8,
    0x19, 0x89, 0x19, 0xA8, 0x19, 0xA9, 0x19, 0x88, 0x19, 0xA9, 0x19, 0xA8, 0x19, 0x89, 0x19, 0xA8,
    0x19, 0xA9, 0x19, 0x88, 0x19, 0xA9, 0x19, 0xA8, 0x19, 0x89, 0x19, 0xA8, 0x19, 0xA9, 0x19, 0xA8,
    0x19, 0xA9, 0x19, 0xA8, 0x19, 0x89, 0x19, 0xA8, 0x19, 0xA9, 0x19, 0x88, 0x19, 0xA9, 0x19, 0xA9,
    0x19, 0x88, 0x19, 0xA9, 0x19, 0xA9, 0x19, 0x88, 0x19, 0xA9, 0x19, 0xA9, 0x19, 0x88, 0x19, 0xA9,
    0x19, 0xA9, 0x19, 0x88, 0x19, 0xA9, 0x19, 0xA9, 0x19, 0x88, 0x19, 0xA9, 0x19, 0xA9, 0x19, 0x88,
    0x19, 0xA9, 0x19, 0xA9, 0x19, 0x88, 0x19, 0xA9, 0x19, 0xA9, 0x19, 0x88, 0x19, 0xA9, 0x19, 0xA9,
    0x19, 0x88, 0x19, 0xA9, 0x19, 0xA9, 0x19, 0x88, 0x19, 0xA9, 0x19, 0xA9, 0x19, 0x88, 0x19, 0xA9,
    0x19, 0xA9, 0x19, 0x88, 0x19, 0xA9, 0x19, 0xA9, 0x19, 0x88, 0x19, 0xA9, 0x19, 0xA9, 0x19, 0x88,
    0x19, 0xA9, 0x19, 0xA9, 0x19, 0x88, 0x19, 0xA9, 0x19, 0xA9, 0x19, 0x88, 0x19, 0xA9, 0x19, 0xA9,
    0x19, 0x88, 0x19, 0xA9, 0x19, 0xA9, 0x19, 0x88, 0x19, 0xA9, 0x19, 0xA9, 0x19, 0x88, 0x19, 0xA9,
    0x19, 0xA9, 0x19, 0x88, 0x19, 0xA9, 0x19, 0xA9, 0x19, 0x88, 0x19, 0xA9, 0x19, 0xA9, 0x19, 0x88,
    0x19, 0xA9, 0x19, 0xA9, 0x19, 0x88, 0x19, 0xA9, 0x19, 0xA9, 0x19, 0x88, 0x19, 0xA9, 0x19, 0xA9,
    0x19, 0x88, 0x19, 0xA9, 0x19, 0xA9, 0x19, 0x88, 0x19, 0xA9, 0x19, 0xA9, 0x19, 0x88, 0x19, 0xA9,
    0x19, 0xA9, 0x19, 0x88, 0x19, 0xA9, 0x19, 0xA9, 0x19, 0x88, 0x19, 0xA9, 0x19, 0xA9, 0x19, 0x88,
    0x19, 0xA9, 0x19, 0xA9, 0x19, 0x88, 0x19, 0xA9, 0x19, 0xA9, 0x19, 0x88, 0x19, 0xA9, 0x19, 0xA9,
    0x19, 0x88, 0x19, 0xA9, 0x19, 0xA9, 0x19, 0x88, 0x19, 0xA9, 0x19, 0xA9, 0x19, 0x88, 0x19, 0xA9,
    0x19, 0xA9, 0x19, 0x88, 0x19, 0xA9, 0x19, 0xA9, 0x19, 0x88, 0x19, 0xA9, 0x19, 0xA9, 0x19, 0x88,
    0x19, 0xA9, 0x19, 0xA9, 0x19, 0x88, 0x19, 0xA9, 0x19, 0xA9, 0x19, 0x88, 0x19, 0xA9, 0x19, 0x89,
    0x19, 0x89, 0x19, 0x88, 0x19, 0xA9, 0x19, 0x89, 0x19, 0x88, 0x19, 0xA9, 0x19, 0x88, 0x19, 0x89,
    0x19, 0xA9, 0x19, 0x88, 0x19, 0x89, 0x19, 0xA9, 0x19, 0x88, 0x19, 0x89, 0x19, 0xA9, 0x19, 0x88,
    0x19, 0x89, 0x19, 0xA9, 0x19, 0x88, 0x19, 0x89, 0x19, 0xA9, 0x19, 0x88, 0x19, 0x89, 0x19, 0xA9,
    0x19, 0x88, 0x19, 0x89, 0x19, 0xA9, 0x19, 0x88, 0x19, 0x89, 0x19, 0xA9, 0x19, 0x88, 0x19, 0x89,
    0x19, 0xA9, 0x19, 0x88, 0x19, 0x89, 0x19, 0xA9, 0x19, 0x88, 0x19, 0x89, 0x19, 0xA9, 0x19, 0x88,
    0x19, 0x89, 0x19, 0xA9, 0x19, 0x88, 0x19, 0x89, 0x19, 0xA9, 0x19, 0x88, 0x19, 0x89, 0x19, 0xA9,
    0x19, 0x88, 0x19, 0x89, 0x19, 0xA9, 0x19, 0x88, 0x19, 0x89, 0x19, 0xA9, 0x19, 0x88, 0x19, 0x89,
    0x19, 0xA9, 0x19, 0x88, 0x19, 0x89, 0x19, 0xA9, 0x19, 0x88, 0x19, 0x89, 0x19, 0xA9, 0x19, 0x88,
    0x19, 0x89, 0x19, 0xA9, 0x19, 0x88, 0x19, 0x89, 0x19, 0xA9, 0x19, 0x88, 0x19, 0x89, 0x19, 0xA9,
    0x19, 0x88, 0x19, 0x89, 0x19, 0xA9, 0x19, 0x88, 0x19, 0x89, 0x19, 0xA9, 0x19, 0x88, 0x19, 0x89,
    0x19, 0xA9, 0x19, 0x88, 0x19, 0x89, 0x19, 0xA9, 0x19, 0x88, 0x19, 0x89, 0x19, 0xA9, 0x19, 0x88,
    0x19, 0x89, 0x19, 0xA9, 0x19, 0x88, 0x19, 0x89, 0x19, 0xA9, 0x19, 0x88, 0x19, 0x89, 0x19, 0xA9,
    0x19, 0x88, 0x19, 0x89, 0x19, 0xA9, 0x19, 0x88, 0x19, 0x89, 0x19, 0xA9, 0x19, 0x88, 0x19, 0x89,
    0x19, 0xA9, 0x19, 0x88, 0x19, 0x89, 0x19, 0xA9, 0x19, 0x88, 0x19, 0x89, 0x19, 0xA9, 0x19, 0x88,
    0x19, 0x89, 0x19, 0xA9, 0x19, 0x88, 0x19, 0x89, 0x19, 0xA9, 0x19, 0x88, 0x19, 0x89, 0x19, 0xA9,
    0x19, 0x88, 0x19, 0x89, 0x19, 0xA9, 0x19, 0x88, 0x19, 0x89, 0x19, 0xA9, 0x19, 0x88, 0x19, 0xA9,
    0x19, 0xA8, 0x11, 0x89, 0x19, 0x88, 0x11, 0xA8, 0x19, 0x89, 0x11, 0x88, 0x19, 0xA9, 0x11, 0x88,
    0x19, 0x88, 0x11, 0xA9, 0x19, 0x88, 0x11, 0x88, 0x19, 0xA9, 0x11, 0x88, 0x19, 0x88, 0x11, 0xA9,
    0x19, 0x88, 0x11, 0x88, 0x19, 0xA9, 0x11, 0x88, 0x19, 0x88, 0x11, 0xA9, 0x19, 0x88, 0x11, 0x88,
    0x19, 0xA9, 0x11, 0x88, 0x19, 0x88, 0x11, 0xA9, 0x19, 0x88, 0x11, 0x88, 0x19, 0xA9, 0x11, 0x88,
    0x19, 0x88, 0x11, 0xA9, 0x19, 0x88, 0x11, 0x88, 0x19, 0xA9, 0x11, 0x88, 0x19, 0x88, 0x11, 0xA9,
    0x19, 0x88, 0x11, 0x88, 0x19, 0xA9, 0x11, 0x88, 0x19, 0x88, 0x11, 0xA9, 0x19, 0x88, 0x11, 0x88,
    0x19, 0xA9, 0x11, 0x88, 0x19, 0x88, 0x11, 0xA9, 0x19, 0x88, 0x11, 0x88, 0x19, 0xA9, 0x11, 0x88,
    0x19, 0x88, 0x11, 0xA9, 0x19, 0x88, 0x11, 0x88, 0x19, 0xA9, 0x11, 0x88, 0x19, 0x88, 0x11, 0xA9,
    0x19, 0x88, 0x11, 0x88, 0x19, 0xA9, 0x11, 0x88, 0x19, 0x88, 0x11, 0xA9, 0x19, 0x88, 0x11, 0x88,
    0x19, 0xA9, 0x11, 0x88, 0x19, 0x88, 0x11, 0xA9, 0x19, 0x88, 0x11, 0x88, 0x19, 0xA9, 0x11, 0x88,
    0x19, 0x88, 0x11, 0xA9, 0x19, 0x88, 0x11, 0x88, 0x19, 0xA9, 0x11, 0x88, 0x19, 0x88, 0x11, 0xA9,
    0x19, 0x88, 0x11, 0x88, 0x19, 0xA9, 0x11, 0x88, 0x19, 0x88, 0x11, 0xA9, 0x19, 0x88, 0x11, 0x88,
    0x19, 0xA9, 0x11, 0x88, 0x19, 0x88, 0x11, 0xA9, 0x19, 0x88, 0x11, 0x88, 0x19, 0xA9, 0x11, 0x88,
    0x19, 0x88, 0x11, 0xA9, 0x19, 0x88, 0x11, 0x88, 0x19, 0xA9, 0x11, 0x88, 0x19, 0x88, 0x11, 0xA9,
    0x19, 0x88, 0x11, 0x88, 0x19, 0xA9, 0x11, 0x88, 0x19, 0x88, 0x11, 0xA9, 0x19, 0x88, 0x11, 0x88,
    0x19, 0xA9, 0x11, 0x88, 0x19, 0x88, 0x11, 0xA9, 0x19, 0x88, 0x11, 0x88, 0x19, 0x89, 0x11, 0x88,
    0x19, 0x89, 0x19, 0xA8, 0x19, 0x89, 0x19, 0xA8, 0x19, 0x89, 0x19, 0xA8, 0x19, 0x88, 0x19, 0xA9,
    0x19, 0x88, 0x19, 0xA8, 0x19, 0x89, 0x19, 0xA8, 0x19, 0x88, 0x19, 0xA9, 0x19, 0x88, 0x19, 0xA8,
    0x19, 0x89, 0x19, 0xA8, 0x19, 0x88, 0x19, 0xA9, 0x19, 0x88, 0x19, 0xA8, 0x19, 0x89, 0x19, 0xA8,
    0x19, 0x88, 0x19, 0xA9, 0x19, 0x88, 0x19, 0xA8, 0x19, 0x89, 0x19, 0xA8, 0x19, 0x88, 0x19, 0xA9,
    0x19, 0x88, 0x19, 0xA8, 0x19, 0x89, 0x19, 0xA8, 0x19, 0x88, 0x19, 0xA9, 0x19, 0x88, 0x19, 0xA8,
    0x19, 0x89, 0x19, 0xA8, 0x19, 0x88, 0x19, 0xA9, 0x19, 0x88, 0x19, 0xA8, 0x19, 0x89, 0x19, 0xA8,
    0x19, 0x88, 0x19, 0xA9, 0x19, 0x88, 0x19, 0xA8, 0x19, 0x89, 0x19, 0xA8, 0x19, 0x88, 0x19, 0xA9,
    0x19, 0x88, 0x19, 0xA8, 0x19, 0x89, 0x19, 0xA8, 0x19, 0x88, 0x19, 0xA9, 0x19, 0x88, 0x19, 0xA8,
    0x19, 0x89, 0x19, 0xA8, 0x19, 0x88, 0x19, 0xA9, 0x19, 0x88, 0x19, 0xA8, 0x19, 0x89, 0x19, 0xA8,
    0x19, 0x88, 0x19, 0xA9, 0x19, 0x88, 0x19, 0xA8, 0x19, 0x89, 0x19, 0xA8, 0x19, 0x88, 0x19, 0xA9,
    0x19, 0x88, 0x19, 0xA8, 0x19, 0x89, 0x19, 0xA8, 0x19, 0x88, 0x19, 0xA9, 0x19, 0x88, 0x19, 0xA8,
    0x19, 0x89, 0x19, 0xA8, 0x19, 0x88, 0x19, 0xA9, 0x19, 0x88, 0x19, 0xA8, 0x19, 0x89, 0x19, 0xA8,
    0x19, 0x88, 0x19, 0xA9, 0x19, 0x88, 0x19, 0xA8, 0x19, 0x89, 0x19, 0xA8, 0x19, 0x88, 0x19, 0xA9,
    0x19, 0x88, 0x19, 0xA8, 0x19, 0x89, 0x19, 0xA8, 0x19, 0x88, 0x19, 0xA9, 0x19, 0x88, 0x19, 0xA8,
    0x19, 0x89, 0x19, 0xA8, 0x19, 0x88, 0x19, 0xA9, 0x19, 0x88, 0x19, 0xA8, 0x19, 0x89, 0x19, 0xA8,
    0x19, 0x88, 0x19, 0xA9, 0x19, 0x88, 0x19, 0xA8, 0x19, 0x89, 0x19, 0xA8, 0x19, 0xA8, 0x19, 0x89,
    0x19, 0x88, 0x11, 0x89, 0x19, 0x88, 0x11, 0x89, 0x19, 0x88, 0x11, 0x89, 0x19, 0x88, 0x11, 0x89,
    0x19, 0x88, 0x11, 0x89, 0x19, 0x88, 0x11, 0x89, 0x19, 0x88, 0x11, 0x89, 0x19, 0x88, 0x11, 0x89,
    0x19, 0x88, 0x11, 0x89, 0x19, 0x88, 0x11, 0x89, 0x19, 0x88, 0x11, 0x89, 0x19, 0x88, 0x11, 0x89,
    0x19, 0x88, 0x11, 0x89, 0x19, 0x88, 0x11, 0x89, 0x19, 0x88, 0x11, 0x89, 0x19, 0x88, 0x11, 0x89,
    0x19, 0x88, 0x11, 0x89, 0x19, 0x88, 0x11, 0x89, 0x19, 0x88, 0x11, 0x89, 0x19, 0x88, 0x11, 0x89,
    0x19, 0x88, 0x11, 0x89, 0x19, 0x88, 0x11, 0x89, 0x19, 0x88, 0x11, 0x89, 0x19, 0x88, 0x11, 0x89,
    0x19, 0x88, 0x11, 0x89, 0x19, 0x88, 0x11, 0x89, 0x19, 0x88, 0x11, 0x89, 0x19, 0x88, 0x11, 0x89,
    0x19, 0x88, 0x11, 0x89, 0x19, 0x88, 0x11, 0x89, 0x19, 0x88, 0x11, 0x89, 0x19, 0x88, 0x11, 0x89,
    0x19, 0x88, 0x11, 0x89, 0x19, 0x88, 0x11, 0x89, 0x19, 0x88, 0x11, 0x89, 0x19, 0x88, 0x11, 0x89,
    0x19, 0x88, 0x11, 0x89, 0x19, 0x88, 0x11, 0x89, 0x19, 0x88, 0x11, 0x89, 0x19, 0x88, 0x11, 0x89,
    0x19, 0x88, 0x11, 0x89, 0x19, 0x88, 0x11, 0x89, 0x19, 0x88, 0x11, 0x89, 0x19, 0x88, 0x11, 0x89,
    0x19, 0x88, 0x11, 0x89, 0x19, 0x88, 0x11, 0x89, 0x19, 0x88, 0x11, 0x89, 0x19, 0x88, 0x11, 0x89,
    0x19, 0x88, 0x11, 0x89, 0x19, 0x88, 0x11, 0x89, 0x19, 0x88, 0x11, 0x89, 0x19, 0x88, 0x11, 0x89,
    0x19, 0x88, 0x11, 0x89, 0x19, 0x88, 0x11, 0x89, 0x19, 0x88, 0x11, 0x89, 0x19, 0x88, 0x11, 0x89,
    0x19, 0x88, 0x11, 0x89, 0x19, 0x88, 0x11, 0x89, 0x19, 0x88, 0x11, 0x89, 0x19, 0x88, 0x11, 0x89,
    0x19, 0x88, 0x11, 0x89, 0x19, 0x88, 0x11, 0x89, 0x19, 0x88, 0x11, 0x89, 0x19, 0x88, 0x11, 0x89,
    0x19, 0x88, 0x11, 0x89, 0x19, 0x88, 0x19, 0x88, 0x11, 0x89, 0x19, 0x88, 0x19, 0x89, 0x11, 0x88,
    0x19, 0x89, 0x19, 0x88, 0x19, 0x89, 0x19, 0x88, 0x11, 0x89, 0x19, 0x88, 0x19, 0x89, 0x19, 0x88,
    0x11, 0x89, 0x19, 0x88, 0x19, 0x89, 0x19, 0x88, 0x11, 0x89, 0x19, 0x88, 0x19, 0x89, 0x19, 0x88,
    0x11, 0x89, 0x19, 0x88, 0x19, 0x89, 0x19, 0x88, 0x11, 0x89, 0x19, 0x88, 0x19, 0x89, 0x19, 0x88,
    0x11, 0x89, 0x19, 0x88, 0x19, 0x89, 0x19, 0x88, 0x11, 0x89, 0x19, 0x88, 0x19, 0x89, 0x19, 0x88,
    0x11, 0x89, 0x19, 0x88, 0x19, 0x89, 0x19, 0x88, 0x11, 0x89, 0x19, 0x88, 0x19, 0x89, 0x19, 0x88,
    0x11, 0x89, 0x19, 0x88, 0x19, 0x89, 0x19, 0x88, 0x11, 0x89, 0x19, 0x88, 0x19, 0x89, 0x19, 0x88,
    0x11, 0x89, 0x19, 0x88, 0x19, 0x89, 0x19, 0x88, 0x11, 0x89, 0x19, 0x88, 0x19, 0x89, 0x19, 0x88,
    0x11, 0x89, 0x19, 0x88, 0x19, 0x89, 0x19, 0x88, 0x11, 0x89, 0x19, 0x88, 0x19, 0x89, 0x19, 0x88,
    0x11, 0x89, 0x19, 0x88, 0x19, 0x89, 0x19, 0x88, 0x11, 0x89, 0x19, 0x88, 0x19, 0x89, 0x19, 0x88,
    0x11, 0x89, 0x19, 0x88, 0x19, 0x89, 0x19, 0x88, 0x11, 0x89, 0x19, 0x88, 0x19, 0x89, 0x19, 0x88,
    0x11, 0x89, 0x19, 0x88, 0x19, 0x89, 0x19, 0x88, 0x11, 0x89, 0x19, 0x88, 0x19, 0x89, 0x19, 0x88,
    0x11, 0x89, 0x19, 0x88, 0x19, 0x89, 0x19, 0x88, 0x11, 0x89, 0x19, 0x88, 0x19, 0x89, 0x19, 0x88,
    0x11, 0x89, 0x19, 0x88, 0x19, 0x89, 0x19, 0x88, 0x11, 0x89, 0x19, 0x88, 0x19, 0x89, 0x19, 0x88,
    0x11, 0x89, 0x19, 0x88, 0x19, 0x89, 0x19, 0x88, 0x11, 0x89, 0x19, 0x88, 0x19, 0x89, 0x19, 0x88,
    0x11, 0x89, 0x19, 0x88, 0x19, 0x89, 0x19, 0x88, 0x11, 0x89, 0x19, 0x88, 0x19, 0x89, 0x19, 0x88,
    0x19, 0x89, 0x11, 0xA8, 0x19, 0x89, 0x11, 0x88, 0x19, 0xA9, 0x11, 0x88, 0x19, 0x88, 0x19, 0xA9,
    0x11, 0x88, 0x19, 0x88, 0x11, 0xA9, 0x19, 0x88, 0x19, 0x88, 0x11, 0xA9, 0x19, 0x88, 0x11, 0x88,
    0x19, 0xA9, 0x11, 0x88, 0x19, 0x88, 0x11, 0xA9, 0x19, 0x88, 0x11, 0x88, 0x19, 0xA9, 0x11, 0x88,
    0x19, 0x88, 0x11, 0xA9, 0x19, 0x88, 0x11, 0x88, 0x19, 0xA9, 0x11, 0x88, 0x19, 0x88, 0x11, 0xA9,
    0x19, 0x88, 0x11, 0x88, 0x19, 0xA9, 0x11, 0x88, 0x19, 0x88, 0x11, 0xA9, 0x19, 0x88, 0x11, 0x88,
    0x19, 0xA9, 0x11, 0x88, 0x19, 0x88, 0x11, 0xA9, 0x19, 0x88, 0x11, 0x88, 0x19, 0xA9, 0x11, 0x88,
    0x19, 0x88, 0x11, 0xA9, 0x19, 0x88, 0x11, 0x88, 0x19, 0xA9, 0x11, 0x88, 0x19, 0x88, 0x11, 0xA9,
    0x19, 0x88, 0x11, 0x88, 0x19, 0xA9, 0x11, 0x88, 0x19, 0x88, 0x11, 0xA9, 0x19, 0x88, 0x11, 0x88,
    0x19, 0xA9, 0x11, 0x88, 0x19, 0x88, 0x11, 0xA9, 0x19, 0x88, 0x11, 0x88, 0x19, 0xA9, 0x11, 0x88,
    0x19, 0x88, 0x11, 0xA9, 0x19, 0x88, 0x11, 0x88, 0x19, 0xA9, 0x11, 0x88, 0x19, 0x88, 0x11, 0xA9,
    0x19, 0x88, 0x11, 0x88, 0x19, 0xA9, 0x11, 0x88, 0x19, 0x88, 0x11, 0xA9, 0x19, 0x88, 0x11, 0x88,
    0x19, 0xA9, 0x11, 0x88, 0x19, 0x88, 0x11, 0xA9, 0x19, 0x88, 0x11, 0x88, 0x19, 0xA9, 0x11, 0x88,
    0x19, 0x88, 0x11, 0xA9, 0x19, 0x88, 0x11, 0x88, 0x19, 0xA9, 0x11, 0x88, 0x19, 0x88, 0x11, 0xA9,
    0x19, 0x88, 0x11, 0x88, 0x19, 0xA9, 0x11, 0x88, 0x19, 0x88, 0x11, 0xA9, 0x19, 0x88, 0x11, 0x88,
    0x19, 0xA9, 0x11, 0x88, 0x19, 0x88, 0x11, 0xA9, 0x19, 0x88, 0x11, 0x88, 0x19, 0xA9, 0x11, 0x88,
    0x19, 0x88, 0x11, 0xA9, 0x19, 0x88, 0x11, 0x88, 0x19, 0xA9, 0x11, 0x88, 0x19, 0x88, 0x11, 0x89,
    0x11, 0x88, 0x19, 0x88, 0x11, 0x88, 0x19, 0x89, 0x11, 0x88, 0x19, 0x88, 0x11, 0x89, 0x19, 0x88,
    0x11, 0x88, 0x19, 0x89, 0x11, 0x88, 0x11, 0x88, 0x19, 0x89, 0x11, 0x88, 0x19, 0x88, 0x11, 0x89,
    0x19, 0x88, 0x11, 0x88, 0x19, 0x89, 0x11, 0x88, 0x19, 0x88, 0x11, 0x89, 0x19, 0x88, 0x11, 0x88,
    0x19, 0x89, 0x11, 0x88, 0x19, 0x88, 0x11, 0x89, 0x19, 0x88, 0x11, 0x88, 0x19, 0x89, 0x11, 0x88,
    0x19, 0x88, 0x11, 0x89, 0x19, 0x88, 0x11, 0x88, 0x19, 0x89, 0x11, 0x88, 0x19, 0x88, 0x11, 0x89,
    0x19, 0x88, 0x11, 0x88, 0x19, 0x89, 0x11, 0x88, 0x19, 0x88, 0x11, 0x89, 0x19, 0x88, 0x11, 0x88,
    0x19, 0x89, 0x11, 0x88, 0x19, 0x88, 0x11, 0x89, 0x19, 0x88, 0x11, 0x88, 0x19, 0x89, 0x11, 0x88,
    0x19, 0x88, 0x11, 0x89, 0x19, 0x88, 0x11, 0x88, 0x19, 0x89, 0x11, 0x88, 0x19, 0x88, 0x11, 0x89,
    0x19, 0x88, 0x11, 0x88, 0x19, 0x89, 0x11, 0x88, 0x19, 0x88, 0x11, 0x89, 0x19, 0x88, 0x11, 0x88,
    0x19, 0x89, 0x11, 0x88, 0x19, 0x88, 0x11, 0x89, 0x19, 0x88, 0x11, 0x88, 0x19, 0x89, 0x11, 0x88,
    0x19, 0x88, 0x11, 0x89, 0x19, 0x88, 0x11, 0x88, 0x19, 0x89, 0x11, 0x88, 0x19, 0x88, 0x11, 0x89,
    0x19, 0x88, 0x11, 0x88, 0x19, 0x89, 0x11, 0x88, 0x19, 0x88, 0x11, 0x89, 0x19, 0x88, 0x11, 0x88,
    0x19, 0x89, 0x11, 0x88, 0x19, 0x88, 0x11, 0x89, 0x19, 0x88, 0x11, 0x88, 0x19, 0x89, 0x11, 0x88,
    0x19, 0x88, 0x11, 0x89, 0x19, 0x88, 0x11, 0x88, 0x19, 0x89, 0x11, 0x88, 0x19, 0x88, 0x11, 0x89,
    0x19, 0x88, 0x11, 0x88, 0x19, 0x89, 0x11, 0x88, 0x19, 0x88, 0x11, 0x89, 0x19, 0x88, 0x11, 0x88,
    0x19, 0x89, 0x11, 0x88, 0x19, 0x88, 0x11, 0x89, 0x19, 0x88, 0x11, 0x88, 0x19, 0x89, 0x11, 0x88,
    0x19, 0x88, 0x11, 0x89, 0x19, 0x88, 0x11, 0x88, 0x19, 0x89, 0x11, 0x88, 0x19, 0x88, 0x11, 0x89,
    0x19, 0x88, 0x11, 0x88, 0x19, 0x89, 0x11, 0x88, 0x19, 0x88, 0x11, 0x89, 0x19, 0x88, 0x11, 0x88,
    0x19, 0x89, 0x11, 0x88, 0x19, 0x88, 0x11, 0x89, 0x19, 0x88, 0x11, 0x88, 0x19, 0x89, 0x11, 0x88,
    0x19, 0x88, 0x11, 0x89, 0x19, 0x88, 0x11, 0x88, 0x19, 0x89, 0x11, 0x88, 0x19, 0x88, 0x11, 0x89,
    0x19, 0x88, 0x11, 0x88, 0x19, 0x89, 0x11, 0x88, 0x19, 0x88, 0x11, 0x89, 0x19, 0x88, 0x11, 0x88,
    0x19, 0x89, 0x11, 0x88, 0x19, 0x88, 0x11, 0x89, 0x19, 0x88, 0x11, 0x88, 0x19, 0x89, 0x11, 0x88,
    0x19, 0x88, 0x11, 0x89, 0x19, 0x88, 0x11, 0x88, 0x19, 0x89, 0x11, 0x88, 0x19, 0x88, 0x11, 0x89,
    0x19, 0x88, 0x11, 0x88, 0x19, 0x89, 0x11, 0x88, 0x19, 0x88, 0x11, 0x89, 0x19, 0x88, 0x11, 0x88,
    0x19, 0x89, 0x11, 0x88, 0x19, 0x88, 0x11, 0x89, 0x19, 0x88, 0x11, 0x88, 0x19, 0x89, 0x11, 0x88,
    0x19, 0x88, 0x11, 0x89, 0x19, 0x88, 0x11, 0x88, 0x19, 0x89, 0x11, 0x88, 0x19, 0x88, 0x11, 0x89,
    0x19, 0x88, 0x11, 0x88, 0x19, 0x89, 0x11, 0x88, 0x19, 0x88, 0x11, 0x89, 0x19, 0x88, 0x11, 0x88,
    0x19, 0x89, 0x11, 0x88, 0x19, 0x88, 0x11, 0x89, 0x19, 0x88, 0x11, 0x88, 0x19, 0x89, 0x11, 0x88,
    0x19, 0x88, 0x11, 0x89, 0x19, 0x88, 0x11, 0x88, 0x19, 0x89, 0x11, 0x88, 0x19, 0x88, 0x11, 0x89,
    0x19, 0x88, 0x11, 0x88, 0x19, 0x89, 0x11, 0x88, 0x19, 0x88, 0x11, 0x89, 0x19, 0x88, 0x11, 0x88,
    0x19, 0x89, 0x11, 0x88, 0x19, 0x88, 0x11, 0x89, 0x19, 0x88, 0x11, 0x88, 0x19, 0x89, 0x11, 0x88,
    0x19, 0x88, 0x11, 0x89, 0x19, 0x88, 0x11, 0x88, 0x19, 0x89, 0x11, 0x88, 0x19, 0x88, 0x11, 0x88,
    0x11, 0x88, 0x19, 0x88, 0x11, 0x89, 0x19, 0x88, 0x11, 0x88, 0x19, 0x89, 0x11, 0x88, 0x19, 0x88,
    0x11, 0x89, 0x19, 0x88, 0x11, 0x88, 0x19, 0x89, 0x11, 0x88, 0x19, 0x88, 0x11, 0x89, 0x19, 0x88,
    0x11, 0x88, 0x19, 0x89, 0x11, 0x88, 0x19, 0x88, 0x11, 0x89, 0x19, 0x88, 0x11, 0x88, 0x19, 0x89,
    0x11, 0x88, 0x19, 0x88, 0x11, 0x89, 0x19, 0x88, 0x11, 0x88, 0x19, 0x89, 0x11, 0x88, 0x19, 0x88,
    0x11, 0x89, 0x19, 0x88, 0x11, 0x88, 0x19, 0x89, 0x11, 0x88, 0x19, 0x88, 0x11, 0x89, 0x19, 0x88,
    0x11, 0x88, 0x19, 0x89, 0x11, 0x88, 0x19, 0x88, 0x11, 0x89, 0x19, 0x88, 0x11, 0x88, 0x19, 0x89,
    0x11, 0x88, 0x19, 0x88, 0x11, 0x89, 0x19, 0x88, 0x11, 0x88, 0x19, 0x89, 0x11, 0x88, 0x19, 0x88,
    0x11, 0x89, 0x19, 0x88, 0x11, 0x88, 0x19, 0x89, 0x11, 0x88, 0x19, 0x88, 0x11, 0x89, 0x19, 0x88,
    0x11, 0x88, 0x19, 0x89, 0x11, 0x88, 0x19, 0x88, 0x11, 0x89, 0x19, 0x88, 0x11, 0x88, 0x19, 0x89,
    0x11, 0x88, 0x19, 0x88, 0x11, 0x89, 0x19, 0x88, 0x11, 0x88, 0x19, 0x89, 0x11, 0x88, 0x19, 0x88,
    0x11, 0x89, 0x19, 0x88, 0x11, 0x88, 0x19, 0x89, 0x11, 0x88, 0x19, 0x88, 0x11, 0x89, 0x19, 0x88,
    0x11, 0x88, 0x19, 0x89, 0x11, 0x88, 0x19, 0x88, 0x11, 0x89, 0x19, 0x88, 0x11, 0x88, 0x19, 0x89,
    0x11, 0x88, 0x19, 0x88, 0x11, 0x89, 0x19, 0x88, 0x11, 0x88, 0x19, 0x89, 0x11, 0x88, 0x19, 0x88,
    0x11, 0x89, 0x19, 0x88, 0x11, 0x88, 0x19, 0x89, 0x11, 0x88, 0x19, 0x88, 0x11, 0x89, 0x19, 0x88,
    0x11, 0x88, 0x19, 0x89, 0x11, 0x88, 0x19, 0x88, 0x11, 0x89, 0x19, 0x88, 0x11, 0x88, 0x19, 0x89,
    0x11, 0x88, 0x19, 0x88, 0x11, 0x89, 0x19, 0x88, 0x11, 0x88, 0x19, 0x89, 0x11, 0x88, 0x19, 0x89,
    0x11, 0x89, 0x19, 0x88, 0x11, 0x88, 0x19, 0x89, 0x11, 0x88, 0x19, 0x88, 0x11, 0x89, 0x11, 0x88,
    0x19, 0x88, 0x11, 0x89, 0x19, 0x88, 0x11, 0x88, 0x19, 0x89, 0x11, 0x88, 0x19, 0x88, 0x11, 0x89,
    0x19, 0x88, 0x11, 0x88, 0x19, 0x89, 0x11, 0x88, 0x19, 0x88, 0x11, 0x89, 0x19, 0x88, 0x11, 0x88,
    0x19, 0x89, 0x11, 0x88, 0x19, 0x88, 0x11, 0x89, 0x19, 0x88, 0x11, 0x88, 0x19, 0x89, 0x11, 0x88,
    0x19, 0x88, 0x11, 0x89, 0x19, 0x88, 0x11, 0x88, 0x19, 0x89, 0x11, 0x88, 0x19, 0x88, 0x11, 0x89,
    0x19, 0x88, 0x11, 0x88, 0x19, 0x89, 0x11, 0x88, 0x19, 0x88, 0x11, 0x89, 0x19, 0x88, 0x11, 0x88,
    0x19, 0x89, 0x11, 0x88, 0x19, 0x88, 0x11, 0x89, 0x19, 0x88, 0x11, 0x88, 0x19, 0x89, 0x11, 0x88,
    0x19, 0x88, 0x11, 0x89, 0x19, 0x88, 0x11, 0x88, 0x19, 0x89, 0x11, 0x88, 0x19, 0x88, 0x11, 0x89,
    0x19, 0x88, 0x11, 0x88, 0x19, 0x89, 0x11, 0x88, 0x19, 0x88, 0x11, 0x89, 0x19, 0x88, 0x11, 0x88,
    0x19, 0x89, 0x11, 0x88, 0x19, 0x88, 0x11, 0x89, 0x19, 0x88, 0x11, 0x88, 0x19, 0x89, 0x11, 0x88,
    0x19, 0x88, 0x11, 0x89, 0x19, 0x88, 0x11, 0x88, 0x19, 0x89, 0x11, 0x88, 0x19, 0x88, 0x11, 0x89,
    0x19, 0x88, 0x11, 0x88, 0x19, 0x89, 0x11, 0x88, 0x19, 0x88, 0x11, 0x89, 0x19, 0x88, 0x11, 0x88,
    0x19, 0x89, 0x11, 0x88, 0x19, 0x88, 0x11, 0x89, 0x19, 0x88, 0x11, 0x88, 0x19, 0x89, 0x11, 0x88,
    0x19, 0x88, 0x11, 0x89, 0x19, 0x88, 0x11, 0x88, 0x19, 0x89, 0x11, 0x88, 0x19, 0x88, 0x11, 0x89,
    0x19, 0x88, 0x11, 0x88, 0x19, 0x89, 0x11, 0x88, 0x19, 0x88, 0x11, 0x89, 0x19, 0x88, 0x11, 0x88,
    0x19, 0x89, 0x11, 0x88, 0x19, 0x88, 0x11, 0x89, 0x19, 0x88, 0x11, 0x88, 0x19, 0x88, 0x11, 0x88,
    0x11, 0x88, 0x19, 0x88, 0x11, 0x89, 0x11, 0x88, 0x19, 0x88, 0x11, 0x89, 0x19, 0x88, 0x11, 0x88,
    0x11, 0x89, 0x19, 0x88, 0x11, 0x88, 0x11, 0x89, 0x19, 0x88, 0x11, 0x88, 0x11, 0x89, 0x11, 0x88,
    0x19, 0x88, 0x11, 0x89, 0x11, 0x88, 0x11, 0x88, 0x19, 0x89, 0x11, 0x88, 0x11, 0x88, 0x11, 0x89,
    0x19, 0x88, 0x11, 0x88, 0x11, 0x89, 0x11, 0x88, 0x19, 0x88, 0x11, 0x89, 0x11, 0x88, 0x11, 0x88,
    0x19, 0x89, 0x11, 0x88, 0x11, 0x88, 0x11, 0x89, 0x19, 0x88, 0x11, 0x88, 0x11, 0x89, 0x11, 0x88,
    0x19, 0x88, 0x11, 0x89, 0x11, 0x88, 0x11, 0x88, 0x19, 0x89, 0x11, 0x88, 0x11, 0x88, 0x11, 0x89,
    0x19, 0x88, 0x11, 0x88, 0x11, 0x89, 0x11, 0x88, 0x19, 0x88, 0x11, 0x89, 0x11, 0x88, 0x11, 0x88,
    0x19, 0x89, 0x11, 0x88, 0x11, 0x88, 0x11, 0x89, 0x19, 0x88, 0x11, 0x88, 0x11, 0x89, 0x11, 0x88,
    0x19, 0x88, 0x11, 0x89, 0x11, 0x88, 0x11, 0x88, 0x19, 0x89, 0x11, 0x88, 0x11, 0x88, 0x11, 0x89,
    0x19, 0x88, 0x11, 0x88, 0x11, 0x89, 0x11, 0x88, 0x19, 0x88, 0x11, 0x89, 0x11, 0x88, 0x11, 0x88,
    0x19, 0x89, 0x11, 0x88, 0x11, 0x88, 0x11, 0x89, 0x19, 0x88, 0x11, 0x88, 0x11, 0x89, 0x11, 0x88,
    0x19, 0x88, 0x11, 0x89, 0x11, 0x88, 0x11, 0x88, 0x19, 0x89, 0x11, 0x88, 0x11, 0x88, 0x11, 0x89,
    0x19, 0x88, 0x11, 0x88, 0x11, 0x89, 0x11, 0x88, 0x19, 0x88, 0x11, 0x89, 0x11, 0x88, 0x11, 0x88,
    0x19, 0x89, 0x11, 0x88, 0x11, 0x88, 0x11, 0x89, 0x19, 0x88, 0x11, 0x88, 0x11, 0x89, 0x11, 0x88,
    0x19, 0x88, 0x11, 0x89, 0x11, 0x88, 0x11, 0x88, 0x19, 0x89, 0x11, 0x88, 0x11, 0x88, 0x11, 0x89,
    0x19, 0x88, 0x11, 0x88, 0x11, 0x89, 0x11, 0x88, 0x19, 0x88, 0x11, 0x89, 0x11, 0x88, 0x19, 0x89,
    0x11, 0x88, 0x11, 0x68, 0x19, 0x88, 0x11, 0x68, 0x11, 0x88, 0x11, 0x68, 0x11, 0x88, 0x19, 0x68,
    0x11, 0x88, 0x11, 0x68, 0x11, 0x88, 0x19, 0x68, 0x11, 0x88, 0x11, 0x68, 0x19, 0x88, 0x11, 0x68,
    0x11, 0x88, 0x11, 0x68, 0x19, 0x88, 0x11, 0x68, 0x11, 0x88, 0x11, 0x68, 0x19, 0x88, 0x11, 0x68,
    0x11, 0x88, 0x11, 0x68, 0x19, 0x88, 0x11, 0x68, 0x11, 0x88, 0x11, 0x68, 0x19, 0x88, 0x11, 0x68,
    0x11, 0x88, 0x11, 0x68, 0x19, 0x88, 0x11, 0x68, 0x11, 0x88, 0x11, 0x68, 0x19, 0x88, 0x11, 0x68,
    0x11, 0x88, 0x11, 0x68, 0x19, 0x88, 0x11, 0x68, 0x11, 0x88, 0x11, 0x68, 0x19, 0x88, 0x11, 0x68,
    0x11, 0x88, 0x11, 0x68, 0x19, 0x88, 0x11, 0x68, 0x11, 0x88, 0x11, 0x68, 0x19, 0x88, 0x11, 0x68,
    0x11, 0x88, 0x11, 0x68, 0x19, 0x88, 0x11, 0x68, 0x11, 0x88, 0x11, 0x68, 0x19, 0x88, 0x11, 0x68,
    0x11, 0x88, 0x11, 0x68, 0x19, 0x88, 0x11, 0x68, 0x11, 0x88, 0x11, 0x68, 0x19, 0x88, 0x11, 0x68,
    0x11, 0x88, 0x11, 0x68, 0x19, 0x88, 0x11, 0x68, 0x11, 0x88, 0x11, 0x68, 0x19, 0x88, 0x11, 0x68,
    0x11, 0x88, 0x11, 0x68, 0x19, 0x88, 0x11, 0x68, 0x11, 0x88, 0x11, 0x68, 0x19, 0x88, 0x11, 0x68,
    0x11, 0x88, 0x11, 0x68, 0x19, 0x88, 0x11, 0x68, 0x11, 0x88, 0x11, 0x68, 0x19, 0x88, 0x11, 0x68,
    0x11, 0x88, 0x11, 0x68, 0x19, 0x88, 0x11, 0x68, 0x11, 0x88, 0x11, 0x68, 0x19, 0x88, 0x11, 0x68,
    0x11, 0x88, 0x11, 0x68, 0x19, 0x88, 0x11, 0x68, 0x11, 0x88, 0x11, 0x68, 0x19, 0x88, 0x11, 0x68,
    0x11, 0x88, 0x11, 0x68, 0x19, 0x88, 0x11, 0x68, 0x11, 0x88, 0x11, 0x68, 0x19, 0x88, 0x11, 0x68,
    0x11, 0x88, 0x11, 0x68, 0x19, 0x88, 0x11, 0x68, 0x11, 0x88, 0x11, 0x68, 0x19, 0x88, 0x11, 0x68,
    0x11, 0x88, 0x19, 0x69, 0x11, 0x88, 0x11, 0x89, 0x19, 0x68, 0x11, 0x88, 0x11, 0x89, 0x11, 0x68,
    0x11, 0x88, 0x19, 0x89, 0x11, 0x68, 0x11, 0x88, 0x11, 0x89, 0x19, 0x68, 0x11, 0x88, 0x11, 0x89,
    0x19, 0x68, 0x11, 0x88, 0x11, 0x89, 0x19, 0x68, 0x11, 0x88, 0x19, 0x89, 0x11, 0x68, 0x11, 0x88,
    0x19, 0x89, 0x11, 0x68, 0x11, 0x88, 0x19, 0x89, 0x11, 0x68, 0x19, 0x88, 0x11, 0x89, 0x11, 0x68,
    0x19, 0x88, 0x11, 0x89, 0x11, 0x68, 0x19, 0x88, 0x11, 0x89, 0x19, 0x68, 0x11, 0x88, 0x11, 0x89,
    0x19, 0x68, 0x11, 0x88, 0x11, 0x89, 0x19, 0x68, 0x11, 0x88, 0x19, 0x89, 0x11, 0x68, 0x11, 0x88,
    0x19, 0x89, 0x11, 0x68, 0x11, 0x88, 0x19, 0x89, 0x11, 0x68, 0x19, 0x88, 0x11, 0x89, 0x11, 0x68,
    0x19, 0x88, 0x11, 0x89, 0x11, 0x68, 0x19, 0x88, 0x11, 0x89, 0x19, 0x68, 0x11, 0x88, 0x11, 0x89,
    0x19, 0x68, 0x11, 0x88, 0x11, 0x89, 0x19, 0x68, 0x11, 0x88, 0x19, 0x89, 0x11, 0x68, 0x11, 0x88,
    0x19, 0x89, 0x11, 0x68, 0x11, 0x88, 0x19, 0x89, 0x11, 0x68, 0x19, 0x88, 0x11, 0x89, 0x11, 0x68,
    0x19, 0x88, 0x11, 0x89, 0x11, 0x68, 0x19, 0x88, 0x11, 0x89, 0x19, 0x68, 0x11, 0x88, 0x11, 0x89,
    0x19, 0x68, 0x11, 0x88, 0x11, 0x89, 0x19, 0x68, 0x11, 0x88, 0x19, 0x89, 0x11, 0x68, 0x11, 0x88,
    0x19, 0x89, 0x11, 0x68, 0x11, 0x88, 0x19, 0x89, 0x11, 0x68, 0x19, 0x88, 0x11, 0x89, 0x11, 0x68,
    0x19, 0x88, 0x11, 0x89, 0x11, 0x68, 0x19, 0x88, 0x11, 0x89, 0x19, 0x68, 0x11, 0x88, 0x11, 0x89,
    0x19, 0x68, 0x11, 0x88, 0x11, 0x89, 0x19, 0x68, 0x11, 0x88, 0x19, 0x89, 0x11, 0x68, 0x11, 0x88,
    0x19, 0x89, 0x11, 0x68, 0x11, 0x88, 0x19, 0x89, 0x11, 0x68, 0x19, 0x89, 0x11, 0x88, 0x11, 0x88,
    0x11, 0x88, 0x11, 0x88, 0x11, 0x68, 0x11, 0x88, 0x11, 0x88, 0x11, 0x68, 0x19, 0x88, 0x11, 0x88,
    0x11, 0x68, 0x11, 0x88, 0x11, 0x88, 0x19, 0x68, 0x11, 0x88, 0x11, 0x88, 0x11, 0x68, 0x11, 0x88,
    0x11, 0x88, 0x11, 0x68, 0x11, 0x88, 0x11, 0x88, 0x11, 0x68, 0x11, 0x88, 0x11, 0x88, 0x11, 0x68,
    0x11, 0x88, 0x11, 0x88, 0x11, 0x68, 0x11, 0x88, 0x11, 0x88, 0x11, 0x68, 0x11, 0x88, 0x11, 0x88,
    0x11, 0x68, 0x11, 0x88, 0x11, 0x88, 0x11, 0x68, 0x11, 0x88, 0x11, 0x88, 0x11, 0x68, 0x11, 0x88,
    0x11, 0x88, 0x11, 0x68, 0x11, 0x88, 0x11, 0x88, 0x11, 0x68, 0x11, 0x88, 0x11, 0x88, 0x11, 0x68,
    0x11, 0x88, 0x11, 0x88, 0x11, 0x68, 0x11, 0x88, 0x11, 0x88, 0x11, 0x68, 0x11, 0x88, 0x11, 0x88,
    0x11, 0x68, 0x11, 0x88, 0x11, 0x88, 0x11, 0x68, 0x11, 0x88, 0x11, 0x88, 0x11, 0x68, 0x11, 0x88,
    0x11, 0x88, 0x11, 0x68, 0x11, 0x88, 0x11, 0x88, 0x11, 0x68, 0x11, 0x88, 0x11, 0x88, 0x11, 0x68,
    0x11, 0x88, 0x11, 0x88, 0x11, 0x68, 0x11, 0x88, 0x11, 0x88, 0x11, 0x68, 0x11, 0x88, 0x11, 0x88,
    0x11, 0x68, 0x11, 0x88, 0x11, 0x88, 0x11, 0x68, 0x11, 0x88, 0x11, 0x88, 0x11, 0x68, 0x11, 0x88,
    0x11, 0x88, 0x11, 0x68, 0x11, 0x88, 0x11, 0x88, 0x11, 0x68, 0x11, 0x88, 0x11, 0x88, 0x11, 0x68,
    0x11, 0x88, 0x11, 0x88, 0x11, 0x68, 0x11, 0x88, 0x11, 0x88, 0x11, 0x68, 0x11, 0x88, 0x11, 0x88,
    0x11, 0x68, 0x11, 0x88, 0x11, 0x88, 0x11, 0x68, 0x11, 0x88, 0x11, 0x88, 0x11, 0x68, 0x11, 0x88,
    0x11, 0x88, 0x11, 0x68, 0x11, 0x88, 0x11, 0x88, 0x11, 0x68, 0x11, 0x88, 0x11, 0x88, 0x11, 0x68,
    0x11, 0x88, 0x11, 0x88, 0x11, 0x68, 0x11, 0x88, 0x11, 0x88, 0x11, 0x68, 0x11, 0x88, 0x11, 0x69,
    0x11, 0x68, 0x11, 0x69, 0x11, 0x88, 0x19, 0x68, 0x11, 0x69, 0x11, 0x88, 0x11, 0x68, 0x11, 0x69,
    0x11, 0x88, 0x19, 0x68, 0x11, 0x69, 0x11, 0x88, 0x11, 0x68, 0x11, 0x69, 0x11, 0x88, 0x19, 0x68,
    0x11, 0x69, 0x19, 0x88, 0x11, 0x68, 0x11, 0x69, 0x19, 0x88, 0x11, 0x68, 0x11, 0x69, 0x19, 0x88,
    0x11, 0x68, 0x19, 0x69, 0x11, 0x88, 0x11, 0x68, 0x19, 0x69, 0x11, 0x88, 0x11, 0x68, 0x19, 0x69,
    0x11, 0x88, 0x19, 0x68, 0x11, 0x69, 0x11, 0x88, 0x19, 0x68, 0x11, 0x69, 0x11, 0x88, 0x19, 0x68,
    0x11, 0x69, 0x19, 0x88, 0x11, 0x68, 0x11, 0x69, 0x19, 0x88, 0x11, 0x68, 0x11, 0x69, 0x19, 0x88,
    0x11, 0x68, 0x19, 0x69, 0x11, 0x88, 0x11, 0x68, 0x19, 0x69, 0x11, 0x88, 0x11, 0x68, 0x19, 0x69,
    0x11, 0x88, 0x19, 0x68, 0x11, 0x69, 0x11, 0x88, 0x19, 0x68, 0x11, 0x69, 0x11, 0x88, 0x19, 0x68,
    0x11, 0x69, 0x19, 0x88, 0x11, 0x68, 0x11, 0x69, 0x19, 0x88, 0x11, 0x68, 0x11, 0x69, 0x19, 0x88,
    0x11, 0x68, 0x19, 0x69, 0x11, 0x88, 0x11, 0x68, 0x19, 0x69, 0x11, 0x88, 0x11, 0x68, 0x19, 0x69,
    0x11, 0x88, 0x19, 0x68, 0x11, 0x69, 0x11, 0x88, 0x19, 0x68, 0x11, 0x69, 0x11, 0x88, 0x19, 0x68,
    0x11, 0x69, 0x19, 0x88, 0x11, 0x68, 0x11, 0x69, 0x19, 0x88, 0x11, 0x68, 0x11, 0x69, 0x19, 0x88,
    0x11, 0x68, 0x19, 0x69, 0x11, 0x88, 0x11, 0x68, 0x19, 0x69, 0x11, 0x88, 0x11, 0x68, 0x19, 0x69,
    0x11, 0x88, 0x19, 0x68, 0x11, 0x69, 0x11, 0x88, 0x19, 0x68, 0x11, 0x69, 0x11, 0x88, 0x19, 0x68,
    0x11, 0x69, 0x19, 0x88, 0x11, 0x68, 0x11, 0x69, 0x19, 0x88, 0x11, 0x68, 0x11, 0x69, 0x19, 0x88,
    0x11, 0x68, 0x19, 0x69, 0x11, 0x88, 0x11, 0x68, 0x19, 0x69, 0x11, 0x88, 0x11, 0x68, 0x11, 0x88,
    0x11, 0x88, 0x19, 0x68, 0x11, 0x68, 0x11, 0x88, 0x11, 0x68, 0x11, 0x68, 0x19, 0x88, 0x11, 0x68,
    0x11, 0x68, 0x11, 0x88, 0x11, 0x68, 0x11, 0x68, 0x11, 0x88, 0x19, 0x68, 0x11, 0x68, 0x11, 0x88,
    0x11, 0x68, 0x11, 0x68, 0x11, 0x88, 0x11, 0x68, 0x11, 0x68, 0x11, 0x88, 0x11, 0x68, 0x11, 0x68,
    0x11, 0x88, 0x11, 0x68, 0x11, 0x68, 0x11, 0x88, 0x11, 0x68, 0x11, 0x68, 0x11, 0x88, 0x11, 0x68,
    0x11, 0x68, 0x11, 0x88, 0x11, 0x68, 0x11, 0x68, 0x11, 0x88, 0x11, 0x68, 0x11, 0x68, 0x11, 0x88,
    0x11, 0x68, 0x11, 0x68, 0x11, 0x88, 0x11, 0x68, 0x11, 0x68, 0x11, 0x88, 0x11, 0x68, 0x11, 0x68,
    0x11, 0x88, 0x11, 0x68, 0x11, 0x68, 0x11, 0x88, 0x11, 0x68, 0x11, 0x68, 0x11, 0x88, 0x11, 0x68,
    0x11, 0x68, 0x11, 0x88, 0x11, 0x68, 0x11, 0x68, 0x11, 0x88, 0x11, 0x68, 0x11, 0x68, 0x11, 0x88,
    0x11, 0x68, 0x11, 0x68, 0x11, 0x88, 0x11, 0x68, 0x11, 0x68, 0x11, 0x88, 0x11, 0x68, 0x11, 0x68,
    0x11, 0x88, 0x11, 0x68, 0x11, 0x68, 0x11, 0x88, 0x11, 0x68, 0x11, 0x68, 0x11, 0x88, 0x11, 0x68,
    0x11, 0x68, 0x11, 0x88, 0x11, 0x68, 0x11, 0x68, 0x11, 0x88, 0x11, 0x68, 0x11, 0x68, 0x11, 0x88,
    0x11, 0x68, 0x11, 0x68, 0x11, 0x88, 0x11, 0x68, 0x11, 0x68, 0x11, 0x88, 0x11, 0x68, 0x11, 0x68,
    0x11, 0x88, 0x11, 0x68, 0x11, 0x68, 0x11, 0x88, 0x11, 0x68, 0x11, 0x68, 0x11, 0x88, 0x11, 0x68,
    0x11, 0x68, 0x11, 0x88, 0x11, 0x68, 0x11, 0x68, 0x11, 0x88, 0x11, 0x68, 0x11, 0x68, 0x11, 0x88,
    0x11, 0x68, 0x11, 0x68, 0x11, 0x88, 0x11, 0x68, 0x11, 0x68, 0x11, 0x88, 0x11, 0x68, 0x11, 0x68,
    0x11, 0x88, 0x11, 0x68, 0x11, 0x68, 0x11, 0x88, 0x11, 0x68, 0x11, 0x68, 0x19, 0x69, 0x11, 0x68,
    0x11, 0x68, 0x11, 0x89, 0x11, 0x68, 0x11, 0x88, 0x11, 0x69, 0x11, 0x88, 0x11, 0x68, 0x11, 0x89,
    0x11, 0x68, 0x11, 0x88, 0x11, 0x69, 0x11, 0x88, 0x11, 0x68, 0x11, 0x89, 0x11, 0x68, 0x11, 0x88,
    0x11, 0x69, 0x11, 0x88, 0x11, 0x68, 0x11, 0x89, 0x11, 0x68, 0x11, 0x88, 0x11, 0x69, 0x11, 0x88,
    0x11, 0x68, 0x11, 0x89, 0x11, 0x68, 0x11, 0x88, 0x11, 0x69, 0x11, 0x88, 0x11, 0x68, 0x11, 0x89,
    0x11, 0x68, 0x11, 0x88, 0x11, 0x69, 0x11, 0x88, 0x11, 0x68, 0x11, 0x89, 0x11, 0x68, 0x11, 0x88,
    0x11, 0x69, 0x11, 0x88, 0x11, 0x68, 0x11, 0x89, 0x11, 0x68, 0x11, 0x88, 0x11, 0x69, 0x11, 0x88,
    0x11, 0x68, 0x11, 0x89, 0x11, 0x68, 0x11, 0x88, 0x11, 0x69, 0x11, 0x88, 0x11, 0x68, 0x11, 0x89,
    0x11, 0x68, 0x11, 0x88, 0x11, 0x69, 0x11, 0x88, 0x11, 0x68, 0x11, 0x89, 0x11, 0x68, 0x11, 0x88,
    0x11, 0x69, 0x11, 0x88, 0x11, 0x68, 0x11, 0x89, 0x11, 0x68, 0x11, 0x88, 0x11, 0x69, 0x11, 0x88,
    0x11, 0x68, 0x11, 0x89, 0x11, 0x68, 0x11, 0x88, 0x11, 0x69, 0x11, 0x88, 0x11, 0x68, 0x11, 0x89,
    0x11, 0x68, 0x11, 0x88, 0x11, 0x69, 0x11, 0x88, 0x11, 0x68, 0x11, 0x89, 0x11, 0x68, 0x11, 0x88,
    0x11, 0x69, 0x11, 0x88, 0x11, 0x68, 0x11, 0x89, 0x11, 0x68, 0x11, 0x88, 0x11, 0x69, 0x11, 0x88,
    0x11, 0x68, 0x11, 0x89, 0x11, 0x68, 0x11, 0x88, 0x11, 0x69, 0x11, 0x88, 0x11, 0x68, 0x11, 0x89,
    0x11, 0x68, 0x11, 0x88, 0x11, 0x69, 0x11, 0x88, 0x11, 0x68, 0x11, 0x89, 0x11, 0x68, 0x11, 0x88,
    0x11, 0x69, 0x11, 0x88, 0x11, 0x68, 0x11, 0x89, 0x11, 0x68, 0x11, 0x88, 0x11, 0x69, 0x11, 0x88,
    0x11, 0x68, 0x11, 0x89, 0x11, 0x68, 0x11, 0x88, 0x11, 0x69, 0x11, 0x88, 0x11, 0x88, 0x11, 0x68,
    0x11, 0x68, 0x11, 0x68, 0x11, 0x68, 0x11, 0x68, 0x11, 0x68, 0x11, 0x68, 0x11, 0x68, 0x11, 0x68,
    0x11, 0x68, 0x11, 0x68, 0x11, 0x68, 0x11, 0x68, 0x11, 0x68, 0x11, 0x68, 0x11, 0x68, 0x11, 0x68,
    0x11, 0x68, 0x11, 0x68, 0x11, 0x68, 0x19, 0x68, 0x11, 0x68, 0x11, 0x68, 0x11, 0x68, 0x11, 0x68,
    0x11, 0x68, 0x11, 0x68, 0x11, 0x68, 0x19, 0x68, 0x11, 0x68, 0x11, 0x68, 0x11, 0x68, 0x11, 0x68,
    0x11, 0x68, 0x11, 0x68, 0x11, 0x68, 0x19, 0x68, 0x11, 0x68, 0x11, 0x68, 0x11, 0x68, 0x11, 0x68,
    0x11, 0x68, 0x11, 0x68, 0x11, 0x68, 0x19, 0x68, 0x11, 0x68, 0x11, 0x68, 0x11, 0x68, 0x11, 0x68,
    0x11, 0x68, 0x11, 0x68, 0x11, 0x68, 0x19, 0x68, 0x11, 0x68, 0x11, 0x68, 0x11, 0x68, 0x11, 0x68,
    0x11, 0x68, 0x11, 0x68, 0x11, 0x68, 0x19, 0x68, 0x11, 0x68, 0x11, 0x68, 0x11, 0x68, 0x11, 0x68,
    0x11, 0x68, 0x11, 0x68, 0x11, 0x68, 0x19, 0x68, 0x11, 0x68, 0x11, 0x68, 0x11, 0x68, 0x11, 0x68,
    0x11, 0x68, 0x11, 0x68, 0x11, 0x68, 0x19, 0x68, 0x11, 0x68, 0x11, 0x68, 0x11, 0x68, 0x11, 0x68,
    0x11, 0x68, 0x11, 0x68, 0x11, 0x68, 0x19, 0x68, 0x11, 0x68, 0x11, 0x68, 0x11, 0x68, 0x11, 0x68,
    0x11, 0x68, 0x11, 0x68, 0x11, 0x68, 0x19, 0x68, 0x11, 0x68, 0x11, 0x68, 0x11, 0x68, 0x11, 0x68,
    0x11, 0x68, 0x11, 0x68, 0x11, 0x68, 0x19, 0x68, 0x11, 0x68, 0x11, 0x68, 0x11, 0x68, 0x11, 0x68,
    0x11, 0x68, 0x11, 0x68, 0x11, 0x68, 0x19, 0x68, 0x11, 0x68, 0x11, 0x68, 0x11, 0x68, 0x11, 0x68,
    0x11, 0x68, 0x11, 0x68, 0x11, 0x68, 0x19, 0x68, 0x11, 0x68, 0x11, 0x68, 0x11, 0x68, 0x11, 0x68,
    0x11, 0x68, 0x11, 0x68, 0x11, 0x68, 0x19, 0x68, 0x11, 0x68, 0x11, 0x68, 0x11, 0x68, 0x11, 0x68,
    0x11, 0x68, 0x11, 0x68, 0x11, 0x68, 0x11, 0x68, 0x11, 0x68, 0x11, 0x68, 0x11, 0x68, 0x11, 0x68,
    0x11, 0x68, 0x11, 0x68, 0x11, 0x68, 0x11, 0x68, 0x11, 0x68, 0x11, 0x68, 0x11, 0x68, 0x11, 0x68,
    0x11, 0x68, 0x11, 0x68, 0x11, 0x68, 0x11, 0x68, 0x11, 0x68, 0x11, 0x68, 0x11, 0x68, 0x11, 0x68,
    0x11, 0x68, 0x11, 0x68, 0x11, 0x68, 0x11, 0x68, 0x11, 0x68, 0x11, 0x68, 0x11, 0x68, 0x11, 0x68,
    0x11, 0x68, 0x11, 0x68, 0x11, 0x68, 0x11, 0x68, 0x11, 0x68, 0x11, 0x68, 0x11, 0x68, 0x11, 0x68,
    0x11, 0x68, 0x11, 0x68, 0x11, 0x68, 0x11, 0x68, 0x11, 0x68, 0x11, 0x68, 0x11, 0x68, 0x11, 0x68,
    0x11, 0x68, 0x11, 0x68, 0x11, 0x68, 0x11, 0x68, 0x11, 0x68, 0x11, 0x68, 0x11, 0x68, 0x11, 0x68,
    0x11, 0x68, 0x11, 0x68, 0x11, 0x68, 0x11, 0x68, 0x11, 0x68, 0x11, 0x68, 0x11, 0x68, 0x11, 0x68,
    0x11, 0x68, 0x11, 0x68, 0x11, 0x68, 0x11, 0x68, 0x11, 0x68, 0x11, 0x68, 0x11, 0x68, 0x11, 0x68,
    0x11, 0x68, 0x11, 0x68, 0x11, 0x68, 0x11, 0x68, 0x11, 0x68, 0x11, 0x68, 0x11, 0x68, 0x11, 0x68,
    0x11, 0x68, 0x11, 0x68, 0x11, 0x68, 0x11, 0x68, 0x11, 0x68, 0x11, 0x68, 0x11, 0x68, 0x11, 0x68,
    0x11, 0x68, 0x11, 0x68, 0x11, 0x68, 0x11, 0x68, 0x11, 0x68, 0x11, 0x68, 0x11, 0x68, 0x11, 0x68,
    0x11, 0x68, 0x11, 0x68, 0x11, 0x68, 0x11, 0x68, 0x11, 0x68, 0x11, 0x68, 0x11, 0x68, 0x11, 0x68,
    0x11, 0x68, 0x11, 0x68, 0x11, 0x68, 0x11, 0x68, 0x11, 0x68, 0x11, 0x68, 0x11, 0x68, 0x11, 0x68,
    0x11, 0x68, 0x11, 0x68, 0x11, 0x68, 0x11, 0x68, 0x11, 0x68, 0x11, 0x68, 0x11, 0x68, 0x11, 0x68,
    0x11, 0x68, 0x11, 0x68, 0x11, 0x68, 0x11, 0x68, 0x11, 0x68, 0x11, 0x68, 0x11, 0x68, 0x11, 0x68,
    0x11, 0x68, 0x11, 0x88, 0x11, 0x68, 0x11, 0x68, 0x11, 0x88, 0x11, 0x68, 0x11, 0x68, 0x11, 0x88,
    0x11, 0x68, 0x11, 0x68, 0x11, 0x88, 0x11, 0x68, 0x11, 0x68, 0x11, 0x88, 0x11, 0x68, 0x11, 0x68,
    0x11, 0x88, 0x11, 0x68, 0x11, 0x68, 0x11, 0x88, 0x11, 0x68, 0x11, 0x68, 0x11, 0x88, 0x11, 0x68,
    0x11, 0x68, 0x11, 0x88, 0x11, 0x68, 0x11, 0x68, 0x11, 0x88, 0x11, 0x68, 0x11, 0x68, 0x11, 0x88,
    0x11, 0x68, 0x11, 0x68, 0x11, 0x88, 0x11, 0x68, 0x11, 0x68, 0x11, 0x88, 0x11, 0x68, 0x11, 0x68,
    0x11, 0x88, 0x11, 0x68, 0x11, 0x68, 0x11, 0x88, 0x11, 0x68, 0x11, 0x68, 0x11, 0x88, 0x11, 0x68,
    0x11, 0x68, 0x11, 0x88, 0x11, 0x68, 0x11, 0x68, 0x11, 0x88, 0x11, 0x68, 0x11, 0x68, 0x11, 0x88,
    0x11, 0x68, 0x11, 0x68, 0x11, 0x88, 0x11, 0x68, 0x11, 0x68, 0x11, 0x88, 0x11, 0x68, 0x11, 0x68,
    0x11, 0x88, 0x11, 0x68, 0x11, 0x68, 0x11, 0x88, 0x11, 0x68, 0x11, 0x68, 0x11, 0x88, 0x11, 0x68,
    0x11, 0x68, 0x11, 0x88, 0x11, 0x68, 0x11, 0x68, 0x11, 0x88, 0x11, 0x68, 0x11, 0x68, 0x11, 0x88,
    0x11, 0x68, 0x11, 0x68, 0x11, 0x88, 0x11, 0x68, 0x11, 0x68, 0x11, 0x88, 0x11, 0x68, 0x11, 0x68,
    0x11, 0x88, 0x11, 0x68, 0x11, 0x68, 0x11, 0x88, 0x11, 0x68, 0x11, 0x68, 0x11, 0x88, 0x11, 0x68,
    0x11, 0x68, 0x11, 0x88, 0x11, 0x68, 0x11, 0x68, 0x11, 0x88, 0x11, 0x68, 0x11, 0x68, 0x11, 0x88,
    0x11, 0x68, 0x11, 0x68, 0x11, 0x88, 0x11, 0x68, 0x11, 0x68, 0x11, 0x88, 0x11, 0x68, 0x11, 0x68,
    0x11, 0x88, 0x11, 0x68, 0x11, 0x68, 0x11, 0x88, 0x11, 0x68, 0x11, 0x68, 0x11, 0x88, 0x11, 0x68,
    0x11, 0x68, 0x11, 0x88, 0x11, 0x68, 0x11, 0x68, 0x11, 0x88, 0x11, 0x68, 0x11, 0x68, 0x11, 0x68,
    0x11, 0x68, 0x11, 0x68, 0x11, 0x68, 0x11, 0x68, 0x11, 0x68, 0x11, 0x68, 0x11, 0x68, 0x11, 0x68,
    0x11, 0x68, 0x11, 0x68, 0x11, 0x68, 0x11, 0x68, 0x11, 0x68, 0x11, 0x68, 0x11, 0x68, 0x11, 0x68,
    0x11, 0x68, 0x11, 0x68, 0x11, 0x68, 0x11, 0x68, 0x11, 0x68, 0x11, 0x68, 0x11, 0x68, 0x11, 0x68,
    0x11, 0x68, 0x11, 0x68, 0x11, 0x68, 0x11, 0x68, 0x11, 0x68, 0x11, 0x68, 0x11, 0x68, 0x11, 0x68,
    0x11, 0x68, 0x11, 0x68, 0x11, 0x68, 0x11, 0x68, 0x11, 0x68, 0x11, 0x68, 0x11, 0x68, 0x11, 0x68,
    0x11, 0x68, 0x11, 0x68, 0x11, 0x68, 0x11, 0x68, 0x11, 0x68, 0x11, 0x68, 0x11, 0x68, 0x11, 0x68,
    0x11, 0x68, 0x11, 0x68, 0x11, 0x68, 0x11, 0x68, 0x11, 0x68, 0x11, 0x68, 0x11, 0x68, 0x11, 0x68,
    0x11, 0x68, 0x11, 0x68, 0x11, 0x68, 0x11, 0x68, 0x11, 0x68, 0x11, 0x68, 0x11, 0x68, 0x11, 0x68,
    0x11, 0x68, 0x11, 0x68, 0x11, 0x68, 0x11, 0x68, 0x11, 0x68, 0x11, 0x68, 0x11, 0x68, 0x11, 0x68,
    0x11, 0x68, 0x11, 0x68, 0x11, 0x68, 0x11, 0x68, 0x11, 0x68, 0x11, 0x68, 0x11, 0x68, 0x11, 0x68,
    0x11, 0x68, 0x11, 0x68, 0x11, 0x68, 0x11, 0x68, 0x11, 0x68, 0x11, 0x68, 0x11, 0x68, 0x11, 0x68,
    0x11, 0x68, 0x11, 0x68, 0x11, 0x68, 0x11, 0x68, 0x11, 0x68, 0x11, 0x68, 0x11, 0x68, 0x11, 0x68,
    0x11, 0x68, 0x11, 0x68, 0x11, 0x68, 0x11, 0x68, 0x11, 0x68, 0x11, 0x68, 0x11, 0x68, 0x11, 0x68,
    0x11, 0x68, 0x11, 0x68, 0x11, 0x68, 0x11, 0x68, 0x11, 0x68, 0x11, 0x68, 0x11, 0x68, 0x11, 0x68,
    0x11, 0x68, 0x11, 0x68, 0x11, 0x68, 0x11, 0x68, 0x11, 0x68, 0x11, 0x68, 0x11, 0x68, 0x11, 0x68,
    0x11, 0x68, 0x11, 0x68, 0x11, 0x68, 0x11, 0x68, 0x11, 0x68, 0x11, 0x68, 0x11, 0x68, 0x11, 0x68,
    0x11, 0x68, 0x11, 0x68, 0x09, 0x68, 0x11, 0x69, 0x11, 0x68, 0x09, 0x68, 0x11, 0x68, 0x11, 0x69,
    0x09, 0x68, 0x11, 0x68, 0x11, 0x68, 0x11, 0x69, 0x11, 0x68, 0x11, 0x68, 0x11, 0x68, 0x11, 0x69,
    0x11, 0x68, 0x11, 0x68, 0x09, 0x68, 0x11, 0x69, 0x11, 0x68, 0x09, 0x68, 0x11, 0x68, 0x11, 0x69,
    0x11, 0x68, 0x11, 0x68, 0x09, 0x68, 0x11, 0x69, 0x11, 0x68, 0x09, 0x68, 0x11, 0x68, 0x11, 0x69,
    0x11, 0x68, 0x11, 0x68, 0x09, 0x68, 0x11, 0x69, 0x11, 0x68, 0x09, 0x68, 0x11, 0x68, 0x11, 0x69,
    0x11, 0x68, 0x11, 0x68, 0x09, 0x68, 0x11, 0x69, 0x11, 0x68, 0x09, 0x68, 0x11, 0x68, 0x11, 0x69,
    0x11, 0x68, 0x11, 0x68, 0x09, 0x68, 0x11, 0x69, 0x11, 0x68, 0x09, 0x68, 0x11, 0x68, 0x11, 0x69,
    0x11, 0x68, 0x11, 0x68, 0x09, 0x68, 0x11, 0x69, 0x11, 0x68, 0x09, 0x68, 0x11, 0x68, 0x11, 0x69,
    0x11, 0x68, 0x11, 0x68, 0x09, 0x68, 0x11, 0x69, 0x11, 0x68, 0x09, 0x68, 0x11, 0x68, 0x11, 0x69,
    0x11, 0x68, 0x11, 0x68, 0x09, 0x68, 0x11, 0x69, 0x11, 0x68, 0x09, 0x68, 0x11, 0x68, 0x11, 0x69,
    0x11, 0x68, 0x11, 0x68, 0x09, 0x68, 0x11, 0x69, 0x11, 0x68, 0x09, 0x68, 0x11, 0x68, 0x11, 0x69,
    0x11, 0x68, 0x11, 0x68, 0x09, 0x68, 0x11, 0x69, 0x11, 0x68, 0x09, 0x68, 0x11, 0x68, 0x11, 0x69,
    0x11, 0x68, 0x11, 0x68, 0x09, 0x68, 0x11, 0x69, 0x11, 0x68, 0x09, 0x68, 0x11, 0x68, 0x11, 0x69,
    0x11, 0x68, 0x11, 0x68, 0x09, 0x68, 0x11, 0x69, 0x11, 0x68, 0x09, 0x68, 0x11, 0x68, 0x11, 0x69,
    0x11, 0x68, 0x11, 0x68, 0x09, 0x68, 0x11, 0x69, 0x11, 0x68, 0x09, 0x68, 0x11, 0x68, 0x11, 0x69,
    0x11, 0x68, 0x11, 0x68, 0x09, 0x68, 0x11, 0x69, 0x11, 0x68, 0x09, 0x68, 0x11, 0x68, 0x11, 0x68,
    0x11, 0x68, 0x11, 0x68, 0x11, 0x68, 0x11, 0x68, 0x11, 0x68, 0x11, 0x68, 0x11, 0x68, 0x11, 0x68,
    0x11, 0x68, 0x11, 0x68, 0x09, 0x68, 0x11, 0x68, 0x09, 0x68, 0x11, 0x68, 0x09, 0x68, 0x11, 0x68,
    0x09, 0x68, 0x11, 0x68, 0x11, 0x68, 0x11, 0x68, 0x11, 0x68, 0x11, 0x68, 0x11, 0x68, 0x09, 0x68,
    0x11, 0x68, 0x11, 0x68, 0x11, 0x68, 0x11, 0x68, 0x11, 0x68, 0x11, 0x68, 0x11, 0x68, 0x09, 0x68,
    0x11, 0x68, 0x11, 0x68, 0x11, 0x68, 0x11, 0x68, 0x11, 0x68, 0x11, 0x68, 0x11, 0x68, 0x09, 0x68,
    0x11, 0x68, 0x11, 0x68, 0x11, 0x68, 0x11, 0x68, 0x11, 0x68, 0x11, 0x68, 0x11, 0x68, 0x09, 0x68,
    0x11, 0x68, 0x11, 0x68, 0x11, 0x68, 0x11, 0x68, 0x11, 0x68, 0x11, 0x68, 0x11, 0x68, 0x09, 0x68,
    0x11, 0x68, 0x11, 0x68, 0x11, 0x68, 0x11, 0x68, 0x11, 0x68, 0x11, 0x68, 0x11, 0x68, 0x09, 0x68,
    0x11, 0x68, 0x11, 0x68, 0x11, 0x68, 0x11, 0x68, 0x11, 0x68, 0x11, 0x68, 0x11, 0x68, 0x09, 0x68,
    0x11, 0x68, 0x11, 0x68, 0x11, 0x68, 0x11, 0x68, 0x11, 0x68, 0x11, 0x68, 0x11, 0x68, 0x09, 0x68,
    0x11, 0x68, 0x11, 0x68, 0x11, 0x68, 0x11, 0x68, 0x11, 0x68, 0x11, 0x68, 0x11, 0x68, 0x09, 0x68,
    0x11, 0x68, 0x11, 0x68, 0x11, 0x68, 0x11, 0x68, 0x11, 0x68, 0x11, 0x68, 0x11, 0x68, 0x09, 0x68,
    0x11, 0x68, 0x11, 0x68, 0x11, 0x68, 0x11, 0x68, 0x11, 0x68, 0x11, 0x68, 0x11, 0x68, 0x09, 0x68,
    0x11, 0x68, 0x11, 0x68, 0x11, 0x68, 0x11, 0x68, 0x11, 0x68, 0x11, 0x68, 0x11, 0x68, 0x09, 0x68,
    0x11, 0x68, 0x11, 0x68, 0x11, 0x68, 0x11, 0x68, 0x11, 0x68, 0x11, 0x68, 0x11, 0x68, 0x09, 0x68,
    0x11, 0x68, 0x11, 0x68, 0x11, 0x68, 0x11, 0x68, 0x11, 0x68, 0x11, 0x68, 0x11, 0x68, 0x09, 0x68,
    0x09, 0x68, 0x11, 0x68, 0x09, 0x68, 0x11, 0x68, 0x09, 0x68, 0x11, 0x68, 0x09, 0x68, 0x11, 0x68,
    0x09, 0x68, 0x11, 0x68, 0x11, 0x68, 0x11, 0x68, 0x11, 0x68, 0x11, 0x68, 0x11, 0x68, 0x11, 0x68,
    0x11, 0x68, 0x09, 0x68, 0x11, 0x68, 0x09, 0x68, 0x11, 0x68, 0x09, 0x68, 0x11, 0x68, 0x11, 0x68,
    0x09, 0x68, 0x11, 0x68, 0x09, 0x68, 0x11, 0x68, 0x09, 0x68, 0x11, 0x68, 0x09, 0x68, 0x11, 0x68,
    0x11, 0x68, 0x09, 0x68, 0x11, 0x68, 0x09, 0x68, 0x11, 0x68, 0x09, 0x68, 0x11, 0x68, 0x11, 0x68,
    0x09, 0x68, 0x11, 0x68, 0x09, 0x68, 0x11, 0x68, 0x09, 0x68, 0x11, 0x68, 0x09, 0x68, 0x11, 0x68,
    0x11, 0x68, 0x09, 0x68, 0x11, 0x68, 0x09, 0x68, 0x11, 0x68, 0x09, 0x68, 0x11, 0x68, 0x11, 0x68,
    0x09, 0x68, 0x11, 0x68, 0x09, 0x68, 0x11, 0x68, 0x09, 0x68, 0x11, 0x68, 0x09, 0x68, 0x11, 0x68,
    0x11, 0x68, 0x09, 0x68, 0x11, 0x68, 0x09, 0x68, 0x11, 0x68, 0x09, 0x68, 0x11, 0x68, 0x11, 0x68,
    0x09, 0x68, 0x11, 0x68, 0x09, 0x68, 0x11, 0x68, 0x09, 0x68, 0x11, 0x68, 0x09, 0x68, 0x11, 0x68,
    0x11, 0x68, 0x09, 0x68, 0x11, 0x68, 0x09, 0x68, 0x11, 0x68, 0x09, 0x68, 0x11, 0x68, 0x11, 0x68,
    0x09, 0x68, 0x11, 0x68, 0x09, 0x68, 0x11, 0x68, 0x09, 0x68, 0x11, 0x68, 0x09, 0x68, 0x11, 0x68,
    0x11, 0x68, 0x09, 0x68, 0x11, 0x68, 0x09, 0x68, 0x11, 0x68, 0x09, 0x68, 0x11, 0x68, 0x11, 0x68,
    0x09, 0x68, 0x11, 0x68, 0x09, 0x68, 0x11, 0x68, 0x09, 0x68, 0x11, 0x68, 0x09, 0x68, 0x11, 0x68,
    0x11, 0x68, 0x09, 0x68, 0x11, 0x68, 0x09, 0x68, 0x11, 0x68, 0x09, 0x68, 0x11, 0x68, 0x11, 0x68,
    0x09, 0x68, 0x11, 0x68, 0x09, 0x68, 0x11, 0x68, 0x09, 0x68, 0x11, 0x68, 0x09, 0x68, 0x11, 0x68,
    0x11, 0x68, 0x11, 0x68, 0x09, 0x68, 0x11, 0x68, 0x11, 0x68, 0x09, 0x68, 0x11, 0x68, 0x11, 0x68,
    0x11, 0x68, 0x09, 0x68, 0x11, 0x68, 0x09, 0x68, 0x11, 0x68, 0x09, 0x68, 0x11, 0x68, 0x09, 0x68,
    0x11, 0x68, 0x11, 0x68, 0x09, 0x68, 0x11, 0x68, 0x11, 0x68, 0x11, 0x68, 0x09, 0x68, 0x11, 0x68,
    0x11, 0x68, 0x11, 0x68, 0x11, 0x68, 0x09, 0x68, 0x11, 0x68, 0x11, 0x68, 0x11, 0x68, 0x09, 0x68,
    0x11, 0x68, 0x11, 0x68, 0x09, 0x68, 0x11, 0x68, 0x11, 0x68, 0x11, 0x68, 0x09, 0x68, 0x11, 0x68,
    0x11, 0x68, 0x11, 0x68, 0x11, 0x68, 0x09, 0x68, 0x11, 0x68, 0x11, 0x68, 0x11, 0x68, 0x09, 0x68,
    0x11, 0x68, 0x11, 0x68, 0x09, 0x68, 0x11, 0x68, 0x11, 0x68, 0x11, 0x68, 0x09, 0x68, 0x11, 0x68,
    0x11, 0x68, 0x11, 0x68, 0x11, 0x68, 0x09, 0x68, 0x11, 0x68, 0x11, 0x68, 0x11, 0x68, 0x09, 0x68,
    0x11, 0x68, 0x11, 0x68, 0x09, 0x68, 0x11, 0x68, 0x11, 0x68, 0x11, 0x68, 0x09, 0x68, 0x11, 0x68,
    0x11, 0x68, 0x11, 0x68, 0x11, 0x68, 0x09, 0x68, 0x11, 0x68, 0x11, 0x68, 0x11, 0x68, 0x09, 0x68,
    0x11, 0x68, 0x11, 0x68, 0x09, 0x68, 0x11, 0x68, 0x11, 0x68, 0x11, 0x68, 0x09, 0x68, 0x11, 0x68,
    0x11, 0x68, 0x11, 0x68, 0x11, 0x68, 0x09, 0x68, 0x11, 0x68, 0x11, 0x68, 0x11, 0x68, 0x09, 0x68,
    0x11, 0x68, 0x11, 0x68, 0x09, 0x68, 0x11, 0x68, 0x11, 0x68, 0x11, 0x68, 0x09, 0x68, 0x11, 0x68,
    0x11, 0x68, 0x11, 0x68, 0x11, 0x68, 0x09, 0x68, 0x11, 0x68, 0x11, 0x68, 0x11, 0x68, 0x09, 0x68,
    0x11, 0x68, 0x11, 0x68, 0x09, 0x68, 0x11, 0x68, 0x11, 0x68, 0x11, 0x68, 0x09, 0x68, 0x11, 0x68,
    0x11, 0x68, 0x11, 0x68, 0x11, 0x68, 0x09, 0x68, 0x11, 0x68, 0x11, 0x68, 0x11, 0x68, 0x11, 0x68,
    0x09, 0x68, 0x11, 0x48, 0x11, 0x68, 0x09, 0x48, 0x11, 0x68, 0x11, 0x48, 0x09, 0x68, 0x09, 0x48,
    0x11, 0x68, 0x09, 0x48, 0x11, 0x68, 0x09, 0x48, 0x11, 0x68, 0x09, 0x48, 0x11, 0x68, 0x09, 0x48,
    0x11, 0x68, 0x09, 0x48, 0x11, 0x68, 0x09, 0x48, 0x11, 0x68, 0x09, 0x48, 0x11, 0x68, 0x09, 0x48,
    0x11, 0x68, 0x09, 0x48, 0x11, 0x68, 0x09, 0x48, 0x11, 0x68, 0x09, 0x48, 0x11, 0x68, 0x11, 0x48,
    0x09, 0x68, 0x11, 0x48, 0x11, 0x68, 0x09, 0x48, 0x09, 0x68, 0x11, 0x48, 0x11, 0x68, 0x09, 0x48,
    0x11, 0x68, 0x09, 0x48, 0x11, 0x68, 0x09, 0x48, 0x11, 0x68, 0x09, 0x48, 0x11, 0x68, 0x11, 0x48,
    0x09, 0x68, 0x11, 0x48, 0x11, 0x68, 0x09, 0x48, 0x09, 0x68, 0x11, 0x48, 0x11, 0x68, 0x09, 0x48,
    0x11, 0x68, 0x09, 0x48, 0x11, 0x68, 0x09, 0x48, 0x11, 0x68, 0x09, 0x48, 0x11, 0x68, 0x11, 0x48,
    0x09, 0x68, 0x11, 0x48, 0x11, 0x68, 0x09, 0x48, 0x09, 0x68, 0x11, 0x48, 0x11, 0x68, 0x09, 0x48,
    0x11, 0x68, 0x09, 0x48, 0x11, 0x68, 0x09, 0x48, 0x11, 0x68, 0x09, 0x48, 0x11, 0x68, 0x11, 0x48,
    0x09, 0x68, 0x11, 0x48, 0x11, 0x68, 0x09, 0x48, 0x09, 0x68, 0x11, 0x48, 0x11, 0x68, 0x09, 0x48,
    0x11, 0x68, 0x09, 0x48, 0x11, 0x68, 0x09, 0x48, 0x11, 0x68, 0x09, 0x48, 0x11, 0x68, 0x11, 0x48,
    0x09, 0x68, 0x11, 0x48, 0x11, 0x68, 0x09, 0x48, 0x09, 0x68, 0x11, 0x48, 0x11, 0x68, 0x09, 0x48,
    0x11, 0x68, 0x09, 0x48, 0x11, 0x68, 0x09, 0x48, 0x11, 0x68, 0x09, 0x48, 0x11, 0x68, 0x11, 0x48,
    0x09, 0x68, 0x11, 0x48, 0x11, 0x68, 0x09, 0x48, 0x09, 0x68, 0x11, 0x48, 0x11, 0x68, 0x09, 0x48,
    0x11, 0x68, 0x09, 0x48, 0x11, 0x68, 0x09, 0x48, 0x11, 0x68, 0x09, 0x48, 0x11, 0x68, 0x09, 0x48,
    0x11, 0x68, 0x09, 0x68, 0x11, 0x68, 0x09, 0x68, 0x11, 0x68, 0x09, 0x68, 0x11, 0x68, 0x11, 0x68,
    0x09, 0x68, 0x11, 0x68, 0x09, 0x68, 0x11, 0x68, 0x09, 0x68, 0x11, 0x68, 0x09, 0x68, 0x11, 0x68,
    0x09, 0x68, 0x11, 0x68, 0x11, 0x68, 0x09, 0x68, 0x11, 0x68, 0x09, 0x68, 0x11, 0x68, 0x11, 0x68,
    0x09, 0x68, 0x11, 0x68, 0x09, 0x68, 0x11, 0x68, 0x09, 0x68, 0x11, 0x68, 0x09, 0x68, 0x11, 0x68,
    0x09, 0x68, 0x11, 0x68, 0x09, 0x68, 0x11, 0x68, 0x11, 0x68, 0x09, 0x68, 0x11, 0x68, 0x09, 0x68,
    0x11, 0x68, 0x09, 0x68, 0x11, 0x68, 0x09, 0x68, 0x11, 0x68, 0x09, 0x68, 0x11, 0x68, 0x09, 0x68,
    0x11, 0x68, 0x09, 0x68, 0x11, 0x68, 0x11, 0x68, 0x09, 0x68, 0x11, 0x68, 0x09, 0x68, 0x11, 0x68,
    0x09, 0x68, 0x11, 0x68, 0x09, 0x68, 0x11, 0x68, 0x09, 0x68, 0x11, 0x68, 0x09, 0x68, 0x11, 0x68,
    0x09, 0x68, 0x11, 0x68, 0x09, 0x68, 0x11, 0x68, 0x11, 0x68, 0x09, 0x68, 0x11, 0x68, 0x09, 0x68,
    0x11, 0x68, 0x09, 0x68, 0x11, 0x68, 0x09, 0x68, 0x11, 0x68, 0x09, 0x68, 0x11, 0x68, 0x09, 0x68,
    0x11, 0x68, 0x09, 0x68, 0x11, 0x68, 0x11, 0x68, 0x09, 0x68, 0x11, 0x68, 0x09, 0x68, 0x11, 0x68,
    0x09, 0x68, 0x11, 0x68, 0x09, 0x68, 0x11, 0x68, 0x09, 0x68, 0x11, 0x68, 0x09, 0x68, 0x11, 0x68,
    0x09, 0x68, 0x11, 0x68, 0x09, 0x68, 0x11, 0x68, 0x11, 0x68, 0x09, 0x68, 0x11, 0x68, 0x09, 0x68,
    0x11, 0x68, 0x09, 0x68, 0x11, 0x68, 0x09, 0x68, 0x11, 0x68, 0x09, 0x68, 0x11, 0x68, 0x09, 0x68,
    0x11, 0x68, 0x09, 0x68, 0x11, 0x68, 0x11, 0x68, 0x09, 0x68, 0x11, 0x68, 0x09, 0x68, 0x11, 0x68,
    0x09, 0x68, 0x11, 0x68, 0x09, 0x68, 0x11, 0x68, 0x09, 0x68, 0x11, 0x68, 0x09, 0x68, 0x11, 0x68,
    0x09, 0x68, 0x11, 0x48, 0x09, 0x68, 0x11, 0x48, 0x09, 0x68, 0x11, 0x48, 0x09, 0x68, 0x09, 0x48,
    0x11, 0x68, 0x09, 0x48, 0x11, 0x68, 0x09, 0x48, 0x11, 0x68, 0x09, 0x48, 0x11, 0x68, 0x09, 0x48,
    0x11, 0x68, 0x09, 0x48, 0x09, 0x68, 0x11, 0x48, 0x09, 0x68, 0x11, 0x48, 0x09, 0x68, 0x09, 0x48,
    0x11, 0x68, 0x09, 0x48, 0x11, 0x68, 0x09, 0x48, 0x11, 0x68, 0x09, 0x48, 0x11, 0x68, 0x09, 0x48,
    0x11, 0x68, 0x09, 0x48, 0x11, 0x68, 0x09, 0x48, 0x09, 0x68, 0x11, 0x48, 0x09, 0x68, 0x11, 0x48,
    0x09, 0x68, 0x11, 0x48, 0x09, 0x68, 0x11, 0x48, 0x09, 0x68, 0x11, 0x48, 0x09, 0x68, 0x11, 0x48,
    0x09, 0x68, 0x11, 0x48, 0x09, 0x68, 0x09, 0x48, 0x11, 0x68, 0x09, 0x48, 0x11, 0x68, 0x09, 0x48,
    0x11, 0x68, 0x09, 0x48, 0x11, 0x68, 0x09, 0x48, 0x11, 0x68, 0x09, 0x48, 0x11, 0x68, 0x09, 0x48,
    0x11, 0x68, 0x09, 0x48, 0x11, 0x68, 0x09, 0x48, 0x09, 0x68, 0x11, 0x48, 0x09, 0x68, 0x11, 0x48,
    0x09, 0x68, 0x11, 0x48, 0x09, 0x68, 0x11, 0x48, 0x09, 0x68, 0x11, 0x48, 0x09, 0x68, 0x11, 0x48,
    0x09, 0x68, 0x11, 0x48, 0x09, 0x68, 0x09, 0x48, 0x11, 0x68, 0x09, 0x48, 0x11, 0x68, 0x09, 0x48,
    0x11, 0x68, 0x09, 0x48, 0x11, 0x68, 0x09, 0x48, 0x11, 0x68, 0x09, 0x48, 0x11, 0x68, 0x09, 0x48,
    0x11, 0x68, 0x09, 0x48, 0x11, 0x68, 0x09, 0x48, 0x09, 0x68, 0x11, 0x48, 0x09, 0x68, 0x11, 0x48,
    0x09, 0x68, 0x11, 0x48, 0x09, 0x68, 0x11, 0x48, 0x09, 0x68, 0x11, 0x48, 0x09, 0x68, 0x11, 0x48,
    0x09, 0x68, 0x11, 0x48, 0x09, 0x68, 0x09, 0x48, 0x11, 0x68, 0x09, 0x48, 0x11, 0x68, 0x09, 0x48,
    0x11, 0x68, 0x09, 0x48, 0x11, 0x68, 0x09, 0x48, 0x11, 0x68, 0x09, 0x48, 0x11, 0x68, 0x09, 0x48,
    0x09, 0x48, 0x11, 0x67, 0x09, 0x48, 0x09, 0x67, 0x11, 0x48, 0x09, 0x67, 0x11, 0x48, 0x09, 0x67,
    0x11, 0x48, 0x09, 0x67, 0x11, 0x48, 0x09, 0x67, 0x11, 0x48, 0x09, 0x67, 0x11, 0x48, 0x09, 0x67,
    0x11, 0x48, 0x09, 0x67, 0x11, 0x48, 0x09, 0x67, 0x11, 0x48, 0x09, 0x67, 0x11, 0x48, 0x09, 0x67,
    0x11, 0x48, 0x09, 0x67, 0x11, 0x48, 0x09, 0x67, 0x11, 0x48, 0x09, 0x67, 0x09, 0x48, 0x11, 0x67,
    0x09, 0x48, 0x09, 0x67, 0x11, 0x48, 0x09, 0x67, 0x11, 0x48, 0x09, 0x67, 0x09, 0x48, 0x11, 0x67,
    0x09, 0x48, 0x09, 0x67, 0x11, 0x48, 0x09, 0x67, 0x11, 0x48, 0x09, 0x67, 0x09, 0x48, 0x11, 0x67,
    0x09, 0x48, 0x09, 0x67, 0x11, 0x48, 0x09, 0x67, 0x11, 0x48, 0x09, 0x67, 0x09, 0x48, 0x11, 0x67,
    0x09, 0x48, 0x11, 0x67, 0x09, 0x48, 0x11, 0x67, 0x09, 0x48, 0x11, 0x67, 0x09, 0x48, 0x09, 0x67,
    0x11, 0x48, 0x09, 0x67, 0x09, 0x48, 0x11, 0x67, 0x09, 0x48, 0x11, 0x67, 0x09, 0x48, 0x09, 0x67,
    0x11, 0x48, 0x09, 0x67, 0x11, 0x48, 0x09, 0x67, 0x11, 0x48, 0x09, 0x67, 0x09, 0x48, 0x11, 0x67,
    0x09, 0x48, 0x09, 0x67, 0x11, 0x48, 0x09, 0x67, 0x11, 0x48, 0x09, 0x67, 0x09, 0x48, 0x11, 0x67,
    0x09, 0x48, 0x11, 0x67, 0x09, 0x48, 0x11, 0x67, 0x09, 0x48, 0x11, 0x67, 0x09, 0x48, 0x09, 0x67,
    0x11, 0x48, 0x09, 0x67, 0x09, 0x48, 0x11, 0x67, 0x09, 0x48, 0x11, 0x67, 0x09, 0x48, 0x09, 0x67,
    0x11, 0x48, 0x09, 0x67, 0x11, 0x48, 0x09, 0x67, 0x11, 0x48, 0x09, 0x67, 0x09, 0x48, 0x11, 0x67,
    0x09, 0x48, 0x09, 0x67, 0x11, 0x48, 0x09, 0x67, 0x11, 0x48, 0x09, 0x67, 0x09, 0x48, 0x11, 0x67,
    0x09, 0x48, 0x11, 0x67, 0x09, 0x48, 0x11, 0x67, 0x09, 0x48, 0x11, 0x67, 0x09, 0x48, 0x11, 0x68,
    0x09, 0x68, 0x11, 0x48, 0x09, 0x68, 0x11, 0x48, 0x09, 0x68, 0x09, 0x48, 0x11, 0x68, 0x09, 0x48,
    0x11, 0x68, 0x09, 0x48, 0x09, 0x68, 0x11, 0x48, 0x09, 0x68, 0x11, 0x48, 0x09, 0x68, 0x11, 0x48,
    0x09, 0x68, 0x11, 0x48, 0x09, 0x68, 0x11, 0x48, 0x09, 0x68, 0x09, 0x48, 0x11, 0x68, 0x09, 0x48,
    0x11, 0x68, 0x09, 0x48, 0x09, 0x68, 0x11, 0x48, 0x09, 0x68, 0x11, 0x48, 0x09, 0x68, 0x11, 0x48,
    0x09, 0x68, 0x11, 0x48, 0x09, 0x68, 0x11, 0x48, 0x09, 0x68, 0x11, 0x48, 0x09, 0x68, 0x11, 0x48,
    0x09, 0x68, 0x11, 0x48, 0x09, 0x68, 0x11, 0x48, 0x09, 0x68, 0x11, 0x48, 0x09, 0x68, 0x11, 0x48,
    0x09, 0x68, 0x11, 0x48, 0x09, 0x68, 0x11, 0x48, 0x09, 0x68, 0x11, 0x48, 0x09, 0x68, 0x11, 0x48,
    0x09, 0x68, 0x09, 0x48, 0x11, 0x68, 0x09, 0x48, 0x09, 0x68, 0x11, 0x48, 0x09, 0x68, 0x11, 0x48,
    0x09, 0x68, 0x11, 0x48, 0x09, 0x68, 0x11, 0x48, 0x09, 0x68, 0x09, 0x48, 0x11, 0x68, 0x09, 0x48,
    0x11, 0x68, 0x09, 0x48, 0x09, 0x68, 0x11, 0x48, 0x09, 0x68, 0x11, 0x48, 0x09, 0x68, 0x11, 0x48,
    0x09, 0x68, 0x11, 0x48, 0x09, 0x68, 0x11, 0x48, 0x09, 0x68, 0x11, 0x48, 0x09, 0x68, 0x11, 0x48,
    0x09, 0x68, 0x09, 0x48, 0x11, 0x68, 0x09, 0x48, 0x09, 0x68, 0x11, 0x48, 0x09, 0x68, 0x11, 0x48,
    0x09, 0x68, 0x11, 0x48, 0x09, 0x68, 0x11, 0x48, 0x09, 0x68, 0x09, 0x48, 0x11, 0x68, 0x09, 0x48,
    0x11, 0x68, 0x09, 0x48, 0x09, 0x68, 0x11, 0x48, 0x09, 0x68, 0x11, 0x48, 0x09, 0x68, 0x11, 0x48,
    0x09, 0x68, 0x11, 0x48, 0x09, 0x68, 0x11, 0x48, 0x09, 0x68, 0x11, 0x48, 0x09, 0x68, 0x11, 0x48,
    0x09, 0x68, 0x09, 0x48, 0x11, 0x68, 0x09, 0x48, 0x09, 0x68, 0x11, 0x48, 0x09, 0x68, 0x09, 0x47,
    0x09, 0x48, 0x09, 0x68, 0x11, 0x48, 0x09, 0x68, 0x09, 0x48, 0x11, 0x68, 0x09, 0x48, 0x09, 0x68,
    0x09, 0x48, 0x11, 0x68, 0x09, 0x48, 0x09, 0x68, 0x09, 0x48, 0x09, 0x68, 0x09, 0x48, 0x09, 0x68,
    0x09, 0x48, 0x09, 0x68, 0x09, 0x48, 0x09, 0x68, 0x11, 0x48, 0x09, 0x68, 0x09, 0x48, 0x11, 0x68,
    0x09, 0x48, 0x09, 0x68, 0x11, 0x48, 0x09, 0x68, 0x09, 0x48, 0x09, 0x68, 0x11, 0x48, 0x09, 0x68,
    0x09, 0x48, 0x09, 0x68, 0x11, 0x48, 0x09, 0x68, 0x09, 0x48, 0x09, 0x68, 0x11, 0x48, 0x09, 0x68,
    0x09, 0x48, 0x09, 0x68, 0x11, 0x48, 0x09, 0x68, 0x09, 0x48, 0x09, 0x68, 0x11, 0x48, 0x09, 0x68,
    0x09, 0x48, 0x09, 0x68, 0x11, 0x48, 0x09, 0x68, 0x09, 0x48, 0x09, 0x68, 0x11, 0x48, 0x09, 0x68,
    0x09, 0x48, 0x11, 0x68, 0x09, 0x48, 0x09, 0x68, 0x11, 0x48, 0x09, 0x68, 0x09, 0x48, 0x09, 0x68,
    0x09, 0x48, 0x11, 0x68, 0x09, 0x48, 0x09, 0x68, 0x11, 0x48, 0x09, 0x68, 0x09, 0x48, 0x11, 0x68,
    0x09, 0x48, 0x09, 0x68, 0x11, 0x48, 0x09, 0x68, 0x09, 0x48, 0x09, 0x68, 0x11, 0x48, 0x09, 0x68,
    0x09, 0x48, 0x09, 0x68, 0x11, 0x48, 0x09, 0x68, 0x09, 0x48, 0x09, 0x68, 0x11, 0x48, 0x09, 0x68,
    0x09, 0x48, 0x11, 0x68, 0x09, 0x48, 0x09, 0x68, 0x11, 0x48, 0x09, 0x68, 0x09, 0x48, 0x09, 0x68,
    0x09, 0x48, 0x11, 0x68, 0x09, 0x48, 0x09, 0x68, 0x11, 0x48, 0x09, 0x68, 0x09, 0x48, 0x11, 0x68,
    0x09, 0x48, 0x09, 0x68, 0x11, 0x48, 0x09, 0x68, 0x09, 0x48, 0x09, 0x68, 0x11, 0x48, 0x09, 0x68,
    0x09, 0x48, 0x09, 0x68, 0x11, 0x48, 0x09, 0x68, 0x09, 0x48, 0x09, 0x68, 0x11, 0x48, 0x09, 0x68,
    0x09, 0x48, 0x11, 0x68, 0x09, 0x48, 0x09, 0x68, 0x11, 0x48, 0x09, 0x67, 0x09, 0x48, 0x11, 0x68,
    0x09, 0x48, 0x11, 0x67, 0x09, 0x48, 0x09, 0x47, 0x11, 0x68, 0x09, 0x47, 0x09, 0x48, 0x11, 0x67,
    0x09, 0x48, 0x09, 0x47, 0x11, 0x68, 0x09, 0x47, 0x11, 0x48, 0x09, 0x67, 0x11, 0x48, 0x09, 0x47,
    0x11, 0x68, 0x09, 0x47, 0x11, 0x48, 0x09, 0x67, 0x09, 0x48, 0x11, 0x47, 0x09, 0x68, 0x09, 0x47,
    0x11, 0x48, 0x09, 0x67, 0x09, 0x48, 0x11, 0x47, 0x09, 0x68, 0x11, 0x47, 0x09, 0x48, 0x09, 0x67,
    0x11, 0x48, 0x09, 0x47, 0x09, 0x68, 0x11, 0x47, 0x09, 0x48, 0x11, 0x67, 0x09, 0x48, 0x09, 0x47,
    0x11, 0x68, 0x09, 0x47, 0x09, 0x48, 0x11, 0x67, 0x09, 0x48, 0x11, 0x47, 0x09, 0x68, 0x09, 0x47,
    0x11, 0x48, 0x09, 0x67, 0x09, 0x48, 0x11, 0x47, 0x09, 0x68, 0x11, 0x47, 0x09, 0x48, 0x09, 0x67,
    0x11, 0x48, 0x09, 0x47, 0x09, 0x68, 0x11, 0x47, 0x09, 0x48, 0x09, 0x67, 0x11, 0x48, 0x09, 0x47,
    0x11, 0x68, 0x09, 0x47, 0x09, 0x48, 0x11, 0x67, 0x09, 0x48, 0x09, 0x47, 0x11, 0x68, 0x09, 0x47,
    0x09, 0x48, 0x11, 0x67, 0x09, 0x48, 0x09, 0x47, 0x11, 0x68, 0x09, 0x47, 0x09, 0x48, 0x11, 0x67,
    0x09, 0x48, 0x11, 0x47, 0x09, 0x68, 0x09, 0x47, 0x11, 0x48, 0x09, 0x67, 0x09, 0x48, 0x11, 0x47,
    0x09, 0x68, 0x09, 0x47, 0x11, 0x48, 0x09, 0x67, 0x09, 0x48, 0x11, 0x47, 0x09, 0x68, 0x11, 0x47,
    0x09, 0x48, 0x09, 0x67, 0x11, 0x48, 0x09, 0x47, 0x09, 0x68, 0x11, 0x47, 0x09, 0x48, 0x09, 0x67,
    0x11, 0x48, 0x09, 0x47, 0x09, 0x68, 0x11, 0x47, 0x09, 0x48, 0x11, 0x67, 0x09, 0x48, 0x09, 0x47,
    0x11, 0x68, 0x09, 0x47, 0x09, 0x48, 0x11, 0x67, 0x09, 0x48, 0x11, 0x47, 0x09, 0x68, 0x09, 0x47,
    0x11, 0x48, 0x09, 0x67, 0x09, 0x48, 0x11, 0x47, 0x09, 0x68, 0x09, 0x48, 0x11, 0x48, 0x09, 0x48,
    0x09, 0x48, 0x09, 0x48, 0x09, 0x68, 0x09, 0x48, 0x09, 0x48, 0x09, 0x68, 0x09, 0x48, 0x09, 0x48,
    0x09, 0x68, 0x09, 0x48, 0x09, 0x48, 0x09, 0x68, 0x09, 0x48, 0x09, 0x48, 0x09, 0x68, 0x09, 0x48,
    0x09, 0x48, 0x09, 0x68, 0x09, 0x48, 0x11, 0x48, 0x09, 0x68, 0x09, 0x48, 0x09, 0x48, 0x09, 0x68,
    0x09, 0x48, 0x09, 0x48, 0x09, 0x68, 0x09, 0x48, 0x09, 0x48, 0x09, 0x68, 0x09, 0x48, 0x09, 0x48,
    0x09, 0x68, 0x09, 0x48, 0x09, 0x48, 0x09, 0x68, 0x09, 0x48, 0x09, 0x48, 0x09, 0x68, 0x09, 0x48,
    0x09, 0x48, 0x09, 0x68, 0x09, 0x48, 0x09, 0x48, 0x09, 0x68, 0x09, 0x48, 0x09, 0x48, 0x09, 0x68,
    0x09, 0x48, 0x09, 0x48, 0x09, 0x68, 0x09, 0x48, 0x09, 0x48, 0x09, 0x68, 0x09, 0x48, 0x09, 0x48,
    0x09, 0x68, 0x09, 0x48, 0x09, 0x48, 0x09, 0x68, 0x09, 0x48, 0x09, 0x48, 0x09, 0x68, 0x09, 0x48,
    0x09, 0x48, 0x09, 0x68, 0x09, 0x48, 0x09, 0x48, 0x09, 0x68, 0x09, 0x48, 0x09, 0x48, 0x09, 0x68,
    0x09, 0x48, 0x09, 0x48, 0x09, 0x68, 0x09, 0x48, 0x09, 0x48, 0x09, 0x68, 0x09, 0x48, 0x09, 0x48,
    0x09, 0x68, 0x09, 0x48, 0x09, 0x48, 0x09, 0x68, 0x09, 0x48, 0x09, 0x48, 0x09, 0x68, 0x09, 0x48,
    0x09, 0x48, 0x09, 0x68, 0x09, 0x48, 0x09, 0x48, 0x09, 0x68, 0x09, 0x48, 0x09, 0x48, 0x09, 0x68,
    0x09, 0x48, 0x09, 0x48, 0x09, 0x68, 0x09, 0x48, 0x09, 0x48, 0x09, 0x68, 0x09, 0x48, 0x09, 0x48,
    0x09, 0x68, 0x09, 0x48, 0x09, 0x48, 0x09, 0x68, 0x09, 0x48, 0x09, 0x48, 0x09, 0x68, 0x09, 0x48,
    0x09, 0x48, 0x09, 0x68, 0x09, 0x48, 0x09, 0x48, 0x09, 0x68, 0x09, 0x48, 0x09, 0x48, 0x09, 0x68,
    0x09, 0x48, 0x09, 0x48, 0x09, 0x68, 0x09, 0x48, 0x09, 0x48, 0x09, 0x68, 0x09, 0x48, 0x09, 0x68,
    0x09, 0x68, 0x09, 0x47, 0x11, 0x48, 0x09, 0x68, 0x09, 0x47, 0x11, 0x48, 0x09, 0x68, 0x09, 0x47,
    0x11, 0x48, 0x09, 0x68, 0x09, 0x47, 0x11, 0x48, 0x09, 0x68, 0x11, 0x47, 0x09, 0x48, 0x11, 0x68,
    0x09, 0x47, 0x11, 0x48, 0x09, 0x68, 0x09, 0x47, 0x09, 0x48, 0x09, 0x68, 0x11, 0x47, 0x09, 0x48,
    0x09, 0x68, 0x11, 0x47, 0x09, 0x48, 0x09, 0x68, 0x11, 0x47, 0x09, 0x48, 0x09, 0x68, 0x11, 0x47,
    0x09, 0x48, 0x11, 0x68, 0x09, 0x47, 0x09, 0x48, 0x11, 0x68, 0x09, 0x47, 0x09, 0x48, 0x11, 0x68,
    0x09, 0x47, 0x11, 0x48, 0x09, 0x68, 0x09, 0x47, 0x11, 0x48, 0x09, 0x68, 0x09, 0x47, 0x11, 0x48,
    0x09, 0x68, 0x11, 0x47, 0x09, 0x48, 0x09, 0x68, 0x11, 0x47, 0x09, 0x48, 0x09, 0x68, 0x11, 0x47,
    0x09, 0x48, 0x11, 0x68, 0x09, 0x47, 0x09, 0x48, 0x11, 0x68, 0x09, 0x47, 0x11, 0x48, 0x09, 0x68,
    0x09, 0x47, 0x11, 0x48, 0x09, 0x68, 0x09, 0x47, 0x11, 0x48, 0x09, 0x68, 0x09, 0x47, 0x11, 0x48,
    0x09, 0x68, 0x09, 0x47, 0x11, 0x48, 0x09, 0x68, 0x09, 0x47, 0x11, 0x48, 0x09, 0x68, 0x09, 0x47,
    0x11, 0x48, 0x09, 0x68, 0x09, 0x47, 0x11, 0x48, 0x09, 0x68, 0x11, 0x47, 0x09, 0x48, 0x09, 0x68,
    0x11, 0x47, 0x09, 0x48, 0x09, 0x68, 0x11, 0x47, 0x09, 0x48, 0x09, 0x68, 0x11, 0x47, 0x09, 0x48,
    0x11, 0x68, 0x09, 0x47, 0x09, 0x48, 0x11, 0x68, 0x09, 0x47, 0x09, 0x48, 0x11, 0x68, 0x09, 0x47,
    0x09, 0x48, 0x11, 0x68, 0x09, 0x47, 0x09, 0x48, 0x11, 0x68, 0x09, 0x47, 0x09, 0x48, 0x11, 0x68,
    0x09, 0x47, 0x11, 0x48, 0x09, 0x68, 0x09, 0x47, 0x11, 0x48, 0x09, 0x68, 0x09, 0x47, 0x11, 0x48,
    0x09, 0x68, 0x11, 0x47, 0x09, 0x48, 0x09, 0x67, 0x11, 0x48, 0x09, 0x47, 0x09, 0x68, 0x09, 0x47,
    0x09, 0x48, 0x09, 0x68, 0x09, 0x47, 0x09, 0x48, 0x09, 0x68, 0x09, 0x47, 0x09, 0x48, 0x09, 0x68,
    0x09, 0x47, 0x09, 0x48, 0x09, 0x68, 0x09, 0x47, 0x09, 0x48, 0x09, 0x68, 0x09, 0x47, 0x09, 0x48,
    0x09, 0x68, 0x09, 0x47, 0x09, 0x48, 0x09, 0x68, 0x09, 0x47, 0x09, 0x48, 0x09, 0x68, 0x09, 0x47,
    0x09, 0x48, 0x09, 0x68, 0x09, 0x47, 0x09, 0x48, 0x09, 0x68, 0x09, 0x47, 0x09, 0x48, 0x09, 0x68,
    0x09, 0x47, 0x09, 0x48, 0x09, 0x68, 0x09, 0x47, 0x09, 0x48, 0x09, 0x68, 0x09, 0x47, 0x09, 0x48,
    0x09, 0x68, 0x09, 0x47, 0x09, 0x48, 0x09, 0x68, 0x09, 0x47, 0x09, 0x48, 0x09, 0x68, 0x09, 0x47,
    0x09, 0x48, 0x09, 0x68, 0x09, 0x47, 0x09, 0x48, 0x09, 0x68, 0x09, 0x47, 0x09, 0x48, 0x09, 0x68,
    0x09, 0x47, 0x09, 0x48, 0x09, 0x68, 0x09, 0x47, 0x09, 0x48, 0x09, 0x68, 0x09, 0x47, 0x09, 0x48,
    0x09, 0x68, 0x09, 0x47, 0x09, 0x48, 0x09, 0x68, 0x09, 0x47, 0x09, 0x48, 0x09, 0x68, 0x09, 0x47,
    0x09, 0x48, 0x09, 0x68, 0x09, 0x47, 0x09, 0x48, 0x09, 0x68, 0x09, 0x47, 0x09, 0x48, 0x09, 0x68,
    0x09, 0x47, 0x09, 0x48, 0x09, 0x68, 0x09, 0x47, 0x09, 0x48, 0x09, 0x68, 0x09, 0x47, 0x09, 0x48,
    0x09, 0x68, 0x09, 0x47, 0x09, 0x48, 0x09, 0x68, 0x09, 0x47, 0x09, 0x48, 0x09, 0x68, 0x09, 0x47,
    0x09, 0x48, 0x09, 0x68, 0x09, 0x47, 0x09, 0x48, 0x09, 0x68, 0x09, 0x47, 0x09, 0x48, 0x09, 0x68,
    0x09, 0x47, 0x09, 0x48, 0x09, 0x68, 0x09, 0x47, 0x09, 0x48, 0x09, 0x68, 0x09, 0x47, 0x09, 0x48,
    0x09, 0x68, 0x09, 0x47, 0x09, 0x48, 0x09, 0x68, 0x09, 0x47, 0x09, 0x48, 0x09, 0x68, 0x09, 0x47,
    0x09, 0x48, 0x09, 0x68, 0x09, 0x48, 0x09, 0x48, 0x09, 0x67, 0x09, 0x48, 0x09, 0x48, 0x09, 0x48,
    0x09, 0x48, 0x09, 0x47, 0x09, 0x48, 0x09, 0x48, 0x09, 0x47, 0x09, 0x48, 0x09, 0x48, 0x09, 0x47,
    0x09, 0x48, 0x09, 0x48, 0x09, 0x47, 0x09, 0x48, 0x09, 0x48, 0x09, 0x47, 0x09, 0x48, 0x09, 0x48,
    0x09, 0x47, 0x09, 0x48, 0x09, 0x48, 0x09, 0x47, 0x09, 0x48, 0x09, 0x48, 0x09, 0x47, 0x09, 0x48,
    0x09, 0x48, 0x09, 0x47, 0x09, 0x48, 0x09, 0x48, 0x09, 0x47, 0x09, 0x48, 0x09, 0x48, 0x09, 0x47,
    0x09, 0x48, 0x09, 0x48, 0x09, 0x47, 0x09, 0x48, 0x09, 0x48, 0x09, 0x47, 0x09, 0x48, 0x09, 0x48,
    0x09, 0x47, 0x09, 0x48, 0x09, 0x48, 0x09, 0x47, 0x09, 0x48, 0x09, 0x48, 0x09, 0x47, 0x09, 0x48,
    0x09, 0x48, 0x09, 0x47, 0x09, 0x48, 0x09, 0x48, 0x09, 0x47, 0x09, 0x48, 0x09, 0x48, 0x09, 0x47,
    0x09, 0x48, 0x09, 0x48, 0x09, 0x47, 0x09, 0x48, 0x09, 0x48, 0x09, 0x47, 0x09, 0x48, 0x09, 0x48,
    0x09, 0x47, 0x09, 0x48, 0x09, 0x48, 0x09, 0x47, 0x09, 0x48, 0x09, 0x48, 0x09, 0x47, 0x09, 0x48,
    0x09, 0x48, 0x09, 0x47, 0x09, 0x48, 0x09, 0x48, 0x09, 0x47, 0x09, 0x48, 0x09, 0x48, 0x09, 0x47,
    0x09, 0x48, 0x09, 0x48, 0x09, 0x47, 0x09, 0x48, 0x09, 0x48, 0x09, 0x47, 0x09, 0x48, 0x09, 0x48,
    0x09, 0x47, 0x09, 0x48, 0x09, 0x48, 0x09, 0x47, 0x09, 0x48, 0x09, 0x48, 0x09, 0x47, 0x09, 0x48,
    0x09, 0x48, 0x09, 0x47, 0x09, 0x48, 0x09, 0x48, 0x09, 0x47, 0x09, 0x48, 0x09, 0x48, 0x09, 0x47,
    0x09, 0x48, 0x09, 0x48, 0x09, 0x47, 0x09, 0x48, 0x09, 0x48, 0x09, 0x47, 0x09, 0x48, 0x09, 0x48,
    0x09, 0x47, 0x09, 0x48, 0x09, 0x48, 0x09, 0x47, 0x09, 0x48, 0x09, 0x48, 0x09, 0x47, 0x09, 0x48,
    0x09, 0x48, 0x09, 0x47, 0x09, 0x48, 0x09, 0x47, 0x09, 0x48, 0x09, 0x48, 0x09, 0x47, 0x09, 0x48,
    0x09, 0x48, 0x09, 0x48, 0x09, 0x47, 0x09, 0x48, 0x09, 0x48, 0x09, 0x47, 0x09, 0x48, 0x09, 0x48,
    0x09, 0x47, 0x09, 0x48, 0x09, 0x48, 0x09, 0x47, 0x09, 0x48, 0x09, 0x48, 0x09, 0x47, 0x09, 0x48,
    0x09, 0x48, 0x09, 0x47, 0x09, 0x48, 0x09, 0x48, 0x09, 0x47, 0x09, 0x48, 0x09, 0x48, 0x09, 0x47,
    0x09, 0x48, 0x09, 0x48, 0x09, 0x47, 0x09, 0x48, 0x09, 0x48, 0x09, 0x47, 0x09, 0x48, 0x09, 0x48,
    0x09, 0x47, 0x09, 0x48, 0x09, 0x48, 0x09, 0x47, 0x09, 0x48, 0x09, 0x48, 0x09, 0x47, 0x09, 0x48,
    0x09, 0x48, 0x09, 0x47, 0x09, 0x48, 0x09, 0x48, 0x09, 0x47, 0x09, 0x48, 0x09, 0x48, 0x09, 0x47,
    0x09, 0x48, 0x09, 0x48, 0x09, 0x47, 0x09, 0x48, 0x09, 0x48, 0x09, 0x47, 0x09, 0x48, 0x09, 0x48,
    0x09, 0x47, 0x09, 0x48, 0x09, 0x48, 0x09, 0x47, 0x09, 0x48, 0x09, 0x48, 0x09, 0x47, 0x09, 0x48,
    0x09, 0x48, 0x09, 0x47, 0x09, 0x48, 0x09, 0x48, 0x09, 0x47, 0x09, 0x48, 0x09, 0x48, 0x09, 0x47,
    0x09, 0x48, 0x09, 0x48, 0x09, 0x47, 0x09, 0x48, 0x09, 0x48, 0x09, 0x47, 0x09, 0x48, 0x09, 0x48,
    0x09, 0x47, 0x09, 0x48, 0x09, 0x48, 0x09, 0x47, 0x09, 0x48, 0x09, 0x48, 0x09, 0x47, 0x09, 0x48,
    0x09, 0x48, 0x09, 0x47, 0x09, 0x48, 0x09, 0x48, 0x09, 0x47, 0x09, 0x48, 0x09, 0x48, 0x09, 0x47,
    0x09, 0x48, 0x09, 0x48, 0x09, 0x47, 0x09, 0x48, 0x09, 0x48, 0x09, 0x47, 0x09, 0x48, 0x09, 0x48,
    0x09, 0x47, 0x09, 0x48, 0x09, 0x48, 0x09, 0x47, 0x09, 0x48, 0x09, 0x48, 0x09, 0x47, 0x09, 0x48,
    0x09, 0x48, 0x09, 0x47, 0x09, 0x48, 0x09, 0x48, 0x09, 0x47, 0x09, 0x48, 0x09, 0x48, 0x09, 0x47,
    0x09, 0x48, 0x09, 0x48, 0x09, 0x47, 0x09, 0x48, 0x09, 0x48, 0x09, 0x47, 0x09, 0x48, 0x09, 0x48,
    0x09, 0x48, 0x09, 0x47, 0x09, 0x48, 0x09, 0x48, 0x09, 0x67, 0x09, 0x48, 0x09, 0x48, 0x09, 0x67,
    0x09, 0x48, 0x09, 0x48, 0x09, 0x67, 0x09, 0x48, 0x09, 0x48, 0x09, 0x67, 0x09, 0x48, 0x09, 0x48,
    0x09, 0x67, 0x09, 0x48, 0x09, 0x48, 0x09, 0x67, 0x09, 0x48, 0x09, 0x48, 0x09, 0x67, 0x09, 0x48,
    0x09, 0x48, 0x09, 0x67, 0x09, 0x48, 0x09, 0x48, 0x09, 0x67, 0x09, 0x48, 0x09, 0x48, 0x09, 0x67,
    0x09, 0x48, 0x09, 0x48, 0x09, 0x67, 0x09, 0x48, 0x09, 0x48, 0x09, 0x67, 0x09, 0x48, 0x09, 0x48,
    0x09, 0x67, 0x09, 0x48, 0x09, 0x48, 0x09, 0x67, 0x09, 0x48, 0x09, 0x48, 0x09, 0x67, 0x09, 0x48,
    0x09, 0x48, 0x09, 0x67, 0x09, 0x48, 0x09, 0x48, 0x09, 0x67, 0x09, 0x48, 0x09, 0x48, 0x09, 0x67,
    0x09, 0x48, 0x09, 0x48, 0x09, 0x67, 0x09, 0x48, 0x09, 0x48, 0x09, 0x67, 0x09, 0x48, 0x09, 0x48,
    0x09, 0x67, 0x09, 0x48, 0x09, 0x48, 0x09, 0x67, 0x09, 0x48, 0x09, 0x48, 0x09, 0x67, 0x09, 0x48,
    0x09, 0x48, 0x09, 0x67, 0x09, 0x48, 0x09, 0x48, 0x09, 0x67, 0x09, 0x48, 0x09, 0x48, 0x09, 0x67,
    0x09, 0x48, 0x09, 0x48, 0x09, 0x67, 0x09, 0x48, 0x09, 0x48, 0x09, 0x67, 0x09, 0x48, 0x09, 0x48,
    0x09, 0x67, 0x09, 0x48, 0x09, 0x48, 0x09, 0x67, 0x09, 0x48, 0x09, 0x48, 0x09, 0x67, 0x09, 0x48,
    0x09, 0x48, 0x09, 0x67, 0x09, 0x48, 0x09, 0x48, 0x09, 0x67, 0x09, 0x48, 0x09, 0x48, 0x09, 0x67,
    0x09, 0x48, 0x09, 0x48, 0x09, 0x67, 0x09, 0x48, 0x09, 0x48, 0x09, 0x67, 0x09, 0x48, 0x09, 0x48,
    0x09, 0x67, 0x09, 0x48, 0x09, 0x48, 0x09, 0x67, 0x09, 0x48, 0x09, 0x48, 0x09, 0x67, 0x09, 0x48,
    0x09, 0x48, 0x09, 0x67, 0x09, 0x48, 0x09, 0x48, 0x09, 0x67, 0x09, 0x48, 0x09, 0x48, 0x09, 0x47,
    0x09, 0x48, 0x09, 0x47, 0x09, 0x48, 0x09, 0x47, 0x09, 0x48, 0x09, 0x47, 0x09, 0x48, 0x09, 0x48,
    0x09, 0x47, 0x09, 0x48, 0x09, 0x48, 0x09, 0x47, 0x09, 0x48, 0x09, 0x48, 0x09, 0x47, 0x09, 0x48,
    0x09, 0x48, 0x09, 0x47, 0x09, 0x48, 0x09, 0x48, 0x09, 0x47, 0x09, 0x48, 0x09, 0x48, 0x09, 0x47,
    0x09, 0x48, 0x09, 0x48, 0x09, 0x47, 0x09, 0x48, 0x09, 0x48, 0x09, 0x47, 0x09, 0x48, 0x09, 0x48,
    0x09, 0x47, 0x09, 0x48, 0x09, 0x48, 0x09, 0x47, 0x09, 0x48, 0x09, 0x48, 0x09, 0x47, 0x09, 0x48,
    0x09, 0x48, 0x09, 0x47, 0x09, 0x48, 0x09, 0x48, 0x09, 0x47, 0x09, 0x48, 0x09, 0x48, 0x09, 0x47,
    0x09, 0x48, 0x09, 0x48, 0x09, 0x47, 0x09, 0x48, 0x09, 0x48, 0x09, 0x47, 0x09, 0x48, 0x09, 0x48,
    0x09, 0x47, 0x09, 0x48, 0x09, 0x48, 0x09, 0x47, 0x09, 0x48, 0x09, 0x48, 0x09, 0x47, 0x09, 0x48,
    0x09, 0x48, 0x09, 0x47, 0x09, 0x48, 0x09, 0x48, 0x09, 0x47, 0x09, 0x48, 0x09, 0x48, 0x09, 0x47,
    0x09, 0x48, 0x09, 0x48, 0x09, 0x47, 0x09, 0x48, 0x09, 0x48, 0x09, 0x47, 0x09, 0x48, 0x09, 0x48,
    0x09, 0x47, 0x09, 0x48, 0x09, 0x48, 0x09, 0x47, 0x09, 0x48, 0x09, 0x48, 0x09, 0x47, 0x09, 0x48,
    0x09, 0x48, 0x09, 0x47, 0x09, 0x48, 0x09, 0x48, 0x09, 0x47, 0x09, 0x48, 0x09, 0x48, 0x09, 0x47,
    0x09, 0x48, 0x09, 0x48, 0x09, 0x47, 0x09, 0x48, 0x09, 0x48, 0x09, 0x47, 0x09, 0x48, 0x09, 0x48,
    0x09, 0x47, 0x09, 0x48, 0x09, 0x48, 0x09, 0x47, 0x09, 0x48, 0x09, 0x48, 0x09, 0x47, 0x09, 0x48,
    0x09, 0x48, 0x09, 0x47, 0x09, 0x48, 0x09, 0x48, 0x09, 0x47, 0x09, 0x48, 0x09, 0x48, 0x09, 0x47,
    0x09, 0x48, 0x09, 0x48, 0x09, 0x47, 0x09, 0x48, 0x09, 0x48, 0x09, 0x47, 0x09, 0x48, 0x09, 0x47,
    0x09, 0x48, 0x09, 0x47, 0x09, 0x48, 0x09, 0x47, 0x09, 0x48, 0x09, 0x48, 0x09, 0x47, 0x09, 0x48,
    0x09, 0x47, 0x09, 0x48, 0x09, 0x47, 0x09, 0x48, 0x09, 0x47, 0x09, 0x48, 0x09, 0x47, 0x09, 0x48,
    0x09, 0x47, 0x09, 0x48, 0x09, 0x47, 0x09, 0x48, 0x09, 0x47, 0x09, 0x48, 0x09, 0x47, 0x09, 0x48,
    0x09, 0x47, 0x09, 0x48, 0x09, 0x47, 0x09, 0x48, 0x09, 0x47, 0x09, 0x48, 0x09, 0x47, 0x09, 0x48,
    0x09, 0x47, 0x09, 0x48, 0x09, 0x47, 0x09, 0x48, 0x09, 0x47, 0x09, 0x48, 0x09, 0x47, 0x09, 0x48,
    0x09, 0x47, 0x09, 0x48, 0x09, 0x47, 0x09, 0x48, 0x09, 0x47, 0x09, 0x48, 0x09, 0x47, 0x09, 0x48,
    0x09, 0x47, 0x09, 0x48, 0x09, 0x47, 0x09, 0x48, 0x09, 0x47, 0x09, 0x48, 0x09, 0x47, 0x09, 0x48,
    0x09, 0x47, 0x09, 0x48, 0x09, 0x47, 0x09, 0x48, 0x09, 0x47, 0x09, 0x48, 0x09, 0x47, 0x09, 0x48,
    0x09, 0x47, 0x09, 0x48, 0x09, 0x47, 0x09, 0x48, 0x09, 0x47, 0x09, 0x48, 0x09, 0x47, 0x09, 0x48,
    0x09, 0x47, 0x09, 0x48, 0x09, 0x47, 0x09, 0x48, 0x09, 0x47, 0x09, 0x48, 0x09, 0x47, 0x09, 0x48,
    0x09, 0x47, 0x09, 0x48, 0x09, 0x47, 0x09, 0x48, 0x09, 0x47, 0x09, 0x48, 0x09, 0x47, 0x09, 0x48,
    0x09, 0x47, 0x09, 0x48, 0x09, 0x47, 0x09, 0x48, 0x09, 0x47, 0x09, 0x48, 0x09, 0x47, 0x09, 0x48,
    0x09, 0x47, 0x09, 0x48, 0x09, 0x47, 0x09, 0x48, 0x09, 0x47, 0x09, 0x48, 0x09, 0x47, 0x09, 0x48,
    0x09, 0x47, 0x09, 0x48, 0x09, 0x47, 0x09, 0x48, 0x09, 0x47, 0x09, 0x48, 0x09, 0x47, 0x09, 0x48,
    0x09, 0x47, 0x09, 0x48, 0x09, 0x47, 0x09, 0x48, 0x09, 0x47, 0x09, 0x48, 0x09, 0x47, 0x09, 0x48,
    0x09, 0x47, 0x09, 0x48, 0x09, 0x47, 0x09, 0x48, 0x09, 0x47, 0x09, 0x48, 0x09, 0x47, 0x09, 0x48,
    0x09, 0x48, 0x09, 0x47, 0x09, 0x48, 0x09, 0x48, 0x09, 0x47, 0x09, 0x48, 0x09, 0x47, 0x09, 0x48,
    0x09, 0x47, 0x09, 0x48, 0x09, 0x47, 0x09, 0x48, 0x09, 0x47, 0x09, 0x48, 0x09, 0x47, 0x09, 0x48,
    0x09, 0x47, 0x09, 0x48, 0x09, 0x47, 0x09, 0x48, 0x09, 0x47, 0x09, 0x48, 0x09, 0x47, 0x09, 0x48,
    0x09, 0x47, 0x09, 0x48, 0x09, 0x47, 0x09, 0x48, 0x09, 0x47, 0x09, 0x48, 0x09, 0x47, 0x09, 0x48,
    0x09, 0x47, 0x09, 0x48, 0x09, 0x47, 0x09, 0x48, 0x09, 0x47, 0x09, 0x48, 0x09, 0x47, 0x09, 0x48,
    0x09, 0x47, 0x09, 0x48, 0x09, 0x47, 0x09, 0x48, 0x09, 0x47, 0x09, 0x48, 0x09, 0x47, 0x09, 0x48,
    0x09, 0x47, 0x09, 0x48, 0x09, 0x47, 0x09, 0x48, 0x09, 0x47, 0x09, 0x48, 0x09, 0x47, 0x09, 0x48,
    0x09, 0x47, 0x09, 0x48, 0x09, 0x47, 0x09, 0x48, 0x09, 0x47, 0x09, 0x48, 0x09, 0x47, 0x09, 0x48,
    0x09, 0x47, 0x09, 0x48, 0x09, 0x47, 0x09, 0x48, 0x09, 0x47, 0x09, 0x48, 0x09, 0x47, 0x09, 0x48,
    0x09, 0x47, 0x09, 0x48, 0x09, 0x47, 0x09, 0x48, 0x09, 0x47, 0x09, 0x48, 0x09, 0x47, 0x09, 0x48,
    0x09, 0x47, 0x09, 0x48, 0x09, 0x47, 0x09, 0x48, 0x09, 0x47, 0x09, 0x48, 0x09, 0x47, 0x09, 0x48,
    0x09, 0x47, 0x09, 0x48, 0x09, 0x47, 0x09, 0x48, 0x09, 0x47, 0x09, 0x48, 0x09, 0x47, 0x09, 0x48,
    0x09, 0x47, 0x09, 0x48, 0x09, 0x47, 0x09, 0x48, 0x09, 0x47, 0x09, 0x48, 0x09, 0x47, 0x09, 0x48,
    0x09, 0x47, 0x09, 0x48, 0x09, 0x47, 0x09, 0x48, 0x09, 0x47, 0x09, 0x48, 0x09, 0x47, 0x09, 0x48,
    0x09, 0x47, 0x09, 0x48, 0x09, 0x47, 0x09, 0x48, 0x09, 0x47, 0x09, 0x48, 0x09, 0x47, 0x09, 0x48,
    0x09, 0x47, 0x09, 0x48, 0x09, 0x47, 0x09, 0x48, 0x09, 0x47, 0x09, 0x48, 0x09, 0x48, 0x09, 0x47,
    0x01, 0x48, 0x09, 0x47, 0x01, 0x48, 0x09, 0x47, 0x01, 0x48, 0x09, 0x47, 0x01, 0x48, 0x09, 0x47,
    0x01, 0x48, 0x09, 0x47, 0x01, 0x48, 0x09, 0x47, 0x01, 0x48, 0x09, 0x47, 0x01, 0x48, 0x09, 0x47,
    0x01, 0x48, 0x09, 0x47, 0x01, 0x48, 0x09, 0x47, 0x01, 0x48, 0x09, 0x47, 0x01, 0x48, 0x09, 0x47,
    0x01, 0x48, 0x09, 0x47, 0x01, 0x48, 0x09, 0x47, 0x01, 0x48, 0x09, 0x47, 0x01, 0x48, 0x09, 0x47,
    0x01, 0x48, 0x09, 0x47, 0x01, 0x48, 0x09, 0x47, 0x01, 0x48, 0x09, 0x47, 0x01, 0x48, 0x09, 0x47,
    0x01, 0x48, 0x09, 0x47, 0x01, 0x48, 0x09, 0x47, 0x01, 0x48, 0x09, 0x47, 0x01, 0x48, 0x09, 0x47,
    0x01, 0x48, 0x09, 0x47, 0x01, 0x48, 0x09, 0x47, 0x01, 0x48, 0x09, 0x47, 0x01, 0x48, 0x09, 0x47,
    0x01, 0x48, 0x09, 0x47, 0x01, 0x48, 0x09, 0x47, 0x01, 0x48, 0x09, 0x47, 0x01, 0x48, 0x09, 0x47,
    0x01, 0x48, 0x09, 0x47, 0x01, 0x48, 0x09, 0x47, 0x01, 0x48, 0x09, 0x47, 0x01, 0x48, 0x09, 0x47,
    0x01, 0x48, 0x09, 0x47, 0x01, 0x48, 0x09, 0x47, 0x01, 0x48, 0x09, 0x47, 0x01, 0x48, 0x09, 0x47,
    0x01, 0x48, 0x09, 0x47, 0x01, 0x48, 0x09, 0x47, 0x01, 0x48, 0x09, 0x47, 0x01, 0x48, 0x09, 0x47,
    0x01, 0x48, 0x09, 0x47, 0x01, 0x48, 0x09, 0x47, 0x01, 0x48, 0x09, 0x47, 0x01, 0x48, 0x09, 0x47,
    0x01, 0x48, 0x09, 0x47, 0x01, 0x48, 0x09, 0x47, 0x01, 0x48, 0x09, 0x47, 0x01, 0x48, 0x09, 0x47,
    0x01, 0x48, 0x09, 0x47, 0x01, 0x48, 0x09, 0x47, 0x01, 0x48, 0x09, 0x47, 0x01, 0x48, 0x09, 0x47,
    0x01, 0x48, 0x09, 0x47, 0x01, 0x48, 0x09, 0x47, 0x01, 0x48, 0x09, 0x47, 0x01, 0x48, 0x09, 0x47,
    0x01, 0x48, 0x09, 0x47, 0x01, 0x48, 0x09, 0x47, 0x01, 0x48, 0x09, 0x47, 0x01, 0x48, 0x09, 0x48,
    0x09, 0x28, 0x09, 0x47, 0x01, 0x28, 0x09, 0x47, 0x09, 0x28, 0x01, 0x47, 0x09, 0x28, 0x09, 0x48,
    0x01, 0x27, 0x09, 0x48, 0x09, 0x28, 0x01, 0x47, 0x09, 0x28, 0x09, 0x48, 0x01, 0x27, 0x09, 0x48,
    0x09, 0x28, 0x01, 0x47, 0x09, 0x28, 0x09, 0x48, 0x01, 0x27, 0x09, 0x48, 0x09, 0x28, 0x01, 0x47,
    0x09, 0x28, 0x09, 0x48, 0x01, 0x27, 0x09, 0x48, 0x09, 0x28, 0x01, 0x47, 0x09, 0x28, 0x09, 0x48,
    0x01, 0x27, 0x09, 0x48, 0x09, 0x28, 0x01, 0x47, 0x09, 0x28, 0x09, 0x48, 0x01, 0x27, 0x09, 0x48,
    0x09, 0x28, 0x01, 0x47, 0x09, 0x28, 0x09, 0x48, 0x01, 0x27, 0x09, 0x48, 0x09, 0x28, 0x01, 0x47,
    0x09, 0x28, 0x09, 0x48, 0x01, 0x27, 0x09, 0x48, 0x09, 0x28, 0x01, 0x47, 0x09, 0x28, 0x09, 0x48,
    0x01, 0x27, 0x09, 0x48, 0x09, 0x28, 0x01, 0x47, 0x09, 0x28, 0x09, 0x48, 0x01, 0x27, 0x09, 0x48,
    0x09, 0x28, 0x01, 0x47, 0x09, 0x28, 0x09, 0x48, 0x01, 0x27, 0x09, 0x48, 0x09, 0x28, 0x01, 0x47,
    0x09, 0x28, 0x09, 0x48, 0x01, 0x27, 0x09, 0x48, 0x09, 0x28, 0x01, 0x47, 0x09, 0x28, 0x09, 0x48,
    0x01, 0x27, 0x09, 0x48, 0x09, 0x28, 0x01, 0x47, 0x09, 0x28, 0x09, 0x48, 0x01, 0x27, 0x09, 0x48,
    0x09, 0x28, 0x01, 0x47, 0x09, 0x28, 0x09, 0x48, 0x01, 0x27, 0x09, 0x48, 0x09, 0x28, 0x01, 0x47,
    0x09, 0x28, 0x09, 0x48, 0x01, 0x27, 0x09, 0x48, 0x09, 0x28, 0x01, 0x47, 0x09, 0x28, 0x09, 0x48,
    0x01, 0x27, 0x09, 0x48, 0x09, 0x28, 0x01, 0x47, 0x09, 0x28, 0x09, 0x48, 0x01, 0x27, 0x09, 0x48,
    0x09, 0x28, 0x01, 0x47, 0x09, 0x28, 0x09, 0x48, 0x01, 0x27, 0x09, 0x48, 0x09, 0x28, 0x01, 0x47,
    0x09, 0x28, 0x09, 0x48, 0x01, 0x27, 0x09, 0x48, 0x09, 0x28, 0x01, 0x47, 0x09, 0x28, 0x09, 0x47,
    0x01, 0x47, 0x09, 0x28, 0x09, 0x47, 0x01, 0x48, 0x09, 0x27, 0x09, 0x48, 0x01, 0x47, 0x09, 0x27,
    0x09, 0x48, 0x01, 0x47, 0x09, 0x27, 0x09, 0x48, 0x01, 0x47, 0x09, 0x27, 0x09, 0x48, 0x01, 0x47,
    0x09, 0x27, 0x09, 0x48, 0x01, 0x47, 0x09, 0x27, 0x09, 0x48, 0x01, 0x47, 0x09, 0x27, 0x09, 0x48,
    0x01, 0x47, 0x09, 0x27, 0x09, 0x48, 0x01, 0x47, 0x09, 0x27, 0x09, 0x48, 0x01, 0x47, 0x09, 0x27,
    0x09, 0x48, 0x01, 0x47, 0x09, 0x27, 0x09, 0x48, 0x01, 0x47, 0x09, 0x27, 0x09, 0x48, 0x01, 0x47,
    0x09, 0x27, 0x09, 0x48, 0x01, 0x47, 0x09, 0x27, 0x09, 0x48, 0x01, 0x47, 0x09, 0x27, 0x09, 0x48,
    0x01, 0x47, 0x09, 0x27, 0x09, 0x48, 0x01, 0x47, 0x09, 0x27, 0x09, 0x48, 0x01, 0x47, 0x09, 0x27,
    0x09, 0x48, 0x01, 0x47, 0x09, 0x27, 0x09, 0x48, 0x01, 0x47, 0x09, 0x27, 0x09, 0x48, 0x01, 0x47,
    0x09, 0x27, 0x09, 0x48, 0x01, 0x47, 0x09, 0x27, 0x09, 0x48, 0x01, 0x47, 0x09, 0x27, 0x09, 0x48,
    0x01, 0x47, 0x09, 0x27, 0x09, 0x48, 0x01, 0x47, 0x09, 0x27, 0x09, 0x48, 0x01, 0x47, 0x09, 0x27,
    0x09, 0x48, 0x01, 0x47, 0x09, 0x27, 0x09, 0x48, 0x01, 0x47, 0x09, 0x27, 0x09, 0x48, 0x01, 0x47,
    0x09, 0x27, 0x09, 0x48, 0x01, 0x47, 0x09, 0x27, 0x09, 0x48, 0x01, 0x47, 0x09, 0x27, 0x09, 0x48,
    0x01, 0x47, 0x09, 0x27, 0x09, 0x48, 0x01, 0x47, 0x09, 0x27, 0x09, 0x48, 0x01, 0x47, 0x09, 0x27,
    0x09, 0x48, 0x01, 0x47, 0x09, 0x27, 0x09, 0x48, 0x01, 0x47, 0x09, 0x27, 0x09, 0x48, 0x01, 0x47,
    0x09, 0x27, 0x09, 0x48, 0x01, 0x47, 0x09, 0x27, 0x09, 0x48, 0x01, 0x47, 0x09, 0x27, 0x09, 0x48,
    0x01, 0x47, 0x09, 0x27, 0x09, 0x48, 0x01, 0x47, 0x09, 0x27, 0x09, 0x48, 0x01, 0x47, 0x09, 0x28,
    0x09, 0x48, 0x01, 0x47, 0x09, 0x28, 0x09, 0x47, 0x01, 0x48, 0x09, 0x27, 0x09, 0x48, 0x01, 0x47,
    0x09, 0x28, 0x09, 0x47, 0x01, 0x48, 0x09, 0x27, 0x09, 0x48, 0x01, 0x47, 0x09, 0x28, 0x09, 0x47,
    0x01, 0x48, 0x09, 0x27, 0x09, 0x48, 0x01, 0x47, 0x09, 0x28, 0x09, 0x47, 0x01, 0x48, 0x09, 0x27,
    0x09, 0x48, 0x01, 0x47, 0x09, 0x28, 0x09, 0x47, 0x01, 0x48, 0x09, 0x27, 0x09, 0x48, 0x01, 0x47,
    0x09, 0x28, 0x09, 0x47, 0x01, 0x48, 0x09, 0x27, 0x09, 0x48, 0x01, 0x47, 0x09, 0x28, 0x09, 0x47,
    0x01, 0x48, 0x09, 0x27, 0x09, 0x48, 0x01, 0x47, 0x09, 0x28, 0x09, 0x47, 0x01, 0x48, 0x09, 0x27,
    0x09, 0x48, 0x01, 0x47, 0x09, 0x28, 0x09, 0x47, 0x01, 0x48, 0x09, 0x27, 0x09, 0x48, 0x01, 0x47,
    0x09, 0x28, 0x09, 0x47, 0x01, 0x48, 0x09, 0x27, 0x09, 0x48, 0x01, 0x47, 0x09, 0x28, 0x09, 0x47,
    0x01, 0x48, 0x09, 0x27, 0x09, 0x48, 0x01, 0x47, 0x09, 0x28, 0x09, 0x47, 0x01, 0x48, 0x09, 0x27,
    0x09, 0x48, 0x01, 0x47, 0x09, 0x28, 0x09, 0x47, 0x01, 0x48, 0x09, 0x27, 0x09, 0x48, 0x01, 0x47,
    0x09, 0x28, 0x09, 0x47, 0x01, 0x48, 0x09, 0x27, 0x09, 0x48, 0x01, 0x47, 0x09, 0x28, 0x09, 0x47,
    0x01, 0x48, 0x09, 0x27, 0x09, 0x48, 0x01, 0x47, 0x09, 0x28, 0x09, 0x47, 0x01, 0x48, 0x09, 0x27,
    0x09, 0x48, 0x01, 0x47, 0x09, 0x28, 0x09, 0x47, 0x01, 0x48, 0x09, 0x27, 0x09, 0x48, 0x01, 0x47,
    0x09, 0x28, 0x09, 0x47, 0x01, 0x48, 0x09, 0x27, 0x09, 0x48, 0x01, 0x47, 0x09, 0x28, 0x09, 0x47,
    0x01, 0x48, 0x09, 0x27, 0x09, 0x48, 0x01, 0x47, 0x09, 0x28, 0x09, 0x47, 0x01, 0x48, 0x09, 0x27,
    0x09, 0x48, 0x01, 0x47, 0x09, 0x28, 0x09, 0x47, 0x01, 0x48, 0x09, 0x27, 0x01, 0x48, 0x09, 0x47,
    0x01, 0x27, 0x09, 0x28, 0x01, 0x47, 0x09, 0x27, 0x01, 0x28, 0x09, 0x47, 0x01, 0x28, 0x09, 0x27,
    0x01, 0x48, 0x09, 0x27, 0x01, 0x28, 0x09, 0x47, 0x01, 0x28, 0x09, 0x27, 0x01, 0x48, 0x09, 0x27,
    0x01, 0x28, 0x09, 0x47, 0x01, 0x28, 0x09, 0x27, 0x01, 0x48, 0x09, 0x27, 0x01, 0x28, 0x09, 0x47,
    0x01, 0x28, 0x09, 0x27, 0x01, 0x48, 0x09, 0x27, 0x01, 0x28, 0x09, 0x47, 0x01, 0x28, 0x09, 0x27,
    0x01, 0x48, 0x09, 0x27, 0x01, 0x28, 0x09, 0x47, 0x01, 0x28, 0x09, 0x27, 0x01, 0x48, 0x09, 0x27,
    0x01, 0x28, 0x09, 0x47, 0x01, 0x28, 0x09, 0x27, 0x01, 0x48, 0x09, 0x27, 0x01, 0x28, 0x09, 0x47,
    0x01, 0x28, 0x09, 0x27, 0x01, 0x48, 0x09, 0x27, 0x01, 0x28, 0x09, 0x47, 0x01, 0x28, 0x09, 0x27,
    0x01, 0x48, 0x09, 0x27, 0x01, 0x28, 0x09, 0x47, 0x01, 0x28, 0x09, 0x27, 0x01, 0x48, 0x09, 0x27,
    0x01, 0x28, 0x09, 0x47, 0x01, 0x28, 0x09, 0x27, 0x01, 0x48, 0x09, 0x27, 0x01, 0x28, 0x09, 0x47,
    0x01, 0x28, 0x09, 0x27, 0x01, 0x48, 0x09, 0x27, 0x01, 0x28, 0x09, 0x47, 0x01, 0x28, 0x09, 0x27,
    0x01, 0x48, 0x09, 0x27, 0x01, 0x28, 0x09, 0x47, 0x01, 0x28, 0x09, 0x27, 0x01, 0x48, 0x09, 0x27,
    0x01, 0x28, 0x09, 0x47, 0x01, 0x28, 0x09, 0x27, 0x01, 0x48, 0x09, 0x27, 0x01, 0x28, 0x09, 0x47,
    0x01, 0x28, 0x09, 0x27, 0x01, 0x48, 0x09, 0x27, 0x01, 0x28, 0x09, 0x47, 0x01, 0x28, 0x09, 0x27,
    0x01, 0x48, 0x09, 0x27, 0x01, 0x28, 0x09, 0x47, 0x01, 0x28, 0x09, 0x27, 0x01, 0x48, 0x09, 0x27,
    0x01, 0x28, 0x09, 0x47, 0x01, 0x28, 0x09, 0x27, 0x01, 0x48, 0x09, 0x27, 0x01, 0x28, 0x09, 0x47,
    0x01, 0x28, 0x09, 0x27, 0x01, 0x48, 0x09, 0x27, 0x01, 0x28, 0x09, 0x47, 0x09, 0x27, 0x01, 0x28,
    0x09, 0x27, 0x01, 0x48, 0x09, 0x27, 0x01, 0x48, 0x09, 0x27, 0x01, 0x27, 0x09, 0x48, 0x01, 0x27,
    0x09, 0x27, 0x01, 0x48, 0x09, 0x27, 0x01, 0x28, 0x09, 0x47, 0x01, 0x28, 0x09, 0x27, 0x01, 0x48,
    0x09, 0x27, 0x01, 0x28, 0x09, 0x47, 0x01, 0x28, 0x09, 0x27, 0x01, 0x48, 0x09, 0x27, 0x01, 0x28,
    0x09, 0x47, 0x01, 0x28, 0x09, 0x27, 0x01, 0x48, 0x09, 0x27, 0x01, 0x28, 0x09, 0x47, 0x01, 0x28,
    0x09, 0x27, 0x01, 0x48, 0x09, 0x27, 0x01, 0x28, 0x09, 0x47, 0x01, 0x28, 0x09, 0x27, 0x01, 0x48,
    0x09, 0x27, 0x01, 0x28, 0x09, 0x47, 0x01, 0x28, 0x09, 0x27, 0x01, 0x48, 0x09, 0x27, 0x01, 0x28,
    0x09, 0x47, 0x01, 0x28, 0x09, 0x27, 0x01, 0x48, 0x09, 0x27, 0x01, 0x28, 0x09, 0x47, 0x01, 0x28,
    0x09, 0x27, 0x01, 0x48, 0x09, 0x27, 0x01, 0x28, 0x09, 0x47, 0x01, 0x28, 0x09, 0x27, 0x01, 0x48,
    0x09, 0x27, 0x01, 0x28, 0x09, 0x47, 0x01, 0x28, 0x09, 0x27, 0x01, 0x48, 0x09, 0x27, 0x01, 0x28,
    0x09, 0x47, 0x01, 0x28, 0x09, 0x27, 0x01, 0x48, 0x09, 0x27, 0x01, 0x28, 0x09, 0x47, 0x01, 0x28,
    0x09, 0x27, 0x01, 0x48, 0x09, 0x27, 0x01, 0x28, 0x09, 0x47, 0x01, 0x28, 0x09, 0x27, 0x01, 0x48,
    0x09, 0x27, 0x01, 0x28, 0x09, 0x47, 0x01, 0x28, 0x09, 0x27, 0x01, 0x48, 0x09, 0x27, 0x01, 0x28,
    0x09, 0x47, 0x01, 0x28, 0x09, 0x27, 0x01, 0x48, 0x09, 0x27, 0x01, 0x28, 0x09, 0x47, 0x01, 0x28,
    0x09, 0x27, 0x01, 0x48, 0x09, 0x27, 0x01, 0x28, 0x09, 0x47, 0x01, 0x28, 0x09, 0x27, 0x01, 0x48,
    0x09, 0x27, 0x01, 0x28, 0x09, 0x47, 0x01, 0x28, 0x09, 0x27, 0x01, 0x48, 0x09, 0x27, 0x01, 0x28,
    0x09, 0x47, 0x01, 0x28, 0x09, 0x27, 0x01, 0x48, 0x09, 0x27, 0x01, 0x28, 0x01, 0x47, 0x09, 0x28,
    0x01, 0x28, 0x09, 0x27, 0x01, 0x28, 0x01, 0x47, 0x09, 0x28, 0x01, 0x47, 0x01, 0x28, 0x09, 0x47,
    0x01, 0x28, 0x01, 0x47, 0x09, 0x27, 0x01, 0x48, 0x01, 0x27, 0x09, 0x47, 0x01, 0x28, 0x01, 0x47,
    0x09, 0x27, 0x01, 0x48, 0x01, 0x27, 0x09, 0x47, 0x01, 0x28, 0x01, 0x47, 0x09, 0x27, 0x01, 0x48,
    0x01, 0x27, 0x09, 0x47, 0x01, 0x28, 0x01, 0x47, 0x09, 0x27, 0x01, 0x48, 0x01, 0x27, 0x09, 0x47,
    0x01, 0x28, 0x01, 0x47, 0x09, 0x27, 0x01, 0x48, 0x01, 0x27, 0x09, 0x47, 0x01, 0x28, 0x01, 0x47,
    0x09, 0x27, 0x01, 0x48, 0x01, 0x27, 0x09, 0x47, 0x01, 0x28, 0x01, 0x47, 0x09, 0x27, 0x01, 0x48,
    0x01, 0x27, 0x09, 0x47, 0x01, 0x28, 0x01, 0x47, 0x09, 0x27, 0x01, 0x48, 0x01, 0x27, 0x09, 0x47,
    0x01, 0x28, 0x01, 0x47, 0x09, 0x27, 0x01, 0x48, 0x01, 0x27, 0x09, 0x47, 0x01, 0x28, 0x01, 0x47,
    0x09, 0x27, 0x01, 0x48, 0x01, 0x27, 0x09, 0x47, 0x01, 0x28, 0x01, 0x47, 0x09, 0x27, 0x01, 0x48,
    0x01, 0x27, 0x09, 0x47, 0x01, 0x28, 0x01, 0x47, 0x09, 0x27, 0x01, 0x48, 0x01, 0x27, 0x09, 0x47,
    0x01, 0x28, 0x01, 0x47, 0x09, 0x27, 0x01, 0x48, 0x01, 0x27, 0x09, 0x47, 0x01, 0x28, 0x01, 0x47,
    0x09, 0x27, 0x01, 0x48, 0x01, 0x27, 0x09, 0x47, 0x01, 0x28, 0x01, 0x47, 0x09, 0x27, 0x01, 0x48,
    0x01, 0x27, 0x09, 0x47, 0x01, 0x28, 0x01, 0x47, 0x09, 0x27, 0x01, 0x48, 0x01, 0x27, 0x09, 0x47,
    0x01, 0x28, 0x01, 0x47, 0x09, 0x27, 0x01, 0x48, 0x01, 0x27, 0x09, 0x47, 0x01, 0x28, 0x01, 0x47,
    0x09, 0x27, 0x01, 0x48, 0x01, 0x27, 0x09, 0x47, 0x01, 0x28, 0x01, 0x47, 0x09, 0x27, 0x01, 0x48,
    0x01, 0x27, 0x09, 0x47, 0x01, 0x28, 0x01, 0x47, 0x09, 0x27, 0x01, 0x48, 0x09, 0x27, 0x01, 0x47
};

const lv_img_dsc_t ui_img_bg_gradient = {
    .header.always_zero = 0,
    .header.w = 128,
    .header.h = 160,
    .data_size = sizeof(ui_img_bg_gradient_data),
    .header.cf = LV_IMG_CF_TRUE_COLOR,
    .data = ui_img_bg_gradient_data
};
