// This file was generated by SquareLine Studio
// SquareLine Studio version: SquareLine Studio 1.5.1
// LVGL version: 8.3.11
// Project name: SquareLine_Project_MusicPlayer

#include "ui.h"

#ifndef LV_ATTRIBUTE_MEM_ALIGN
    #define LV_ATTRIBUTE_MEM_ALIGN
#endif

// IMAGE DATA: assets/haibao.png
const LV_ATTRIBUTE_MEM_ALIGN uint8_t ui_img_haibao_png_data[] = {
    0x00, 0x41, 0x00, 0x00, 0x41, 0x00, 0x00, 0x41, 0x00, 0x00, 0x41, 0x00, 0x00, 0x41, 0x00, 0x00,
    0x41, 0x00, 0x00, 0x41, 0x00, 0x08, 0x61, 0x00, 0x08, 0x61, 0x00, 0x00, 0x41, 0x00, 0x00, 0x41,
    0x00, 0x00, 0x41, 0x00, 0x08, 0x61, 0x00, 0x08, 0x81, 0x00, 0x08, 0xC2, 0x00, 0x10, 0xE3, 0x00,
    0x11, 0x04, 0x00, 0x19, 0x24, 0x00, 0x19, 0x04, 0x00, 0x11, 0x03, 0x00, 0x11, 0x03, 0x00, 0x11,
    0x03, 0x00, 0x00, 0x00, 0x00, 0x4A, 0x89, 0x00, 0xFF, 0xFD, 0x00, 0x63, 0x0C, 0x00, 0x9C, 0xF2,
    0x00, 0x19, 0x24, 0x00, 0x00, 0x41, 0x00, 0x7C, 0x0E, 0x00, 0xFF, 0xFD, 0x00, 0x84, 0x4F, 0x00,
    0x11, 0x04, 0x00, 0x21, 0x65, 0x00, 0x19, 0x44, 0x00, 0x10, 0xE4, 0x00, 0x10, 0xE4, 0x07, 0x19,
    0x04, 0x28, 0x19, 0x04, 0x54, 0x08, 0x83, 0x7D, 0x6B, 0xCD, 0x9A, 0xFF, 0xFD, 0xB6, 0x6B, 0x8C,
    0xCC, 0xB5, 0xB4, 0xDE, 0x8C, 0x70, 0xE9, 0x00, 0x01, 0xF1, 0x19, 0x03, 0xF3, 0x10, 0xE3, 0xF0,
    0x00, 0x00, 0xE9, 0x5B, 0x0B, 0xDE, 0x84, 0x2F, 0xCC, 0x00, 0x00, 0xB6, 0x00, 0x61, 0x9A, 0x52,
    0xAA, 0x7D, 0x73, 0xAD, 0x54, 0x00, 0x82, 0x28, 0x00, 0x21, 0x07, 0xB5, 0xB4, 0x00, 0xE7, 0x3A,
    0x00, 0x73, 0xAE, 0x00, 0x29, 0xA6, 0x00, 0x8C, 0x90, 0x00, 0xFF, 0xFC, 0x00, 0x3A, 0x28, 0x00,
    0x00, 0x82, 0x00, 0x21, 0x65, 0x00, 0x21, 0x86, 0x00, 0x21, 0xA6, 0x00, 0x32, 0x48, 0x00, 0x42,
    0xEB, 0x00, 0x4B, 0x2B, 0x00, 0x3A, 0x69, 0x00, 0x29, 0xE7, 0x00, 0x19, 0x65, 0x00, 0x11, 0x24,
    0x00, 0x10, 0xE3, 0x00, 0x08, 0xC2, 0x00, 0x10, 0xC2, 0x00, 0x10, 0xC3, 0x00, 0x08, 0xC2, 0x00,
    0x08, 0xA2, 0x00, 0x08, 0xA2, 0x00, 0x08, 0xA2, 0x00, 0x08, 0xC2, 0x00, 0x08, 0xA2, 0x00, 0x08,
    0x81, 0x00, 0x08, 0x81, 0x00, 0x08, 0x82, 0x00, 0x08, 0xA2, 0x00, 0x08, 0xA2, 0x00, 0x08, 0xC2,
    0x00, 0x08, 0xC2, 0x00, 0x08, 0xC2, 0x00, 0x00, 0x41, 0x00, 0x08, 0x41, 0x00, 0x08, 0x41, 0x00,
    0x00, 0x41, 0x00, 0x00, 0x41, 0x00, 0x00, 0x41, 0x00, 0x00, 0x41, 0x00, 0x00, 0x41, 0x00, 0x08,
    0x61, 0x00, 0x08, 0x61, 0x00, 0x08, 0x61, 0x00, 0x08, 0x61, 0x00, 0x08, 0x61, 0x00, 0x08, 0x81,
    0x00, 0x08, 0xA2, 0x00, 0x10, 0xE3, 0x00, 0x19, 0x44, 0x00, 0x19, 0x44, 0x00, 0x19, 0x04, 0x00,
    0x19, 0x04, 0x00, 0x19, 0x04, 0x00, 0x11, 0x03, 0x00, 0x11, 0x04, 0x00, 0x00, 0x00, 0x00, 0xA5,
    0x52, 0x00, 0xFF, 0xFF, 0x00, 0x42, 0x28, 0x00, 0x00, 0x00, 0x00, 0x08, 0xE4, 0x00, 0x7C, 0x0F,
    0x00, 0xFF, 0xFD, 0x00, 0x7C, 0x0F, 0x00, 0x08, 0xA3, 0x00, 0x19, 0x04, 0x30, 0x19, 0x04, 0x73,
    0x19, 0x24, 0xAA, 0x21, 0x45, 0xE0, 0x21, 0x65, 0xFF, 0x19, 0x45, 0xFF, 0x08, 0xC3, 0xFF, 0x6B,
    0xAD, 0xFF, 0xFF, 0xFD, 0xFF, 0x6B, 0xAD, 0xFF, 0xBD, 0xF5, 0xFF, 0x8C, 0x90, 0xFF, 0x00, 0x00,
    0xFF, 0x10, 0xE3, 0xFF, 0x10, 0xE3, 0xFF, 0x00, 0x20, 0xFF, 0x6B, 0x6C, 0xFF, 0x8C, 0x70, 0xFF,
    0x00, 0x01, 0xFF, 0x00, 0x62, 0xFF, 0x4A, 0x69, 0xFF, 0x63, 0x6C, 0xFF, 0x00, 0x82, 0xFF, 0x29,
    0xA6, 0xE0, 0x00, 0x62, 0xAA, 0xCE, 0x98, 0x73, 0xFF, 0xFE, 0x30, 0x18, 0xE4, 0x00, 0xAD, 0x94,
    0x00, 0xE7, 0x39, 0x00, 0x29, 0x86, 0x00, 0x08, 0xA3, 0x00, 0x19, 0x45, 0x00, 0x21, 0x86, 0x00,
    0x21, 0x86, 0x00, 0x29, 0xE7, 0x00, 0x29, 0xE7, 0x00, 0x21, 0xA6, 0x00, 0x11, 0x24, 0x00, 0x00,
    0xA2, 0x00, 0x08, 0xC2, 0x00, 0x10, 0xE3, 0x00, 0x10, 0xC3, 0x00, 0x08, 0xA2, 0x00, 0x08, 0x82,
    0x00, 0x08, 0x82, 0x00, 0x08, 0xA2, 0x00, 0x08, 0xA2, 0x00, 0x08, 0xA2, 0x00, 0x08, 0xC2, 0x00,
    0x08, 0xC2, 0x00, 0x08, 0xC2, 0x00, 0x08, 0x82, 0x00, 0x08, 0x81, 0x00, 0x08, 0x82, 0x00, 0x08,
    0x82, 0x00, 0x08, 0xA2, 0x00, 0x08, 0xA2, 0x00, 0x08, 0xC2, 0x00, 0x10, 0xC2, 0x00, 0x00, 0x41,
    0x00, 0x08, 0x41, 0x00, 0x08, 0x41, 0x00, 0x08, 0x41, 0x00, 0x08, 0x41, 0x00, 0x00, 0x41, 0x00,
    0x00, 0x41, 0x00, 0x00, 0x41, 0x00, 0x08, 0x61, 0x00, 0x08, 0x61, 0x00, 0x08, 0x61, 0x00, 0x08,
    0x81, 0x00, 0x08, 0x81, 0x00, 0x08, 0x81, 0x00, 0x10, 0xA2, 0x00, 0x11, 0x04, 0x00, 0x19, 0x44,
    0x00, 0x19, 0x24, 0x00, 0x19, 0x04, 0x00, 0x19, 0x04, 0x00, 0x19, 0x04, 0x00, 0x19, 0x04, 0x00,
    0x19, 0x24, 0x00, 0x00, 0x00, 0x00, 0x73, 0xEE, 0x00, 0xD6, 0xD8, 0x00, 0x00, 0x62, 0x00, 0x19,
    0x65, 0x00, 0x08, 0xA3, 0x00, 0x6B, 0xAD, 0x00, 0xFF, 0xFD, 0x32, 0x84, 0x70, 0x86, 0x08, 0x82,
    0xCD, 0x19, 0x04, 0xFF, 0x19, 0x45, 0xFF, 0x21, 0x86, 0xFF, 0x29, 0xA6, 0xFF, 0x21, 0x86, 0xFF,
    0x19, 0x45, 0xFF, 0x00, 0x83, 0xFF, 0x7C, 0x2E, 0xFF, 0xFF, 0xFF, 0xFF, 0x63, 0x6D, 0xFF, 0xCE,
    0x77, 0xFF, 0x9C, 0xF1, 0xFF, 0x00, 0x00, 0xFF, 0x10, 0xC3, 0xFF, 0x10, 0xC3, 0xFF, 0x00, 0x21,
    0xFF, 0x5A, 0xEA, 0xFF, 0x73, 0xCE, 0xFF, 0x00, 0x01, 0xFF, 0x08, 0x62, 0xFF, 0x8C, 0x91, 0xFF,
    0xC6, 0x37, 0xFF, 0x21, 0x65, 0xFF, 0x29, 0xA7, 0xFF, 0x19, 0x25, 0xFF, 0x21, 0x45, 0xFF, 0xBD,
    0xF5, 0xFF, 0x3A, 0x07, 0xCD, 0xB5, 0xD4, 0x86, 0xDF, 0x39, 0x32, 0x21, 0x65, 0x00, 0x08, 0xA3,
    0x00, 0x19, 0x45, 0x00, 0x21, 0x86, 0x00, 0x21, 0x66, 0x00, 0x21, 0x65, 0x00, 0x42, 0xAA, 0x00,
    0x53, 0x0B, 0x00, 0x3A, 0x48, 0x00, 0x42, 0x89, 0x00, 0x4A, 0xAA, 0x00, 0x21, 0x24, 0x00, 0x08,
    0x81, 0x00, 0x08, 0x82, 0x00, 0x08, 0x82, 0x00, 0x08, 0x81, 0x00, 0x08, 0x81, 0x00, 0x08, 0x82,
    0x00, 0x08, 0xA2, 0x00, 0x08, 0xC2, 0x00, 0x08, 0xC2, 0x00, 0x08, 0xA2, 0x00, 0x08, 0xA2, 0x00,
    0x08, 0x82, 0x00, 0x08, 0x82, 0x00, 0x08, 0x82, 0x00, 0x08, 0x82, 0x00, 0x08, 0xA2, 0x00, 0x08,
    0xA2, 0x00, 0x10, 0xC2, 0x00, 0x00, 0x41, 0x00, 0x00, 0x41, 0x00, 0x00, 0x41, 0x00, 0x08, 0x41,
    0x00, 0x00, 0x61, 0x00, 0x00, 0x61, 0x00, 0x00, 0x41, 0x00, 0x00, 0x41, 0x00, 0x08, 0x61, 0x00,
    0x08, 0x61, 0x00, 0x08, 0x61, 0x00, 0x08, 0x82, 0x00, 0x08, 0x81, 0x00, 0x08, 0x81, 0x00, 0x10,
    0xC2, 0x00, 0x11, 0x04, 0x00, 0x19, 0x24, 0x00, 0x19, 0x24, 0x00, 0x19, 0x04, 0x00, 0x19, 0x04,
    0x00, 0x19, 0x03, 0x00, 0x19, 0x04, 0x00, 0x19, 0x24, 0x00, 0x00, 0x41, 0x00, 0x7C, 0x2F, 0x00,
    0xCE, 0x57, 0x00, 0x08, 0xA2, 0x00, 0x21, 0x85, 0x0E, 0x08, 0xC3, 0x67, 0x4A, 0x89, 0xC4, 0xFF,
    0xFC, 0xFF, 0xB5, 0xD5, 0xFF, 0x10, 0xE3, 0xFF, 0x19, 0x04, 0xFF, 0x21, 0x86, 0xFF, 0x29, 0xC7,
    0xFF, 0x29, 0xA6, 0xFF, 0x21, 0x65, 0xFF, 0x11, 0x04, 0xFF, 0x19, 0x24, 0xFF, 0xBE, 0x15, 0xFF,
    0xDE, 0xF8, 0xFF, 0x29, 0x86, 0xFF, 0x3A, 0x07, 0xFF, 0x31, 0x86, 0xFF, 0x00, 0x41, 0xFF, 0x08,
    0x41, 0xFF, 0x08, 0x61, 0xFF, 0x10, 0xA2, 0xFF, 0x18, 0xC3, 0xFF, 0x19, 0x04, 0xFF, 0x10, 0xA3,
    0xFF, 0x19, 0x04, 0xFF, 0x63, 0x6C, 0xFF, 0x84, 0x50, 0xFF, 0x4A, 0xAA, 0xFF, 0x29, 0xA6, 0xFF,
    0x29, 0xE7, 0xFF, 0x08, 0xC3, 0xFF, 0x19, 0x04, 0xFF, 0x21, 0x25, 0xFF, 0xAD, 0x73, 0xFF, 0xF7,
    0xBB, 0xFF, 0x31, 0xC7, 0xC4, 0x08, 0xA3, 0x67, 0x19, 0x45, 0x0E, 0x21, 0x66, 0x00, 0x21, 0x65,
    0x00, 0x19, 0x44, 0x00, 0x42, 0x89, 0x00, 0xAD, 0x73, 0x00, 0xF7, 0xBB, 0x00, 0xD6, 0xB7, 0x00,
    0x6B, 0x8C, 0x00, 0x19, 0x03, 0x00, 0x00, 0x61, 0x00, 0x08, 0x82, 0x00, 0x08, 0x62, 0x00, 0x08,
    0x82, 0x00, 0x08, 0x82, 0x00, 0x08, 0x82, 0x00, 0x08, 0xA2, 0x00, 0x08, 0xA2, 0x00, 0x08, 0xC2,
    0x00, 0x08, 0xA2, 0x00, 0x08, 0xA2, 0x00, 0x08, 0x82, 0x00, 0x08, 0x81, 0x00, 0x08, 0x81, 0x00,
    0x08, 0xA2, 0x00, 0x08, 0xC3, 0x00, 0x10, 0xC3, 0x00, 0x10, 0xC3, 0x00, 0x00, 0x41, 0x00, 0x00,
    0x41, 0x00, 0x00, 0x41, 0x00, 0x00, 0x41, 0x00, 0x00, 0x41, 0x00, 0x00, 0x41, 0x00, 0x00, 0x41,
    0x00, 0x00, 0x41, 0x00, 0x08, 0x61, 0x00, 0x08, 0x61, 0x00, 0x08, 0x82, 0x00, 0x08, 0xA2, 0x00,
    0x08, 0x82, 0x00, 0x08, 0xA2, 0x00, 0x10, 0xC3, 0x00, 0x11, 0x24, 0x00, 0x19, 0x44, 0x00, 0x19,
    0x24, 0x00, 0x19, 0x04, 0x00, 0x19, 0x04, 0x00, 0x19, 0x04, 0x00, 0x19, 0x24, 0x00, 0x21, 0x65,
    0x00, 0x00, 0x00, 0x00, 0x7C, 0x0E, 0x00, 0xE7, 0x19, 0x16, 0x00, 0x01, 0x80, 0x19, 0x25, 0xE4,
    0x19, 0x25, 0xFF, 0x19, 0x24, 0xFF, 0xC6, 0x36, 0xFF, 0xFF, 0xFC, 0xFF, 0x3A, 0x07, 0xFF, 0x08,
    0xA3, 0xFF, 0x29, 0xA6, 0xFF, 0x29, 0xA6, 0xFF, 0x21, 0x86, 0xFF, 0x21, 0x65, 0xFF, 0x19, 0x04,
    0xFF, 0x31, 0xC7, 0xFF, 0x4A, 0x69, 0xFF, 0x08, 0x61, 0xFF, 0x00, 0x00, 0xFF, 0x00, 0x00, 0xFF,
    0x00, 0x00, 0xFF, 0x08, 0x82, 0xFF, 0x08, 0x41, 0xFF, 0x08, 0x41, 0xFF, 0x08, 0x61, 0xFF, 0x00,
    0x41, 0xFF, 0x00, 0x41, 0xFF, 0x18, 0xE4, 0xFF, 0x19, 0x04, 0xFF, 0x00, 0x00, 0xFF, 0x00, 0x00,
    0xFF, 0x11, 0x03, 0xFF, 0x21, 0x45, 0xFF, 0x19, 0x24, 0xFF, 0x19, 0x45, 0xFF, 0x08, 0xC3, 0xFF,
    0x00, 0x41, 0xFF, 0x73, 0xCD, 0xFF, 0xFF, 0xFE, 0xFF, 0x6B, 0x8C, 0xFF, 0x00, 0x01, 0xFF, 0x19,
    0x65, 0xE4, 0x21, 0x65, 0x80, 0x19, 0x45, 0x16, 0x19, 0x24, 0x00, 0x00, 0x41, 0x00, 0x42, 0x68,
    0x00, 0xFF, 0xFE, 0x00, 0x9C, 0xF1, 0x00, 0x00, 0x00, 0x00, 0x00, 0x61, 0x00, 0x08, 0xA2, 0x00,
    0x08, 0x82, 0x00, 0x08, 0x82, 0x00, 0x08, 0x82, 0x00, 0x08, 0x82, 0x00, 0x08, 0x81, 0x00, 0x08,
    0xA2, 0x00, 0x08, 0xA2, 0x00, 0x08, 0x82, 0x00, 0x08, 0x82, 0x00, 0x08, 0x82, 0x00, 0x08, 0x81,
    0x00, 0x08, 0x61, 0x00, 0x08, 0x81, 0x00, 0x10, 0xA2, 0x00, 0x10, 0xC3, 0x00, 0x10, 0xC3, 0x00,
    0x10, 0xE3, 0x00, 0x00, 0x41, 0x00, 0x00, 0x41, 0x00, 0x00, 0x41, 0x00, 0x00, 0x41, 0x00, 0x08,
    0x61, 0x00, 0x00, 0x41, 0x00, 0x00, 0x41, 0x00, 0x00, 0x41, 0x00, 0x08, 0x61, 0x00, 0x08, 0x61,
    0x00, 0x08, 0xA2, 0x00, 0x08, 0xA2, 0x00, 0x08, 0x82, 0x00, 0x08, 0xA2, 0x00, 0x10, 0xC3, 0x00,
    0x19, 0x24, 0x00, 0x19, 0x44, 0x00, 0x19, 0x44, 0x00, 0x19, 0x24, 0x00, 0x19, 0x24, 0x00, 0x19,
    0x04, 0x00, 0x19, 0x24, 0x00, 0x11, 0x03, 0x00, 0x3A, 0x07, 0x06, 0xCE, 0x77, 0x7A, 0xFF, 0xFE,
    0xEE, 0x73, 0xAE, 0xFF, 0x19, 0x24, 0xFF, 0x11, 0x04, 0xFF, 0x08, 0xC3, 0xFF, 0x52, 0xEA, 0xFF,
    0xFF, 0xFD, 0xFF, 0xB5, 0xD4, 0xFF, 0x08, 0xC3, 0xFF, 0x08, 0xC3, 0xFF, 0x21, 0x86, 0xFF, 0x21,
    0x86, 0xFF, 0x19, 0x04, 0xFF, 0x18, 0xE4, 0xFF, 0x10, 0xA2, 0xFF, 0x00, 0x00, 0xFF, 0x00, 0x00,
    0xFF, 0x08, 0x82, 0xFF, 0x08, 0x61, 0xFF, 0x00, 0x00, 0xFF, 0x00, 0x20, 0xFF, 0x08, 0x62, 0xFF,
    0x10, 0x82, 0xFF, 0x08, 0x62, 0xFF, 0x08, 0x61, 0xFF, 0x08, 0x41, 0xFF, 0x08, 0x61, 0xFF, 0x10,
    0xA3, 0xFF, 0x10, 0xC3, 0xFF, 0x10, 0xE3, 0xFF, 0x18, 0xE3, 0xFF, 0x10, 0xA3, 0xFF, 0x08, 0x82,
    0xFF, 0x10, 0xE3, 0xFF, 0x19, 0x24, 0xFF, 0x10, 0xC3, 0xFF, 0x21, 0x44, 0xFF, 0xE7, 0x39, 0xFF,
    0xE7, 0x5A, 0xFF, 0x19, 0x04, 0xFF, 0x00, 0x82, 0xFF, 0x19, 0x25, 0xFF, 0x19, 0x24, 0xEE, 0x19,
    0x04, 0x7A, 0x00, 0x21, 0x06, 0x19, 0x44, 0x00, 0xEF, 0x5A, 0x00, 0x7B, 0xEE, 0x00, 0x00, 0x00,
    0x00, 0x08, 0x82, 0x00, 0x08, 0xA2, 0x00, 0x08, 0x82, 0x00, 0x08, 0x82, 0x00, 0x08, 0x82, 0x00,
    0x08, 0x82, 0x00, 0x08, 0xA2, 0x00, 0x08, 0xA2, 0x00, 0x10, 0xA2, 0x00, 0x10, 0xA2, 0x00, 0x08,
    0xA2, 0x00, 0x08, 0x82, 0x00, 0x08, 0x61, 0x00, 0x08, 0x61, 0x00, 0x08, 0x82, 0x00, 0x10, 0xC2,
    0x00, 0x08, 0xC3, 0x00, 0x08, 0xC2, 0x00, 0x08, 0xC2, 0x00, 0x00, 0x41, 0x00, 0x00, 0x41, 0x00,
    0x00, 0x41, 0x00, 0x00, 0x41, 0x00, 0x08, 0x61, 0x00, 0x00, 0x41, 0x00, 0x00, 0x41, 0x00, 0x00,
    0x41, 0x00, 0x08, 0x61, 0x00, 0x08, 0x81, 0x00, 0x08, 0x82, 0x00, 0x08, 0x82, 0x00, 0x08, 0x81,
    0x00, 0x08, 0x81, 0x00, 0x10, 0xC3, 0x00, 0x19, 0x04, 0x00, 0x19, 0x24, 0x00, 0x19, 0x65, 0x00,
    0x19, 0x65, 0x00, 0x19, 0x44, 0x00, 0x19, 0x24, 0x00, 0x19, 0x04, 0x00, 0x10, 0xE3, 0x54, 0x4A,
    0xAA, 0xDA, 0x5A, 0xEB, 0xFF, 0x4A, 0x89, 0xFF, 0x5B, 0x2C, 0xFF, 0x21, 0x85, 0xFF, 0x19, 0x44,
    0xFF, 0x21, 0x65, 0xFF, 0x10, 0xE3, 0xFF, 0x73, 0xCD, 0xFF, 0xF7, 0xDC, 0xFF, 0xAD, 0x94, 0xFF,
    0x4A, 0x89, 0xFF, 0x21, 0x65, 0xFF, 0x08, 0xA2, 0xFF, 0x08, 0x41, 0xFF, 0x08, 0x41, 0xFF, 0x08,
    0x41, 0xFF, 0x08, 0x82, 0xFF, 0x08, 0x82, 0xFF, 0x08, 0x82, 0xFF, 0x10, 0xC3, 0xFF, 0x10, 0x82,
    0xFF, 0x08, 0x61, 0xFF, 0x08, 0x62, 0xFF, 0x08, 0x61, 0xFF, 0x08, 0x82, 0xFF, 0x10, 0xA2, 0xFF,
    0x10, 0xA2, 0xFF, 0x08, 0x82, 0xFF, 0x08, 0x82, 0xFF, 0x10, 0x82, 0xFF, 0x18, 0xE3, 0xFF, 0x10,
    0xE4, 0xFF, 0x21, 0x86, 0xFF, 0x19, 0x25, 0xFF, 0x10, 0xE4, 0xFF, 0x19, 0x24, 0xFF, 0x19, 0x24,
    0xFF, 0x00, 0x62, 0xFF, 0x42, 0x68, 0xFF, 0xFF, 0xFC, 0xFF, 0xD6, 0xB8, 0xFF, 0x31, 0xE6, 0xFF,
    0x00, 0x62, 0xFF, 0x00, 0x62, 0xFF, 0x00, 0x61, 0xFF, 0x00, 0x00, 0xDA, 0x42, 0x27, 0x54, 0xFF,
    0xFD, 0x00, 0x84, 0x2F, 0x00, 0x00, 0x00, 0x00, 0x08, 0x82, 0x00, 0x08, 0xA2, 0x00, 0x08, 0x82,
    0x00, 0x08, 0xA2, 0x00, 0x08, 0xA2, 0x00, 0x10, 0xA2, 0x00, 0x10, 0xE3, 0x00, 0x11, 0x04, 0x00,
    0x11, 0x24, 0x00, 0x11, 0x24, 0x00, 0x11, 0x04, 0x00, 0x08, 0xA2, 0x00, 0x08, 0x61, 0x00, 0x08,
    0x61, 0x00, 0x08, 0x82, 0x00, 0x10, 0xA2, 0x00, 0x08, 0xA2, 0x00, 0x08, 0xA2, 0x00, 0x08, 0xA2,
    0x00, 0x00, 0x41, 0x00, 0x00, 0x41, 0x00, 0x00, 0x41, 0x00, 0x08, 0x61, 0x00, 0x08, 0x61, 0x00,
    0x08, 0x61, 0x00, 0x08, 0x61, 0x00, 0x08, 0x61, 0x00, 0x08, 0x61, 0x00, 0x08, 0x61, 0x00, 0x08,
    0x61, 0x00, 0x08, 0x81, 0x00, 0x08, 0x61, 0x00, 0x08, 0x61, 0x00, 0x10, 0xC3, 0x00, 0x11, 0x04,
    0x00, 0x19, 0x24, 0x00, 0x19, 0x65, 0x00, 0x21, 0x65, 0x00, 0x19, 0x44, 0x00, 0x19, 0x04, 0x21,
    0x19, 0x24, 0xB4, 0x19, 0x24, 0xFF, 0x08, 0x82, 0xFF, 0x00, 0x21, 0xFF, 0x00, 0x41, 0xFF, 0x00,
    0x62, 0xFF, 0x19, 0x45, 0xFF, 0x29, 0xA6, 0xFF, 0x29, 0xA6, 0xFF, 0x21, 0x66, 0xFF, 0x08, 0xC3,
    0xFF, 0x5B, 0x0B, 0xFF, 0xD6, 0xD8, 0xFF, 0x7C, 0x0E, 0xFF, 0x00, 0x20, 0xFF, 0x00, 0x00, 0xFF,
    0x00, 0x40, 0xFF, 0x00, 0x40, 0xFF, 0x00, 0x41, 0xFF, 0x08, 0x62, 0xFF, 0x08, 0x62, 0xFF, 0x10,
    0xA2, 0xFF, 0x10, 0xA2, 0xFF, 0x08, 0x82, 0xFF, 0x08, 0x61, 0xFF, 0x08, 0x41, 0xFF, 0x08, 0x61,
    0xFF, 0x08, 0x62, 0xFF, 0x08, 0x82, 0xFF, 0x10, 0xA3, 0xFF, 0x10, 0xC3, 0xFF, 0x19, 0x24, 0xFF,
    0x19, 0x04, 0xFF, 0x21, 0x66, 0xFF, 0x21, 0x45, 0xFF, 0x19, 0x45, 0xFF, 0x29, 0xC7, 0xFF, 0x29,
    0xA6, 0xFF, 0x21, 0x65, 0xFF, 0x19, 0x45, 0xFF, 0x19, 0x04, 0xFF, 0x00, 0x41, 0xFF, 0x42, 0x68,
    0xFF, 0xD6, 0xB8, 0xFF, 0xD6, 0xD9, 0xFF, 0x8C, 0x8F, 0xFF, 0x63, 0x4C, 0xFF, 0x5B, 0x2B, 0xFF,
    0x7C, 0x0E, 0xFF, 0xC6, 0x56, 0xFF, 0xC6, 0x36, 0xB4, 0x3A, 0x27, 0x21, 0x00, 0x81, 0x00, 0x08,
    0xC3, 0x00, 0x08, 0xA2, 0x00, 0x08, 0xA2, 0x00, 0x10, 0xC3, 0x00, 0x10, 0xE3, 0x00, 0x11, 0x24,
    0x00, 0x19, 0x44, 0x00, 0x21, 0x86, 0x00, 0x21, 0xA6, 0x00, 0x21, 0x85, 0x00, 0x21, 0x85, 0x00,
    0x19, 0x24, 0x00, 0x08, 0xA2, 0x00, 0x08, 0x61, 0x00, 0x08, 0x81, 0x00, 0x08, 0xA2, 0x00, 0x08,
    0xA2, 0x00, 0x08, 0x82, 0x00, 0x08, 0xA2, 0x00, 0x00, 0x41, 0x00, 0x00, 0x41, 0x00, 0x00, 0x41,
    0x00, 0x08, 0x61, 0x00, 0x08, 0x61, 0x00, 0x08, 0x61, 0x00, 0x08, 0x61, 0x00, 0x08, 0x61, 0x00,
    0x08, 0x61, 0x00, 0x08, 0x61, 0x00, 0x08, 0x61, 0x00, 0x08, 0x61, 0x00, 0x08, 0x61, 0x00, 0x08,
    0x82, 0x00, 0x10, 0xC3, 0x00, 0x19, 0x04, 0x00, 0x19, 0x44, 0x00, 0x19, 0x65, 0x00, 0x21, 0x85,
    0x00, 0x19, 0x65, 0x61, 0x19, 0x24, 0xF0, 0x19, 0x24, 0xFF, 0x19, 0x04, 0xFF, 0x19, 0x04, 0xFF,
    0x19, 0x04, 0xFF, 0x19, 0x04, 0xFF, 0x21, 0x65, 0xFF, 0x21, 0x86, 0xFF, 0x21, 0x86, 0xFF, 0x29,
    0xA6, 0xFF, 0x21, 0x65, 0xFF, 0x19, 0x45, 0xFF, 0x11, 0x04, 0xFF, 0x19, 0x03, 0xFF, 0x00, 0x20,
    0xFF, 0x00, 0x00, 0xFF, 0x08, 0x41, 0xFF, 0x08, 0x62, 0xFF, 0x08, 0x62, 0xFF, 0x08, 0x82, 0xFF,
    0x10, 0xA2, 0xFF, 0x10, 0xC3, 0xFF, 0x10, 0xC3, 0xFF, 0x08, 0x61, 0xFF, 0x00, 0x00, 0xFF, 0x00,
    0x20, 0xFF, 0x00, 0x20, 0xFF, 0x08, 0x41, 0xFF, 0x10, 0x82, 0xFF, 0x10, 0xA2, 0xFF, 0x10, 0xC3,
    0xFF, 0x10, 0xE3, 0xFF, 0x19, 0x24, 0xFF, 0x21, 0x86, 0xFF, 0x29, 0xA7, 0xFF, 0x32, 0x08, 0xFF,
    0x29, 0xA7, 0xFF, 0x21, 0x65, 0xFF, 0x29, 0xC7, 0xFF, 0x29, 0xC7, 0xFF, 0x32, 0x08, 0xFF, 0x29,
    0x86, 0xFF, 0x10, 0xE4, 0xFF, 0x00, 0x82, 0xFF, 0x19, 0x24, 0xFF, 0x5B, 0x2B, 0xFF, 0x84, 0x4F,
    0xFF, 0x8C, 0x70, 0xFF, 0x8C, 0x70, 0xFF, 0x84, 0x70, 0xFF, 0x63, 0x4C, 0xFF, 0x19, 0x24, 0xFF,
    0x10, 0xE3, 0xF0, 0x19, 0x24, 0x61, 0x11, 0x03, 0x00, 0x10, 0xE3, 0x00, 0x10, 0xE3, 0x00, 0x11,
    0x04, 0x00, 0x19, 0x44, 0x00, 0x19, 0x85, 0x00, 0x32, 0x28, 0x00, 0x42, 0xCA, 0x00, 0x3A, 0x89,
    0x00, 0x2A, 0x27, 0x00, 0x21, 0xA6, 0x00, 0x21, 0x85, 0x00, 0x10, 0xE3, 0x00, 0x08, 0x61, 0x00,
    0x08, 0x41, 0x00, 0x08, 0x81, 0x00, 0x08, 0xA2, 0x00, 0x08, 0xA2, 0x00, 0x10, 0xC3, 0x00, 0x00,
    0x41, 0x00, 0x00, 0x41, 0x00, 0x08, 0x61, 0x00, 0x08, 0x61, 0x00, 0x08, 0x82, 0x00, 0x08, 0x81,
    0x00, 0x08, 0x81, 0x00, 0x08, 0x61, 0x00, 0x08, 0x61, 0x00, 0x00, 0x41, 0x00, 0x00, 0x41, 0x00,
    0x08, 0x61, 0x00, 0x08, 0x81, 0x00, 0x08, 0xA2, 0x00, 0x10, 0xC3, 0x00, 0x19, 0x04, 0x00, 0x19,
    0x65, 0x00, 0x21, 0x85, 0x04, 0x21, 0x85, 0x99, 0x21, 0x85, 0xFF, 0x19, 0x45, 0xFF, 0x19, 0x44,
    0xFF, 0x19, 0x24, 0xFF, 0x19, 0x04, 0xFF, 0x19, 0x04, 0xFF, 0x19, 0x04, 0xFF, 0x19, 0x44, 0xFF,
    0x21, 0x65, 0xFF, 0x21, 0x86, 0xFF, 0x21, 0x86, 0xFF, 0x21, 0x86, 0xFF, 0x21, 0x65, 0xFF, 0x10,
    0xA3, 0xFF, 0x00, 0x00, 0xFF, 0x00, 0x00, 0xFF, 0x08, 0x61, 0xFF, 0x08, 0x61, 0xFF, 0x08, 0x82,
    0xFF, 0x10, 0xA3, 0xFF, 0x08, 0xA2, 0xFF, 0x10, 0xA3, 0xFF, 0x10, 0xC3, 0xFF, 0x08, 0x61, 0xFF,
    0x00, 0x41, 0xFF, 0x00, 0x00, 0xFF, 0x00, 0x00, 0xFF, 0x00, 0x20, 0xFF, 0x00, 0x41, 0xFF, 0x08,
    0x62, 0xFF, 0x10, 0xC3, 0xFF, 0x19, 0x24, 0xFF, 0x21, 0x45, 0xFF, 0x29, 0x65, 0xFF, 0x39, 0xE6,
    0xFF, 0x31, 0x85, 0xFF, 0x29, 0x65, 0xFF, 0x3A, 0x08, 0xFF, 0x21, 0x25, 0xFF, 0x10, 0xE4, 0xFF,
    0x21, 0x86, 0xFF, 0x29, 0xC7, 0xFF, 0x21, 0x65, 0xFF, 0x19, 0x24, 0xFF, 0x19, 0x25, 0xFF, 0x11,
    0x04, 0xFF, 0x08, 0xA2, 0xFF, 0x08, 0xA3, 0xFF, 0x11, 0x04, 0xFF, 0x11, 0x04, 0xFF, 0x10, 0xC3,
    0xFF, 0x08, 0xC3, 0xFF, 0x11, 0x04, 0xFF, 0x21, 0x65, 0xFF, 0x19, 0x45, 0xFF, 0x19, 0x04, 0x99,
    0x19, 0x04, 0x04, 0x19, 0x04, 0x00, 0x19, 0x24, 0x00, 0x29, 0xE7, 0x00, 0x3A, 0x89, 0x00, 0x53,
    0x4B, 0x00, 0x5B, 0xAD, 0x00, 0x4B, 0x2B, 0x00, 0x42, 0xCA, 0x00, 0x2A, 0x07, 0x00, 0x21, 0xA6,
    0x00, 0x19, 0x24, 0x00, 0x08, 0x81, 0x00, 0x00, 0x61, 0x00, 0x08, 0x61, 0x00, 0x10, 0xA2, 0x00,
    0x10, 0xE3, 0x00, 0x11, 0x03, 0x00, 0x00, 0x41, 0x00, 0x00, 0x41, 0x00, 0x08, 0x61, 0x00, 0x08,
    0x61, 0x00, 0x08, 0x81, 0x00, 0x08, 0x82, 0x00, 0x08, 0x81, 0x00, 0x08, 0x81, 0x00, 0x08, 0x61,
    0x00, 0x08, 0x61, 0x00, 0x08, 0x61, 0x00, 0x08, 0x61, 0x00, 0x08, 0x81, 0x00, 0x08, 0xA2, 0x00,
    0x10, 0xE3, 0x00, 0x19, 0x04, 0x00, 0x19, 0x45, 0x1D, 0x21, 0x85, 0xC7, 0x21, 0x85, 0xFF, 0x21,
    0x85, 0xFF, 0x21, 0x65, 0xFF, 0x19, 0x44, 0xFF, 0x19, 0x24, 0xFF, 0x19, 0x04, 0xFF, 0x10, 0xE3,
    0xFF, 0x19, 0x04, 0xFF, 0x19, 0x04, 0xFF, 0x19, 0x24, 0xFF, 0x21, 0x65, 0xFF, 0x21, 0xA6, 0xFF,
    0x21, 0x45, 0xFF, 0x08, 0x61, 0xFF, 0x00, 0x00, 0xFF, 0x00, 0x20, 0xFF, 0x08, 0x40, 0xFF, 0x08,
    0x61, 0xFF, 0x08, 0xA2, 0xFF, 0x10, 0xC3, 0xFF, 0x10, 0xA2, 0xFF, 0x08, 0x82, 0xFF, 0x08, 0x82,
    0xFF, 0x08, 0x82, 0xFF, 0x08, 0x82, 0xFF, 0x08, 0xA2, 0xFF, 0x10, 0xA2, 0xFF, 0x00, 0x40, 0xFF,
    0x08, 0x41, 0xFF, 0x10, 0xA2, 0xFF, 0x08, 0x82, 0xFF, 0x08, 0x62, 0xFF, 0x29, 0x86, 0xFF, 0x4A,
    0x49, 0xFF, 0x39, 0xA6, 0xFF, 0x52, 0x47, 0xFF, 0x62, 0x88, 0xFF, 0x41, 0xA5, 0xFF, 0x29, 0x44,
    0xFF, 0x21, 0x03, 0xFF, 0x10, 0x81, 0xFF, 0x18, 0xC3, 0xFF, 0x19, 0x04, 0xFF, 0x19, 0x04, 0xFF,
    0x19, 0x24, 0xFF, 0x19, 0x45, 0xFF, 0x19, 0x45, 0xFF, 0x19, 0x25, 0xFF, 0x19, 0x24, 0xFF, 0x19,
    0x45, 0xFF, 0x19, 0x44, 0xFF, 0x19, 0x45, 0xFF, 0x21, 0x65, 0xFF, 0x21, 0x86, 0xFF, 0x21, 0x86,
    0xFF, 0x21, 0x65, 0xFF, 0x19, 0x24, 0xFF, 0x19, 0x04, 0xC7, 0x19, 0x04, 0x1D, 0x21, 0xA6, 0x00,
    0x42, 0xEA, 0x00, 0x53, 0x6C, 0x00, 0x63, 0xCE, 0x00, 0x74, 0x50, 0x00, 0x64, 0x0E, 0x00, 0x5B,
    0x6C, 0x00, 0x3A, 0x89, 0x00, 0x21, 0xE6, 0x00, 0x19, 0x44, 0x00, 0x08, 0xA2, 0x00, 0x08, 0x81,
    0x00, 0x08, 0x82, 0x00, 0x10, 0xE3, 0x00, 0x11, 0x04, 0x00, 0x11, 0x03, 0x00, 0x00, 0x41, 0x00,
    0x00, 0x41, 0x00, 0x08, 0x61, 0x00, 0x08, 0x61, 0x00, 0x08, 0x61, 0x00, 0x08, 0x82, 0x00, 0x08,
    0x82, 0x00, 0x08, 0x81, 0x00, 0x08, 0x61, 0x00, 0x08, 0x61, 0x00, 0x08, 0x61, 0x00, 0x08, 0x61,
    0x00, 0x08, 0x81, 0x00, 0x08, 0xA2, 0x00, 0x10, 0xC3, 0x00, 0x10, 0xE3, 0x38, 0x19, 0x04, 0xE8,
    0x19, 0x45, 0xFF, 0x19, 0x45, 0xFF, 0x21, 0x45, 0xFF, 0x21, 0x65, 0xFF, 0x19, 0x44, 0xFF, 0x19,
    0x24, 0xFF, 0x19, 0x24, 0xFF, 0x21, 0x45, 0xFF, 0x19, 0x24, 0xFF, 0x19, 0x24, 0xFF, 0x21, 0x45,
    0xFF, 0x21, 0x66, 0xFF, 0x21, 0x45, 0xFF, 0x08, 0x61, 0xFF, 0x00, 0x20, 0xFF, 0x00, 0x41, 0xFF,
    0x08, 0x61, 0xFF, 0x08, 0x82, 0xFF, 0x08, 0x82, 0xFF, 0x08, 0x82, 0xFF, 0x08, 0x61, 0xFF, 0x08,
    0x61, 0xFF, 0x08, 0x61, 0xFF, 0x08, 0x62, 0xFF, 0x08, 0x82, 0xFF, 0x08, 0x82, 0xFF, 0x10, 0xA2,
    0xFF, 0x10, 0xC3, 0xFF, 0x10, 0xA2, 0xFF, 0x08, 0x61, 0xFF, 0x08, 0x82, 0xFF, 0x19, 0x04, 0xFF,
    0x21, 0x45, 0xFF, 0x31, 0x86, 0xFF, 0x39, 0xE7, 0xFF, 0x31, 0xA5, 0xFF, 0x41, 0xE6, 0xFF, 0x62,
    0x68, 0xFF, 0x62, 0x47, 0xFF, 0x39, 0x84, 0xFF, 0x39, 0xA5, 0xFF, 0x21, 0x03, 0xFF, 0x00, 0x00,
    0xFF, 0x10, 0xA2, 0xFF, 0x21, 0x04, 0xFF, 0x19, 0x04, 0xFF, 0x19, 0x45, 0xFF, 0x19, 0x25, 0xFF,
    0x19, 0x45, 0xFF, 0x19, 0x25, 0xFF, 0x19, 0x45, 0xFF, 0x21, 0x45, 0xFF, 0x21, 0x65, 0xFF, 0x21,
    0x86, 0xFF, 0x21, 0xA6, 0xFF, 0x21, 0x85, 0xFF, 0x19, 0x45, 0xFF, 0x19, 0x24, 0xFF, 0x19, 0x04,
    0xFF, 0x19, 0x44, 0xE8, 0x29, 0xE7, 0x38, 0x42, 0xEA, 0x00, 0x53, 0x6C, 0x00, 0x63, 0xCE, 0x00,
    0x7C, 0x91, 0x00, 0x84, 0xB1, 0x00, 0x74, 0x70, 0x00, 0x5B, 0x8D, 0x00, 0x32, 0x48, 0x00, 0x19,
    0x65, 0x00, 0x10, 0xE3, 0x00, 0x08, 0xA2, 0x00, 0x08, 0xA2, 0x00, 0x11, 0x03, 0x00, 0x11, 0x03,
    0x00, 0x10, 0xE3, 0x00, 0x00, 0x41, 0x00, 0x00, 0x41, 0x00, 0x08, 0x61, 0x00, 0x08, 0x61, 0x00,
    0x08, 0x61, 0x00, 0x08, 0x81, 0x00, 0x08, 0x82, 0x00, 0x08, 0x81, 0x00, 0x08, 0x81, 0x00, 0x08,
    0x81, 0x00, 0x08, 0x81, 0x00, 0x08, 0x81, 0x00, 0x08, 0x81, 0x00, 0x10, 0xA2, 0x00, 0x10, 0xC3,
    0x47, 0x10, 0xE3, 0xFC, 0x10, 0xE3, 0xFF, 0x19, 0x04, 0xFF, 0x19, 0x44, 0xFF, 0x19, 0x45, 0xFF,
    0x19, 0x44, 0xFF, 0x19, 0x44, 0xFF, 0x19, 0x45, 0xFF, 0x21, 0x45, 0xFF, 0x21, 0x45, 0xFF, 0x19,
    0x04, 0xFF, 0x19, 0x24, 0xFF, 0x21, 0x65, 0xFF, 0x21, 0x65, 0xFF, 0x08, 0xA2, 0xFF, 0x00, 0x21,
    0xFF, 0x08, 0x61, 0xFF, 0x08, 0x61, 0xFF, 0x08, 0x61, 0xFF, 0x08, 0x61, 0xFF, 0x00, 0x41, 0xFF,
    0x00, 0x20, 0xFF, 0x00, 0x20, 0xFF, 0x00, 0x20, 0xFF, 0x00, 0x00, 0xFF, 0x00, 0x00, 0xFF, 0x00,
    0x41, 0xFF, 0x08, 0x61, 0xFF, 0x08, 0x82, 0xFF, 0x10, 0xA3, 0xFF, 0x18, 0xE4, 0xFF, 0x10, 0xC3,
    0xFF, 0x08, 0x82, 0xFF, 0x18, 0xE4, 0xFF, 0x3A, 0x08, 0xFF, 0x42, 0x07, 0xFF, 0x31, 0x64, 0xFF,
    0x31, 0x85, 0xFF, 0x39, 0x65, 0xFF, 0x72, 0xC9, 0xFF, 0x93, 0xAC, 0xFF, 0x72, 0xC9, 0xFF, 0x62,
    0x48, 0xFF, 0x7B, 0x0A, 0xFF, 0x49, 0xE6, 0xFF, 0x10, 0x61, 0xFF, 0x08, 0x61, 0xFF, 0x19, 0x03,
    0xFF, 0x21, 0x44, 0xFF, 0x19, 0x45, 0xFF, 0x19, 0x45, 0xFF, 0x19, 0x25, 0xFF, 0x19, 0x24, 0xFF,
    0x19, 0x45, 0xFF, 0x21, 0x65, 0xFF, 0x21, 0x65, 0xFF, 0x21, 0x65, 0xFF, 0x21, 0x45, 0xFF, 0x19,
    0x44, 0xFF, 0x19, 0x04, 0xFF, 0x19, 0x04, 0xFF, 0x19, 0x45, 0xFF, 0x21, 0xC6, 0xFC, 0x3A, 0x68,
    0x47, 0x53, 0x6C, 0x00, 0x64, 0x0E, 0x00, 0x74, 0x70, 0x00, 0x84, 0xD2, 0x00, 0x8C, 0xF2, 0x00,
    0x6C, 0x2F, 0x00, 0x42, 0xA9, 0x00, 0x29, 0xE7, 0x00, 0x19, 0x65, 0x00, 0x10, 0xE3, 0x00, 0x08,
    0xA2, 0x00, 0x10, 0xE3, 0x00, 0x19, 0x04, 0x00, 0x11, 0x04, 0x00, 0x00, 0x41, 0x00, 0x08, 0x61,
    0x00, 0x08, 0x61, 0x00, 0x08, 0x61, 0x00, 0x08, 0x61, 0x00, 0x08, 0x81, 0x00, 0x08, 0x82, 0x00,
    0x08, 0x81, 0x00, 0x08, 0x82, 0x00, 0x08, 0x82, 0x00, 0x08, 0x82, 0x00, 0x00, 0x81, 0x00, 0x08,
    0x81, 0x00, 0x10, 0xA2, 0x4B, 0x10, 0xC3, 0xFF, 0x10, 0xE3, 0xFF, 0x10, 0xE3, 0xFF, 0x19, 0x04,
    0xFF, 0x19, 0x44, 0xFF, 0x19, 0x44, 0xFF, 0x19, 0x24, 0xFF, 0x19, 0x45, 0xFF, 0x19, 0x24, 0xFF,
    0x10, 0xE3, 0xFF, 0x10, 0xE3, 0xFF, 0x19, 0x04, 0xFF, 0x19, 0x24, 0xFF, 0x19, 0x24, 0xFF, 0x10,
    0xC2, 0xFF, 0x00, 0x41, 0xFF, 0x00, 0x40, 0xFF, 0x00, 0x20, 0xFF, 0x00, 0x00, 0xFF, 0x00, 0x20,
    0xFF, 0x00, 0x20, 0xFF, 0x00, 0x40, 0xFF, 0x08, 0x61, 0xFF, 0x08, 0x62, 0xFF, 0x08, 0x62, 0xFF,
    0x08, 0x82, 0xFF, 0x08, 0x61, 0xFF, 0x08, 0x61, 0xFF, 0x08, 0x61, 0xFF, 0x08, 0x62, 0xFF, 0x08,
    0xA2, 0xFF, 0x10, 0xA3, 0xFF, 0x10, 0xA3, 0xFF, 0x19, 0x04, 0xFF, 0x31, 0x86, 0xFF, 0x39, 0xC7,
    0xFF, 0x31, 0x85, 0xFF, 0x31, 0x85, 0xFF, 0x39, 0xE6, 0xFF, 0x41, 0xA6, 0xFF, 0x72, 0xA9, 0xFF,
    0xB4, 0x8E, 0xFF, 0xC5, 0x11, 0xFF, 0xB4, 0x8F, 0xFF, 0xAC, 0x6F, 0xFF, 0xBC, 0xAF, 0xFF, 0x93,
    0xCC, 0xFF, 0x52, 0x47, 0xFF, 0x10, 0x81, 0xFF, 0x18, 0xE3, 0xFF, 0x19, 0x44, 0xFF, 0x19, 0x25,
    0xFF, 0x19, 0x24, 0xFF, 0x19, 0x24, 0xFF, 0x19, 0x24, 0xFF, 0x19, 0x24, 0xFF, 0x19, 0x24, 0xFF,
    0x19, 0x04, 0xFF, 0x19, 0x04, 0xFF, 0x19, 0x04, 0xFF, 0x19, 0x04, 0xFF, 0x10, 0xE3, 0xFF, 0x19,
    0x24, 0xFF, 0x19, 0x85, 0xFF, 0x32, 0x27, 0xFF, 0x5B, 0x6C, 0x4B, 0x74, 0x50, 0x00, 0x7C, 0x91,
    0x00, 0x8C, 0xF3, 0x00, 0x8D, 0x13, 0x00, 0x7C, 0x70, 0x00, 0x5B, 0x8C, 0x00, 0x42, 0xEA, 0x00,
    0x32, 0x48, 0x00, 0x19, 0x65, 0x00, 0x08, 0xC3, 0x00, 0x10, 0xC3, 0x00, 0x19, 0x04, 0x00, 0x19,
    0x04, 0x00, 0x08, 0x61, 0x00, 0x08, 0x61, 0x00, 0x08, 0x81, 0x00, 0x08, 0x81, 0x00, 0x08, 0x81,
    0x00, 0x08, 0x81, 0x00, 0x08, 0x61, 0x00, 0x08, 0x81, 0x00, 0x08, 0xA2, 0x00, 0x08, 0xA2, 0x00,
    0x08, 0xA2, 0x00, 0x08, 0xA2, 0x00, 0x08, 0x81, 0x43, 0x08, 0xA2, 0xFF, 0x10, 0xC3, 0xFF, 0x10,
    0xE3, 0xFF, 0x19, 0x04, 0xFF, 0x19, 0x24, 0xFF, 0x19, 0x04, 0xFF, 0x19, 0x04, 0xFF, 0x19, 0x24,
    0xFF, 0x18, 0xE3, 0xFF, 0x10, 0xE3, 0xFF, 0x11, 0x03, 0xFF, 0x19, 0x04, 0xFF, 0x21, 0x45, 0xFF,
    0x19, 0x04, 0xFF, 0x08, 0x61, 0xFF, 0x00, 0x20, 0xFF, 0x00, 0x20, 0xFF, 0x00, 0x00, 0xFF, 0x00,
    0x00, 0xFF, 0x00, 0x00, 0xFF, 0x00, 0x40, 0xFF, 0x00, 0x41, 0xFF, 0x08, 0x41, 0xFF, 0x08, 0x61,
    0xFF, 0x08, 0x82, 0xFF, 0x08, 0x62, 0xFF, 0x08, 0x82, 0xFF, 0x10, 0xC3, 0xFF, 0x10, 0xC3, 0xFF,
    0x10, 0xC3, 0xFF, 0x10, 0xC3, 0xFF, 0x10, 0xA2, 0xFF, 0x10, 0xA2, 0xFF, 0x18, 0xE3, 0xFF, 0x19,
    0x03, 0xFF, 0x29, 0x65, 0xFF, 0x39, 0xC6, 0xFF, 0x18, 0xC3, 0xFF, 0x29, 0x24, 0xFF, 0x39, 0xA6,
    0xFF, 0x83, 0x8C, 0xFF, 0x8B, 0x8C, 0xFF, 0x9B, 0xEC, 0xFF, 0xD5, 0x72, 0xFF, 0xE6, 0x35, 0xFF,
    0xEE, 0x97, 0xFF, 0xEE, 0x97, 0xFF, 0xE6, 0x35, 0xFF, 0xEE, 0x35, 0xFF, 0x83, 0x8C, 0xFF, 0x00,
    0x40, 0xFF, 0x19, 0x04, 0xFF, 0x21, 0x24, 0xFF, 0x19, 0x24, 0xFF, 0x19, 0x04, 0xFF, 0x19, 0x04,
    0xFF, 0x19, 0x04, 0xFF, 0x11, 0x03, 0xFF, 0x11, 0x04, 0xFF, 0x11, 0x03, 0xFF, 0x11, 0x03, 0xFF,
    0x10, 0xE3, 0xFF, 0x10, 0xE3, 0xFF, 0x19, 0x04, 0xFF, 0x19, 0x44, 0xFF, 0x2A, 0x27, 0xFF, 0x53,
    0x4C, 0xFF, 0x6C, 0x0F, 0x43, 0x7C, 0x91, 0x00, 0x8C, 0xF3, 0x00, 0x95, 0x34, 0x00, 0x8C, 0xD2,
    0x00, 0x64, 0x0E, 0x00, 0x53, 0x4B, 0x00, 0x42, 0xA9, 0x00, 0x21, 0xC6, 0x00, 0x11, 0x24, 0x00,
    0x08, 0xA2, 0x00, 0x10, 0xC3, 0x00, 0x10, 0xE3, 0x00, 0x08, 0x61, 0x00, 0x08, 0x61, 0x00, 0x08,
    0x82, 0x00, 0x08, 0xA2, 0x00, 0x08, 0xA2, 0x00, 0x08, 0x82, 0x00, 0x08, 0x61, 0x00, 0x08, 0x81,
    0x00, 0x08, 0x82, 0x00, 0x08, 0xA2, 0x00, 0x08, 0xA2, 0x00, 0x08, 0x82, 0x35, 0x08, 0x81, 0xFD,
    0x10, 0xA2, 0xFF, 0x10, 0xC3, 0xFF, 0x10, 0xE3, 0xFF, 0x11, 0x04, 0xFF, 0x19, 0x24, 0xFF, 0x19,
    0x04, 0xFF, 0x11, 0x03, 0xFF, 0x10, 0xC3, 0xFF, 0x10, 0xC3, 0xFF, 0x10, 0xE3, 0xFF, 0x10, 0xE3,
    0xFF, 0x19, 0x24, 0xFF, 0x21, 0x86, 0xFF, 0x10, 0xC3, 0xFF, 0x00, 0x00, 0xFF, 0x00, 0x20, 0xFF,
    0x00, 0x20, 0xFF, 0x00, 0x20, 0xFF, 0x00, 0x20, 0xFF, 0x00, 0x41, 0xFF, 0x08, 0x41, 0xFF, 0x08,
    0x61, 0xFF, 0x08, 0x62, 0xFF, 0x08, 0x61, 0xFF, 0x08, 0x62, 0xFF, 0x08, 0x82, 0xFF, 0x08, 0x82,
    0xFF, 0x08, 0x62, 0xFF, 0x08, 0x82, 0xFF, 0x08, 0x82, 0xFF, 0x10, 0xC3, 0xFF, 0x18, 0xE3, 0xFF,
    0x10, 0xC3, 0xFF, 0x18, 0xE3, 0xFF, 0x31, 0x86, 0xFF, 0x31, 0x86, 0xFF, 0x21, 0x04, 0xFF, 0x29,
    0x24, 0xFF, 0x29, 0x24, 0xFF, 0x08, 0x40, 0xFF, 0x5A, 0x88, 0xFF, 0xD5, 0xB4, 0xFF, 0xD5, 0xD4,
    0xFF, 0xE6, 0x97, 0xFF, 0xD5, 0xF5, 0xFF, 0xCD, 0xB4, 0xFF, 0xA4, 0x90, 0xFF, 0x7B, 0x0A, 0xFF,
    0xB4, 0xB0, 0xFF, 0xFF, 0x3A, 0xFF, 0x5A, 0xA9, 0xFF, 0x00, 0x40, 0xFF, 0x21, 0x24, 0xFF, 0x19,
    0x04, 0xFF, 0x18, 0xE3, 0xFF, 0x18, 0xE3, 0xFF, 0x10, 0xE3, 0xFF, 0x10, 0xC3, 0xFF, 0x10, 0xE3,
    0xFF, 0x10, 0xE3, 0xFF, 0x10, 0xC3, 0xFF, 0x08, 0xA2, 0xFF, 0x10, 0xC3, 0xFF, 0x10, 0xE3, 0xFF,
    0x19, 0x24, 0xFF, 0x21, 0xA6, 0xFF, 0x3A, 0x89, 0xFF, 0x53, 0x4C, 0xFD, 0x63, 0xEE, 0x34, 0x84,
    0xB1, 0x00, 0x95, 0x33, 0x00, 0x84, 0xD2, 0x00, 0x63, 0xEE, 0x00, 0x53, 0x6C, 0x00, 0x42, 0xA9,
    0x00, 0x29, 0xC6, 0x00, 0x19, 0x24, 0x00, 0x08, 0x61, 0x00, 0x08, 0x81, 0x00, 0x08, 0xA2, 0x00,
    0x08, 0x61, 0x00, 0x08, 0x61, 0x00, 0x08, 0x81, 0x00, 0x08, 0xA2, 0x00, 0x08, 0xA2, 0x00, 0x08,
    0x82, 0x00, 0x08, 0x82, 0x00, 0x08, 0x81, 0x00, 0x08, 0x81, 0x00, 0x08, 0xA2, 0x00, 0x08, 0xA2,
    0x1A, 0x08, 0x82, 0xED, 0x08, 0x82, 0xFF, 0x08, 0xA2, 0xFF, 0x10, 0xC3, 0xFF, 0x11, 0x04, 0xFF,
    0x11, 0x03, 0xFF, 0x10, 0xE3, 0xFF, 0x10, 0xC2, 0xFF, 0x08, 0xA2, 0xFF, 0x10, 0xA2, 0xFF, 0x10,
    0xC3, 0xFF, 0x10, 0xE3, 0xFF, 0x21, 0x65, 0xFF, 0x29, 0xA6, 0xFF, 0x19, 0x24, 0xFF, 0x00, 0x21,
    0xFF, 0x00, 0x20, 0xFF, 0x08, 0x41, 0xFF, 0x08, 0x61, 0xFF, 0x08, 0x61, 0xFF, 0x08, 0x61, 0xFF,
    0x08, 0x61, 0xFF, 0x08, 0x61, 0xFF, 0x08, 0x82, 0xFF, 0x08, 0x62, 0xFF, 0x08, 0x61, 0xFF, 0x08,
    0x61, 0xFF, 0x10, 0xA3, 0xFF, 0x10, 0xC3, 0xFF, 0x10, 0x82, 0xFF, 0x08, 0x62, 0xFF, 0x08, 0x62,
    0xFF, 0x08, 0x82, 0xFF, 0x10, 0xE3, 0xFF, 0x21, 0x45, 0xFF, 0x21, 0x24, 0xFF, 0x31, 0xA6, 0xFF,
    0x4A, 0x69, 0xFF, 0x29, 0x65, 0xFF, 0x20, 0xE3, 0xFF, 0x52, 0x27, 0xFF, 0x49, 0xE6, 0xFF, 0x10,
    0x20, 0xFF, 0x7B, 0x0A, 0xFF, 0xDE, 0x15, 0xFF, 0xE6, 0x77, 0xFF, 0xB4, 0xD0, 0xFF, 0x6A, 0x87,
    0xFF, 0x41, 0x64, 0xFF, 0x39, 0x22, 0xFF, 0x83, 0x09, 0xFF, 0xFE, 0xF8, 0xFF, 0xDE, 0x36, 0xFF,
    0x10, 0x60, 0xFF, 0x08, 0x81, 0xFF, 0x19, 0x23, 0xFF, 0x18, 0xE3, 0xFF, 0x10, 0xC3, 0xFF, 0x10,
    0xC2, 0xFF, 0x10, 0xA2, 0xFF, 0x10, 0xA2, 0xFF, 0x10, 0xA3, 0xFF, 0x10, 0xA2, 0xFF, 0x10, 0xA2,
    0xFF, 0x10, 0xA2, 0xFF, 0x10, 0xE3, 0xFF, 0x19, 0x04, 0xFF, 0x21, 0x85, 0xFF, 0x29, 0xE7, 0xFF,
    0x3A, 0x89, 0xFF, 0x4B, 0x0B, 0xEC, 0x64, 0x0E, 0x1A, 0x7C, 0x91, 0x00, 0x7C, 0x91, 0x00, 0x74,
    0x70, 0x00, 0x63, 0xCE, 0x00, 0x42, 0xCA, 0x00, 0x29, 0xC7, 0x00, 0x11, 0x04, 0x00, 0x08, 0x61,
    0x00, 0x08, 0x61, 0x00, 0x08, 0x82, 0x00, 0x08, 0x61, 0x00, 0x08, 0x61, 0x00, 0x08, 0x61, 0x00,
    0x08, 0x81, 0x00, 0x08, 0x82, 0x00, 0x08, 0x82, 0x00, 0x08, 0x81, 0x00, 0x08, 0x81, 0x00, 0x08,
    0x81, 0x00, 0x08, 0x82, 0x01, 0x08, 0xA2, 0xCE, 0x08, 0x82, 0xFF, 0x08, 0xA2, 0xFF, 0x08, 0xA2,
    0xFF, 0x10, 0xC3, 0xFF, 0x10, 0xE3, 0xFF, 0x10, 0xE3, 0xFF, 0x08, 0xA2, 0xFF, 0x08, 0x81, 0xFF,
    0x08, 0x61, 0xFF, 0x08, 0x82, 0xFF, 0x10, 0xC3, 0xFF, 0x19, 0x45, 0xFF, 0x21, 0x85, 0xFF, 0x21,
    0x65, 0xFF, 0x10, 0xA2, 0xFF, 0x00, 0x20, 0xFF, 0x08, 0x61, 0xFF, 0x08, 0x61, 0xFF, 0x08, 0x41,
    0xFF, 0x08, 0x61, 0xFF, 0x08, 0x41, 0xFF, 0x08, 0x61, 0xFF, 0x08, 0x41, 0xFF, 0x00, 0x20, 0xFF,
    0x00, 0x40, 0xFF, 0x08, 0x41, 0xFF, 0x00, 0x21, 0xFF, 0x08, 0x61, 0xFF, 0x10, 0xA3, 0xFF, 0x18,
    0xE3, 0xFF, 0x18, 0xE3, 0xFF, 0x10, 0xC3, 0xFF, 0x10, 0xE3, 0xFF, 0x10, 0xA2, 0xFF, 0x18, 0xE3,
    0xFF, 0x39, 0xE7, 0xFF, 0x29, 0x86, 0xFF, 0x31, 0xC7, 0xFF, 0x3A, 0x07, 0xFF, 0x31, 0x65, 0xFF,
    0x41, 0x84, 0xFF, 0x9C, 0x2E, 0xFF, 0x72, 0xEA, 0xFF, 0x41, 0x84, 0xFF, 0x7B, 0x2A, 0xFF, 0xAC,
    0xF2, 0xFF, 0x8B, 0xCD, 0xFF, 0x9C, 0x2E, 0xFF, 0xD5, 0xB4, 0xFF, 0xBD, 0x11, 0xFF, 0xAC, 0x6E,
    0xFF, 0xCD, 0x52, 0xFF, 0xFF, 0x7B, 0xFF, 0x9C, 0x90, 0xFF, 0x00, 0x40, 0xFF, 0x00, 0x00, 0xFF,
    0x00, 0x00, 0xFF, 0x00, 0x20, 0xFF, 0x08, 0x81, 0xFF, 0x10, 0xA2, 0xFF, 0x10, 0xA2, 0xFF, 0x08,
    0xA2, 0xFF, 0x10, 0xA2, 0xFF, 0x10, 0xA2, 0xFF, 0x10, 0xA2, 0xFF, 0x10, 0xC3, 0xFF, 0x10, 0xE3,
    0xFF, 0x19, 0x44, 0xFF, 0x21, 0xC6, 0xFF, 0x32, 0x48, 0xFF, 0x42, 0xCA, 0xFF, 0x4B, 0x2B, 0xCE,
    0x53, 0x6C, 0x01, 0x6B, 0xEF, 0x00, 0x6C, 0x2F, 0x00, 0x53, 0x8C, 0x00, 0x42, 0xCA, 0x00, 0x29,
    0xE7, 0x00, 0x11, 0x04, 0x00, 0x08, 0x61, 0x00, 0x08, 0x41, 0x00, 0x08, 0xA2, 0x00, 0x08, 0x82,
    0x00, 0x08, 0x61, 0x00, 0x08, 0x61, 0x00, 0x08, 0x61, 0x00, 0x08, 0x61, 0x00, 0x08, 0x61, 0x00,
    0x08, 0x61, 0x00, 0x08, 0x81, 0x00, 0x08, 0x61, 0x00, 0x08, 0x82, 0x9E, 0x08, 0xA2, 0xFF, 0x08,
    0xA2, 0xFF, 0x08, 0xA2, 0xFF, 0x08, 0xA2, 0xFF, 0x10, 0xC3, 0xFF, 0x11, 0x04, 0xFF, 0x19, 0x04,
    0xFF, 0x11, 0x03, 0xFF, 0x08, 0xA2, 0xFF, 0x08, 0x61, 0xFF, 0x08, 0xA2, 0xFF, 0x11, 0x04, 0xFF,
    0x19, 0x24, 0xFF, 0x19, 0x45, 0xFF, 0x19, 0x04, 0xFF, 0x08, 0x82, 0xFF, 0x08, 0x61, 0xFF, 0x08,
    0x61, 0xFF, 0x00, 0x20, 0xFF, 0x00, 0x41, 0xFF, 0x08, 0x41, 0xFF, 0x08, 0x61, 0xFF, 0x08, 0x41,
    0xFF, 0x08, 0x62, 0xFF, 0x08, 0x61, 0xFF, 0x08, 0x82, 0xFF, 0x10, 0xA3, 0xFF, 0x10, 0xC3, 0xFF,
    0x10, 0xA3, 0xFF, 0x10, 0xC3, 0xFF, 0x19, 0x04, 0xFF, 0x18, 0xC3, 0xFF, 0x19, 0x04, 0xFF, 0x19,
    0x24, 0xFF, 0x21, 0x25, 0xFF, 0x21, 0x65, 0xFF, 0x31, 0xE7, 0xFF, 0x21, 0x25, 0xFF, 0x19, 0x03,
    0xFF, 0x29, 0x45, 0xFF, 0x5A, 0xAA, 0xFF, 0x7B, 0x4C, 0xFF, 0x7A, 0xEA, 0xFF, 0x8B, 0xAB, 0xFF,
    0x7B, 0x09, 0xFF, 0x6A, 0xA8, 0xFF, 0x83, 0xAC, 0xFF, 0xC5, 0xB4, 0xFF, 0xEE, 0xD9, 0xFF, 0xEE,
    0xB8, 0xFF, 0xEE, 0x97, 0xFF, 0xE6, 0x15, 0xFF, 0xDD, 0xB3, 0xFF, 0xEE, 0xB8, 0xFF, 0xFF, 0x7C,
    0xFF, 0xC5, 0x94, 0xFF, 0x83, 0x8C, 0xFF, 0x62, 0xA9, 0xFF, 0x39, 0xC6, 0xFF, 0x18, 0xC2, 0xFF,
    0x00, 0x00, 0xFF, 0x00, 0x00, 0xFF, 0x00, 0x00, 0xFF, 0x00, 0x40, 0xFF, 0x10, 0xC2, 0xFF, 0x10,
    0xA2, 0xFF, 0x08, 0xA2, 0xFF, 0x10, 0xC2, 0xFF, 0x10, 0xE3, 0xFF, 0x19, 0x45, 0xFF, 0x29, 0xC6,
    0xFF, 0x32, 0x68, 0xFF, 0x3A, 0xA9, 0xFF, 0x42, 0xEA, 0x9E, 0x4A, 0xEA, 0x00, 0x42, 0xA9, 0x00,
    0x32, 0x68, 0x00, 0x2A, 0x27, 0x00, 0x21, 0xA6, 0x00, 0x19, 0x24, 0x00, 0x08, 0xA2, 0x00, 0x08,
    0x61, 0x00, 0x10, 0xC2, 0x00, 0x08, 0xA2, 0x00, 0x08, 0x61, 0x00, 0x00, 0x41, 0x00, 0x00, 0x41,
    0x00, 0x08, 0x61, 0x00, 0x08, 0x61, 0x00, 0x08, 0x61, 0x00, 0x08, 0x81, 0x00, 0x08, 0x61, 0x59,
    0x08, 0x82, 0xFF, 0x08, 0xA2, 0xFF, 0x08, 0x82, 0xFF, 0x08, 0x82, 0xFF, 0x08, 0xA2, 0xFF, 0x10,
    0xC3, 0xFF, 0x19, 0x04, 0xFF, 0x19, 0x45, 0xFF, 0x19, 0x45, 0xFF, 0x11, 0x03, 0xFF, 0x10, 0xC2,
    0xFF, 0x10, 0xE3, 0xFF, 0x10, 0xE3, 0xFF, 0x19, 0x45, 0xFF, 0x21, 0x45, 0xFF, 0x08, 0x82, 0xFF,
    0x00, 0x20, 0xFF, 0x00, 0x40, 0xFF, 0x00, 0x20, 0xFF, 0x00, 0x00, 0xFF, 0x00, 0x20, 0xFF, 0x00,
    0x20, 0xFF, 0x00, 0x40, 0xFF, 0x00, 0x41, 0xFF, 0x00, 0x20, 0xFF, 0x08, 0x41, 0xFF, 0x08, 0x62,
    0xFF, 0x08, 0x82, 0xFF, 0x18, 0xE3, 0xFF, 0x19, 0x04, 0xFF, 0x21, 0x45, 0xFF, 0x19, 0x04, 0xFF,
    0x19, 0x04, 0xFF, 0x21, 0x65, 0xFF, 0x11, 0x04, 0xFF, 0x19, 0x24, 0xFF, 0x32, 0x08, 0xFF, 0x32,
    0x08, 0xFF, 0x21, 0x45, 0xFF, 0x08, 0x61, 0xFF, 0x18, 0xC2, 0xFF, 0x62, 0xC9, 0xFF, 0xDE, 0x15,
    0xFF, 0xC5, 0x73, 0xFF, 0xAC, 0x6F, 0xFF, 0xAC, 0x8F, 0xFF, 0xA4, 0x4F, 0xFF, 0xB5, 0x11, 0xFF,
    0xE6, 0x98, 0xFF, 0xE6, 0x77, 0xFF, 0xEE, 0x97, 0xFF, 0xF6, 0xD9, 0xFF, 0xBC, 0xF1, 0xFF, 0x93,
    0xEC, 0xFF, 0xD5, 0xF5, 0xFF, 0xEE, 0x97, 0xFF, 0xFF, 0x19, 0xFF, 0xFF, 0x39, 0xFF, 0xFE, 0xF9,
    0xFF, 0xEE, 0x98, 0xFF, 0xCD, 0xB5, 0xFF, 0x9C, 0x90, 0xFF, 0x8B, 0xEE, 0xFF, 0x6B, 0x2B, 0xFF,
    0x20, 0xE3, 0xFF, 0x00, 0x00, 0xFF, 0x10, 0xC2, 0xFF, 0x10, 0xC2, 0xFF, 0x10, 0xC2, 0xFF, 0x10,
    0xC3, 0xFF, 0x19, 0x24, 0xFF, 0x21, 0x85, 0xFF, 0x21, 0xC6, 0xFF, 0x2A, 0x07, 0xFF, 0x3A, 0xA9,
    0xFF, 0x42, 0xCA, 0x59, 0x3A, 0x68, 0x00, 0x29, 0xE6, 0x00, 0x21, 0xC6, 0x00, 0x21, 0xA6, 0x00,
    0x19, 0x24, 0x00, 0x10, 0xA2, 0x00, 0x00, 0x61, 0x00, 0x10, 0xC2, 0x00, 0x08, 0x82, 0x00, 0x08,
    0x61, 0x00, 0x08, 0x61, 0x00, 0x08, 0x61, 0x00, 0x08, 0x61, 0x00, 0x08, 0x61, 0x00, 0x08, 0x61,
    0x00, 0x08, 0x81, 0x16, 0x08, 0x82, 0xFA, 0x08, 0x82, 0xFF, 0x08, 0x82, 0xFF, 0x08, 0x82, 0xFF,
    0x08, 0x82, 0xFF, 0x08, 0x82, 0xFF, 0x10, 0xC3, 0xFF, 0x19, 0x04, 0xFF, 0x19, 0x65, 0xFF, 0x19,
    0x65, 0xFF, 0x19, 0x44, 0xFF, 0x19, 0x04, 0xFF, 0x19, 0x03, 0xFF, 0x19, 0x24, 0xFF, 0x21, 0x85,
    0xFF, 0x10, 0xE3, 0xFF, 0x00, 0x41, 0xFF, 0x00, 0x41, 0xFF, 0x00, 0x21, 0xFF, 0x00, 0x20, 0xFF,
    0x00, 0x20, 0xFF, 0x00, 0x20, 0xFF, 0x00, 0x20, 0xFF, 0x00, 0x41, 0xFF, 0x08, 0x41, 0xFF, 0x08,
    0x41, 0xFF, 0x08, 0x82, 0xFF, 0x10, 0xA2, 0xFF, 0x10, 0xA3, 0xFF, 0x10, 0xA2, 0xFF, 0x19, 0x04,
    0xFF, 0x29, 0xA6, 0xFF, 0x21, 0x65, 0xFF, 0x19, 0x25, 0xFF, 0x29, 0x86, 0xFF, 0x29, 0xC7, 0xFF,
    0x10, 0xE3, 0xFF, 0x19, 0x04, 0xFF, 0x19, 0x25, 0xFF, 0x19, 0x04, 0xFF, 0x10, 0xA2, 0xFF, 0x18,
    0xC2, 0xFF, 0x49, 0xC6, 0xFF, 0xBC, 0xF1, 0xFF, 0xEE, 0xB7, 0xFF, 0xDD, 0xF5, 0xFF, 0xD5, 0xB4,
    0xFF, 0xC5, 0x73, 0xFF, 0xD5, 0xF5, 0xFF, 0xDE, 0x15, 0xFF, 0xDD, 0xF5, 0xFF, 0xC5, 0x52, 0xFF,
    0x93, 0xCD, 0xFF, 0x72, 0xC8, 0xFF, 0x72, 0xA8, 0xFF, 0xC5, 0x31, 0xFF, 0xE6, 0x55, 0xFF, 0xDD,
    0xF5, 0xFF, 0xDE, 0x36, 0xFF, 0xE6, 0x77, 0xFF, 0xE6, 0x77, 0xFF, 0xEE, 0x97, 0xFF, 0xF6, 0xD8,
    0xFF, 0xFF, 0x19, 0xFF, 0xFF, 0x9B, 0xFF, 0xE6, 0x77, 0xFF, 0x39, 0xA5, 0xFF, 0x00, 0x20, 0xFF,
    0x10, 0xE3, 0xFF, 0x10, 0xE3, 0xFF, 0x11, 0x03, 0xFF, 0x19, 0x44, 0xFF, 0x21, 0x85, 0xFF, 0x21,
    0xC6, 0xFF, 0x29, 0xE7, 0xFF, 0x32, 0x27, 0xFF, 0x42, 0xA9, 0xFA, 0x42, 0xAA, 0x15, 0x2A, 0x27,
    0x00, 0x29, 0xE7, 0x00, 0x21, 0xA6, 0x00, 0x19, 0x44, 0x00, 0x08, 0xC2, 0x00, 0x08, 0x61, 0x00,
    0x10, 0xC2, 0x00, 0x08, 0x82, 0x00, 0x08, 0x82, 0x00, 0x08, 0x82, 0x00, 0x08, 0x61, 0x00, 0x00,
    0x41, 0x00, 0x08, 0x61, 0x00, 0x08, 0x61, 0x00, 0x08, 0x81, 0xBB, 0x08, 0xA2, 0xFF, 0x08, 0x82,
    0xFF, 0x08, 0x82, 0xFF, 0x08, 0xA2, 0xFF, 0x08, 0xA2, 0xFF, 0x08, 0xA2, 0xFF, 0x10, 0xC3, 0xFF,
    0x19, 0x04, 0xFF, 0x21, 0x65, 0xFF, 0x21, 0x85, 0xFF, 0x21, 0x85, 0xFF, 0x19, 0x24, 0xFF, 0x10,
    0xE3, 0xFF, 0x21, 0x65, 0xFF, 0x19, 0x45, 0xFF, 0x08, 0xA2, 0xFF, 0x08, 0x61, 0xFF, 0x00, 0x41,
    0xFF, 0x00, 0x40, 0xFF, 0x00, 0x20, 0xFF, 0x00, 0x20, 0xFF, 0x08, 0x41, 0xFF, 0x08, 0x41, 0xFF,
    0x08, 0x61, 0xFF, 0x08, 0x41, 0xFF, 0x10, 0xA3, 0xFF, 0x10, 0xC3, 0xFF, 0x10, 0xE3, 0xFF, 0x10,
    0xC3, 0xFF, 0x18, 0xE3, 0xFF, 0x19, 0x24, 0xFF, 0x31, 0xE7, 0xFF, 0x29, 0xC7, 0xFF, 0x19, 0x45,
    0xFF, 0x21, 0x45, 0xFF, 0x31, 0xE7, 0xFF, 0x21, 0x65, 0xFF, 0x00, 0x41, 0xFF, 0x08, 0x41, 0xFF,
    0x10, 0xA2, 0xFF, 0x10, 0xA2, 0xFF, 0x18, 0xA2, 0xFF, 0x49, 0xC5, 0xFF, 0xA4, 0x2E, 0xFF, 0xDE,
    0x15, 0xFF, 0xCD, 0xB4, 0xFF, 0xCD, 0x73, 0xFF, 0xCD, 0xB3, 0xFF, 0xD5, 0xD4, 0xFF, 0xCD, 0x73,
    0xFF, 0xC4, 0xF0, 0xFF, 0x9B, 0xCC, 0xFF, 0x9B, 0xED, 0xFF, 0xBC, 0xF0, 0xFF, 0xD5, 0xB3, 0xFF,
    0xDD, 0xF4, 0xFF, 0xD5, 0xD4, 0xFF, 0xDD, 0xD4, 0xFF, 0xDE, 0x57, 0xFF, 0xE6, 0xD9, 0xFF, 0xDE,
    0x77, 0xFF, 0xCD, 0x72, 0xFF, 0xCD, 0x52, 0xFF, 0xD5, 0xD5, 0xFF, 0xEF, 0x1A, 0xFF, 0xFF, 0x7B,
    0xFF, 0xC5, 0x52, 0xFF, 0x10, 0x81, 0xFF, 0x08, 0xA2, 0xFF, 0x10, 0xE3, 0xFF, 0x11, 0x03, 0xFF,
    0x19, 0x65, 0xFF, 0x21, 0xA6, 0xFF, 0x21, 0xC6, 0xFF, 0x21, 0xC6, 0xFF, 0x21, 0xC6, 0xFF, 0x32,
    0x27, 0xFF, 0x32, 0x68, 0xBA, 0x32, 0x28, 0x00, 0x29, 0xE7, 0x00, 0x21, 0x86, 0x00, 0x19, 0x24,
    0x00, 0x08, 0xC2, 0x00, 0x08, 0xA2, 0x00, 0x10, 0xA2, 0x00, 0x10, 0xA2, 0x00, 0x10, 0xA2, 0x00,
    0x10, 0xA2, 0x00, 0x08, 0x81, 0x00, 0x08, 0x61, 0x00, 0x08, 0x61, 0x00, 0x08, 0x61, 0x51, 0x08,
    0x81, 0xFF, 0x08, 0xA2, 0xFF, 0x08, 0xA2, 0xFF, 0x08, 0xA2, 0xFF, 0x08, 0xA2, 0xFF, 0x08, 0xA2,
    0xFF, 0x10, 0xC2, 0xFF, 0x10, 0xE3, 0xFF, 0x19, 0x04, 0xFF, 0x19, 0x65, 0xFF, 0x21, 0x85, 0xFF,
    0x21, 0x65, 0xFF, 0x19, 0x44, 0xFF, 0x19, 0x24, 0xFF, 0x21, 0x65, 0xFF, 0x10, 0xE3, 0xFF, 0x00,
    0x41, 0xFF, 0x08, 0x82, 0xFF, 0x08, 0x41, 0xFF, 0x00, 0x20, 0xFF, 0x00, 0x00, 0xFF, 0x00, 0x00,
    0xFF, 0x00, 0x20, 0xFF, 0x00, 0x20, 0xFF, 0x00, 0x40, 0xFF, 0x08, 0x62, 0xFF, 0x10, 0xA3, 0xFF,
    0x19, 0x04, 0xFF, 0x10, 0xE3, 0xFF, 0x19, 0x04, 0xFF, 0x21, 0x04, 0xFF, 0x18, 0xE4, 0xFF, 0x21,
    0x86, 0xFF, 0x3A, 0x28, 0xFF, 0x21, 0x86, 0xFF, 0x19, 0x25, 0xFF, 0x19, 0x04, 0xFF, 0x19, 0x24,
    0xFF, 0x10, 0xA2, 0xFF, 0x08, 0x61, 0xFF, 0x10, 0x82, 0xFF, 0x08, 0x82, 0xFF, 0x21, 0x03, 0xFF,
    0x52, 0x06, 0xFF, 0xAC, 0x8F, 0xFF, 0xDD, 0xF5, 0xFF, 0xD5, 0xB4, 0xFF, 0xCD, 0x94, 0xFF, 0xD5,
    0xD4, 0xFF, 0xDE, 0x15, 0xFF, 0xDE, 0x15, 0xFF, 0xCD, 0xD4, 0xFF, 0xE6, 0x77, 0xFF, 0xF6, 0xD9,
    0xFF, 0xDE, 0x15, 0xFF, 0xDE, 0x15, 0xFF, 0xDE, 0x15, 0xFF, 0xDE, 0x15, 0xFF, 0xDE, 0x15, 0xFF,
    0xE6, 0x77, 0xFF, 0xEF, 0x1A, 0xFF, 0xDE, 0x57, 0xFF, 0xCD, 0x73, 0xFF, 0xCD, 0x73, 0xFF, 0xE6,
    0x98, 0xFF, 0xF7, 0x5B, 0xFF, 0xE6, 0x34, 0xFF, 0xCD, 0x92, 0xFF, 0x21, 0x24, 0xFF, 0x08, 0x82,
    0xFF, 0x10, 0xE3, 0xFF, 0x10, 0xE3, 0xFF, 0x19, 0x44, 0xFF, 0x21, 0xA6, 0xFF, 0x21, 0xC6, 0xFF,
    0x21, 0xC6, 0xFF, 0x21, 0xC6, 0xFF, 0x21, 0xC6, 0xFF, 0x21, 0xC6, 0xFF, 0x21, 0xA5, 0x51, 0x21,
    0x65, 0x00, 0x19, 0x24, 0x00, 0x11, 0x03, 0x00, 0x10, 0xE3, 0x00, 0x10, 0xE3, 0x00, 0x10, 0xC2,
    0x00, 0x10, 0xE3, 0x00, 0x10, 0xC3, 0x00, 0x08, 0xC2, 0x00, 0x08, 0x82, 0x00, 0x08, 0x61, 0x00,
    0x00, 0x41, 0x02, 0x00, 0x41, 0xE6, 0x08, 0x61, 0xFF, 0x08, 0x82, 0xFF, 0x08, 0x82, 0xFF, 0x08,
    0x82, 0xFF, 0x08, 0x82, 0xFF, 0x08, 0xA2, 0xFF, 0x10, 0xC2, 0xFF, 0x19, 0x03, 0xFF, 0x19, 0x24,
    0xFF, 0x19, 0x44, 0xFF, 0x21, 0x65, 0xFF, 0x21, 0x65, 0xFF, 0x19, 0x45, 0xFF, 0x21, 0x45, 0xFF,
    0x19, 0x45, 0xFF, 0x08, 0x82, 0xFF, 0x00, 0x20, 0xFF, 0x08, 0x41, 0xFF, 0x08, 0x41, 0xFF, 0x00,
    0x00, 0xFF, 0x00, 0x20, 0xFF, 0x00, 0x20, 0xFF, 0x00, 0x20, 0xFF, 0x08, 0x61, 0xFF, 0x00, 0x40,
    0xFF, 0x08, 0x41, 0xFF, 0x10, 0xC3, 0xFF, 0x21, 0x45, 0xFF, 0x21, 0x65, 0xFF, 0x19, 0x04, 0xFF,
    0x21, 0x65, 0xFF, 0x19, 0x04, 0xFF, 0x19, 0x04, 0xFF, 0x29, 0x86, 0xFF, 0x29, 0xC7, 0xFF, 0x29,
    0x86, 0xFF, 0x10, 0xE3, 0xFF, 0x08, 0xA2, 0xFF, 0x10, 0xC3, 0xFF, 0x10, 0x82, 0xFF, 0x08, 0x61,
    0xFF, 0x08, 0x82, 0xFF, 0x29, 0x23, 0xFF, 0x5A, 0x47, 0xFF, 0xC5, 0x11, 0xFF, 0xD5, 0xD4, 0xFF,
    0xD5, 0xB4, 0xFF, 0xD5, 0xD4, 0xFF, 0xDE, 0x57, 0xFF, 0xEE, 0xD9, 0xFF, 0xEF, 0x1A, 0xFF, 0xEE,
    0xF9, 0xFF, 0xE6, 0xB8, 0xFF, 0xDE, 0x77, 0xFF, 0xE6, 0x77, 0xFF, 0xE6, 0x57, 0xFF, 0xE6, 0x36,
    0xFF, 0xE6, 0x56, 0xFF, 0xE6, 0x56, 0xFF, 0xE6, 0x77, 0xFF, 0xE6, 0xB8, 0xFF, 0xD5, 0xB4, 0xFF,
    0xCD, 0x52, 0xFF, 0xDE, 0x15, 0xFF, 0xFF, 0x3A, 0xFF, 0x9C, 0x0D, 0xFF, 0x6A, 0x25, 0xFF, 0x7B,
    0x49, 0xFF, 0x10, 0xC2, 0xFF, 0x10, 0xC3, 0xFF, 0x10, 0xE3, 0xFF, 0x10, 0xE3, 0xFF, 0x10, 0xE3,
    0xFF, 0x19, 0x45, 0xFF, 0x21, 0xA6, 0xFF, 0x29, 0xC6, 0xFF, 0x29, 0xC6, 0xFF, 0x21, 0xA6, 0xFF,
    0x21, 0x85, 0xFF, 0x19, 0x44, 0xE6, 0x19, 0x24, 0x02, 0x19, 0x03, 0x00, 0x11, 0x03, 0x00, 0x11,
    0x03, 0x00, 0x10, 0xE3, 0x00, 0x10, 0xE3, 0x00, 0x10, 0xE3, 0x00, 0x10, 0xE3, 0x00, 0x10, 0xE3,
    0x00, 0x10, 0xA2, 0x00, 0x08, 0x61, 0x00, 0x00, 0x41, 0x76, 0x00, 0x41, 0xFF, 0x08, 0x61, 0xFF,
    0x08, 0x61, 0xFF, 0x08, 0x61, 0xFF, 0x08, 0x81, 0xFF, 0x08, 0x81, 0xFF, 0x08, 0x82, 0xFF, 0x10,
    0xA2, 0xFF, 0x10, 0xE3, 0xFF, 0x19, 0x24, 0xFF, 0x19, 0x24, 0xFF, 0x19, 0x44, 0xFF, 0x19, 0x65,
    0xFF, 0x19, 0x65, 0xFF, 0x19, 0x65, 0xFF, 0x19, 0x24, 0xFF, 0x08, 0x61, 0xFF, 0x00, 0x40, 0xFF,
    0x00, 0x20, 0xFF, 0x00, 0x20, 0xFF, 0x00, 0x20, 0xFF, 0x00, 0x20, 0xFF, 0x00, 0x40, 0xFF, 0x08,
    0x41, 0xFF, 0x10, 0x82, 0xFF, 0x18, 0xE3, 0xFF, 0x08, 0x62, 0xFF, 0x08, 0x82, 0xFF, 0x21, 0x45,
    0xFF, 0x29, 0x65, 0xFF, 0x21, 0x24, 0xFF, 0x21, 0x86, 0xFF, 0x21, 0x65, 0xFF, 0x10, 0xA3, 0xFF,
    0x21, 0x04, 0xFF, 0x21, 0x65, 0xFF, 0x21, 0x86, 0xFF, 0x21, 0x45, 0xFF, 0x10, 0xA2, 0xFF, 0x10,
    0xA2, 0xFF, 0x10, 0x82, 0xFF, 0x10, 0xA2, 0xFF, 0x10, 0xA2, 0xFF, 0x29, 0x24, 0xFF, 0x7B, 0x0A,
    0xFF, 0xCD, 0x32, 0xFF, 0xD5, 0xB3, 0xFF, 0xD5, 0xB3, 0xFF, 0xD5, 0xF4, 0xFF, 0xDE, 0x36, 0xFF,
    0xE6, 0xB9, 0xFF, 0xEE, 0xFA, 0xFF, 0xE6, 0xD9, 0xFF, 0xE6, 0xB9, 0xFF, 0xEE, 0xD9, 0xFF, 0xE6,
    0xD9, 0xFF, 0xE6, 0x99, 0xFF, 0xE6, 0x98, 0xFF, 0xE6, 0x77, 0xFF, 0xDE, 0x57, 0xFF, 0xE6, 0x77,
    0xFF, 0xE6, 0x76, 0xFF, 0xC5, 0x32, 0xFF, 0xC4, 0xF0, 0xFF, 0xDD, 0xF4, 0xFF, 0xC5, 0x31, 0xFF,
    0x38, 0xA0, 0xFF, 0x49, 0x22, 0xFF, 0x41, 0x84, 0xFF, 0x08, 0xA2, 0xFF, 0x10, 0xE3, 0xFF, 0x10,
    0xE3, 0xFF, 0x10, 0xC3, 0xFF, 0x10, 0xA3, 0xFF, 0x10, 0xC3, 0xFF, 0x19, 0x24, 0xFF, 0x19, 0x45,
    0xFF, 0x19, 0x65, 0xFF, 0x19, 0x44, 0xFF, 0x19, 0x24, 0xFF, 0x19, 0x45, 0xFF, 0x19, 0x44, 0x76,
    0x19, 0x44, 0x00, 0x19, 0x24, 0x00, 0x19, 0x24, 0x00, 0x19, 0x04, 0x00, 0x11, 0x03, 0x00, 0x11,
    0x03, 0x00, 0x10, 0xE3, 0x00, 0x11, 0x03, 0x00, 0x10, 0xE3, 0x00, 0x08, 0xA2, 0x0C, 0x08, 0x61,
    0xF3, 0x00, 0x41, 0xFF, 0x08, 0x61, 0xFF, 0x08, 0x61, 0xFF, 0x08, 0x61, 0xFF, 0x08, 0x81, 0xFF,
    0x08, 0x61, 0xFF, 0x08, 0x81, 0xFF, 0x08, 0xA2, 0xFF, 0x10, 0xC3, 0xFF, 0x19, 0x03, 0xFF, 0x19,
    0x04, 0xFF, 0x19, 0x24, 0xFF, 0x21, 0x65, 0xFF, 0x19, 0x65, 0xFF, 0x19, 0x24, 0xFF, 0x19, 0x44,
    0xFF, 0x08, 0x61, 0xFF, 0x00, 0x20, 0xFF, 0x00, 0x40, 0xFF, 0x00, 0x20, 0xFF, 0x00, 0x00, 0xFF,
    0x00, 0x00, 0xFF, 0x00, 0x20, 0xFF, 0x08, 0x41, 0xFF, 0x08, 0x41, 0xFF, 0x10, 0xE3, 0xFF, 0x21,
    0x65, 0xFF, 0x08, 0x82, 0xFF, 0x10, 0xC3, 0xFF, 0x29, 0x86, 0xFF, 0x21, 0x45, 0xFF, 0x11, 0x04,
    0xFF, 0x21, 0x45, 0xFF, 0x18, 0xE4, 0xFF, 0x08, 0x82, 0xFF, 0x18, 0xE3, 0xFF, 0x19, 0x04, 0xFF,
    0x21, 0x25, 0xFF, 0x18, 0xE4, 0xFF, 0x10, 0xA2, 0xFF, 0x10, 0xA2, 0xFF, 0x18, 0xC3, 0xFF, 0x21,
    0x44, 0xFF, 0x29, 0x24, 0xFF, 0x8B, 0xAC, 0xFF, 0xDD, 0xD4, 0xFF, 0xD5, 0x93, 0xFF, 0xCD, 0x73,
    0xFF, 0xD5, 0xB3, 0xFF, 0xD5, 0xD5, 0xFF, 0xDE, 0x36, 0xFF, 0xDE, 0x77, 0xFF, 0xE6, 0xB8, 0xFF,
    0xEF, 0x1A, 0xFF, 0xF7, 0x5B, 0xFF, 0xF7, 0x5B, 0xFF, 0xEF, 0x1A, 0xFF, 0xEE, 0xD9, 0xFF, 0xE6,
    0xB8, 0xFF, 0xE6, 0x98, 0xFF, 0xE6, 0x78, 0xFF, 0xEE, 0x97, 0xFF, 0xCD, 0x32, 0xFF, 0x8B, 0x09,
    0xFF, 0x9B, 0x49, 0xFF, 0x9B, 0x8A, 0xFF, 0xB4, 0x8F, 0xFF, 0x8B, 0x4A, 0xFF, 0x10, 0x60, 0xFF,
    0x08, 0xA2, 0xFF, 0x10, 0xE3, 0xFF, 0x10, 0xC3, 0xFF, 0x10, 0xC3, 0xFF, 0x10, 0xA2, 0xFF, 0x08,
    0xA2, 0xFF, 0x08, 0xC2, 0xFF, 0x10, 0xE2, 0xFF, 0x10, 0xE3, 0xFF, 0x10, 0xE3, 0xFF, 0x11, 0x03,
    0xFF, 0x19, 0x24, 0xFF, 0x19, 0x44, 0xF3, 0x19, 0x44, 0x0C, 0x19, 0x24, 0x00, 0x19, 0x24, 0x00,
    0x19, 0x04, 0x00, 0x19, 0x04, 0x00, 0x11, 0x03, 0x00, 0x19, 0x03, 0x00, 0x19, 0x03, 0x00, 0x11,
    0x03, 0x00, 0x10, 0xC2, 0x7C, 0x08, 0x82, 0xFF, 0x00, 0x41, 0xFF, 0x08, 0x61, 0xFF, 0x08, 0x61,
    0xFF, 0x08, 0x61, 0xFF, 0x08, 0x81, 0xFF, 0x08, 0x81, 0xFF, 0x08, 0x81, 0xFF, 0x08, 0xA2, 0xFF,
    0x10, 0xC3, 0xFF, 0x11, 0x03, 0xFF, 0x19, 0x04, 0xFF, 0x21, 0x65, 0xFF, 0x21, 0xA6, 0xFF, 0x19,
    0x65, 0xFF, 0x19, 0x04, 0xFF, 0x10, 0xE3, 0xFF, 0x08, 0x41, 0xFF, 0x00, 0x00, 0xFF, 0x08, 0x41,
    0xFF, 0x08, 0x41, 0xFF, 0x00, 0x20, 0xFF, 0x00, 0x00, 0xFF, 0x00, 0x20, 0xFF, 0x00, 0x41, 0xFF,
    0x08, 0x61, 0xFF, 0x10, 0xA2, 0xFF, 0x29, 0xA6, 0xFF, 0x29, 0x86, 0xFF, 0x08, 0x82, 0xFF, 0x21,
    0x65, 0xFF, 0x29, 0x86, 0xFF, 0x10, 0xC3, 0xFF, 0x10, 0xC3, 0xFF, 0x19, 0x04, 0xFF, 0x08, 0x82,
    0xFF, 0x08, 0xA2, 0xFF, 0x18, 0xE3, 0xFF, 0x19, 0x04, 0xFF, 0x21, 0x45, 0xFF, 0x19, 0x04, 0xFF,
    0x21, 0x24, 0xFF, 0x21, 0x24, 0xFF, 0x29, 0x85, 0xFF, 0x41, 0xE6, 0xFF, 0x73, 0x4B, 0xFF, 0xBD,
    0x11, 0xFF, 0xD5, 0x73, 0xFF, 0xD5, 0x52, 0xFF, 0xCD, 0x52, 0xFF, 0xCD, 0x93, 0xFF, 0xD5, 0xD4,
    0xFF, 0xDD, 0xF5, 0xFF, 0xDE, 0x36, 0xFF, 0xDE, 0x57, 0xFF, 0xE6, 0x77, 0xFF, 0xE6, 0x98, 0xFF,
    0xE6, 0x77, 0xFF, 0xE6, 0x57, 0xFF, 0xE6, 0x98, 0xFF, 0xE6, 0x97, 0xFF, 0xE6, 0x77, 0xFF, 0xE6,
    0x56, 0xFF, 0xE6, 0x56, 0xFF, 0x9B, 0x8B, 0xFF, 0x61, 0x43, 0xFF, 0xB4, 0x6E, 0xFF, 0xFF, 0x3A,
    0xFF, 0xE6, 0x36, 0xFF, 0x52, 0x47, 0xFF, 0x00, 0x00, 0xFF, 0x10, 0xC2, 0xFF, 0x10, 0xE3, 0xFF,
    0x10, 0xC3, 0xFF, 0x10, 0xC2, 0xFF, 0x10, 0xC2, 0xFF, 0x10, 0xE3, 0xFF, 0x10, 0xE3, 0xFF, 0x10,
    0xE3, 0xFF, 0x10, 0xE3, 0xFF, 0x11, 0x03, 0xFF, 0x19, 0x24, 0xFF, 0x19, 0x24, 0xFF, 0x19, 0x24,
    0x7C, 0x19, 0x24, 0x00, 0x19, 0x24, 0x00, 0x19, 0x24, 0x00, 0x19, 0x04, 0x00, 0x19, 0x24, 0x00,
    0x19, 0x44, 0x00, 0x19, 0x24, 0x00, 0x10, 0xE3, 0x08, 0x10, 0xE3, 0xEB, 0x08, 0xA2, 0xFF, 0x08,
    0x61, 0xFF, 0x08, 0x61, 0xFF, 0x08, 0x61, 0xFF, 0x08, 0x61, 0xFF, 0x08, 0x82, 0xFF, 0x08, 0x81,
    0xFF, 0x08, 0x82, 0xFF, 0x08, 0xA2, 0xFF, 0x10, 0xC2, 0xFF, 0x10, 0xE3, 0xFF, 0x19, 0x24, 0xFF,
    0x21, 0xA5, 0xFF, 0x29, 0xE6, 0xFF, 0x21, 0x85, 0xFF, 0x10, 0xC2, 0xFF, 0x08, 0x41, 0xFF, 0x08,
    0x61, 0xFF, 0x00, 0x00, 0xFF, 0x00, 0x20, 0xFF, 0x00, 0x41, 0xFF, 0x08, 0x41, 0xFF, 0x08, 0x61,
    0xFF, 0x08, 0x61, 0xFF, 0x00, 0x40, 0xFF, 0x08, 0x61, 0xFF, 0x10, 0xA3, 0xFF, 0x19, 0x24, 0xFF,
    0x3A, 0x28, 0xFF, 0x29, 0x86, 0xFF, 0x08, 0x61, 0xFF, 0x19, 0x04, 0xFF, 0x21, 0x45, 0xFF, 0x10,
    0xC3, 0xFF, 0x18, 0xE3, 0xFF, 0x18, 0xE3, 0xFF, 0x08, 0x82, 0xFF, 0x21, 0x24, 0xFF, 0x21, 0x45,
    0xFF, 0x19, 0x24, 0xFF, 0x31, 0xC7, 0xFF, 0x31, 0xA6, 0xFF, 0x29, 0x85, 0xFF, 0x31, 0x85, 0xFF,
    0x42, 0x07, 0xFF, 0x5A, 0xA9, 0xFF, 0x73, 0x2A, 0xFF, 0xB4, 0xB0, 0xFF, 0xCD, 0x52, 0xFF, 0xC5,
    0x31, 0xFF, 0xCD, 0x52, 0xFF, 0xCD, 0x73, 0xFF, 0xD5, 0x93, 0xFF, 0xD5, 0xB4, 0xFF, 0xD5, 0xB4,
    0xFF, 0xD5, 0xD4, 0xFF, 0xD5, 0xB4, 0xFF, 0xD5, 0x93, 0xFF, 0xD5, 0xD4, 0xFF, 0xDD, 0xF5, 0xFF,
    0xDE, 0x15, 0xFF, 0xDE, 0x36, 0xFF, 0xE6, 0x56, 0xFF, 0xE6, 0x56, 0xFF, 0xE6, 0x15, 0xFF, 0xCD,
    0x73, 0xFF, 0xDE, 0x15, 0xFF, 0xDE, 0x15, 0xFF, 0xEE, 0xD8, 0xFF, 0xEE, 0xD8, 0xFF, 0x73, 0x0A,
    0xFF, 0x10, 0xA1, 0xFF, 0x08, 0xC2, 0xFF, 0x10, 0xC3, 0xFF, 0x10, 0xC3, 0xFF, 0x10, 0xC3, 0xFF,
    0x10, 0xC2, 0xFF, 0x10, 0xC2, 0xFF, 0x10, 0xE3, 0xFF, 0x10, 0xE3, 0xFF, 0x10, 0xE3, 0xFF, 0x11,
    0x03, 0xFF, 0x19, 0x03, 0xFF, 0x19, 0x24, 0xEB, 0x19, 0x24, 0x08, 0x19, 0x24, 0x00, 0x19, 0x24,
    0x00, 0x11, 0x03, 0x00, 0x19, 0x24, 0x00, 0x19, 0x04, 0x00, 0x11, 0x03, 0x00, 0x10, 0xE3, 0x61,
    0x10, 0xE3, 0xFF, 0x10, 0xC2, 0xFF, 0x08, 0x82, 0xFF, 0x08, 0x61, 0xFF, 0x08, 0x61, 0xFF, 0x08,
    0x61, 0xFF, 0x08, 0x82, 0xFF, 0x08, 0x82, 0xFF, 0x08, 0xA2, 0xFF, 0x10, 0xA2, 0xFF, 0x10, 0xC2,
    0xFF, 0x10, 0xE2, 0xFF, 0x19, 0x24, 0xFF, 0x21, 0xA6, 0xFF, 0x29, 0xC6, 0xFF, 0x21, 0x65, 0xFF,
    0x08, 0x82, 0xFF, 0x00, 0x20, 0xFF, 0x08, 0x41, 0xFF, 0x00, 0x20, 0xFF, 0x00, 0x00, 0xFF, 0x08,
    0x41, 0xFF, 0x00, 0x41, 0xFF, 0x08, 0x61, 0xFF, 0x08, 0x61, 0xFF, 0x08, 0x81, 0xFF, 0x08, 0x82,
    0xFF, 0x08, 0x61, 0xFF, 0x00, 0x41, 0xFF, 0x19, 0x24, 0xFF, 0x31, 0xE7, 0xFF, 0x18, 0xE3, 0xFF,
    0x08, 0x82, 0xFF, 0x18, 0xE3, 0xFF, 0x10, 0xC3, 0xFF, 0x08, 0x82, 0xFF, 0x21, 0x45, 0xFF, 0x19,
    0x04, 0xFF, 0x10, 0xC3, 0xFF, 0x21, 0x45, 0xFF, 0x19, 0x04, 0xFF, 0x31, 0xA6, 0xFF, 0x31, 0xA6,
    0xFF, 0x29, 0x65, 0xFF, 0x39, 0xA6, 0xFF, 0x31, 0x85, 0xFF, 0x42, 0x06, 0xFF, 0x4A, 0x06, 0xFF,
    0x72, 0xE9, 0xFF, 0xC5, 0x11, 0xFF, 0xCD, 0x52, 0xFF, 0xC5, 0x31, 0xFF, 0xCD, 0x52, 0xFF, 0xCD,
    0x52, 0xFF, 0xCD, 0x72, 0xFF, 0xCD, 0x73, 0xFF, 0xD5, 0x93, 0xFF, 0xCD, 0x72, 0xFF, 0xD5, 0x93,
    0xFF, 0xD5, 0xB3, 0xFF, 0xD5, 0xB4, 0xFF, 0xDD, 0xF5, 0xFF, 0xDE, 0x56, 0xFF, 0xE6, 0x77, 0xFF,
    0xDE, 0x36, 0xFF, 0xDE, 0x35, 0xFF, 0xEE, 0xB8, 0xFF, 0xE6, 0x98, 0xFF, 0xDE, 0x36, 0xFF, 0xD6,
    0x57, 0xFF, 0xEE, 0x77, 0xFF, 0xFE, 0xD8, 0xFF, 0x6B, 0x0A, 0xFF, 0x00, 0x20, 0xFF, 0x10, 0xE3,
    0xFF, 0x10, 0xE3, 0xFF, 0x10, 0xE3, 0xFF, 0x10, 0xE2, 0xFF, 0x10, 0xC2, 0xFF, 0x10, 0xA2, 0xFF,
    0x10, 0xC2, 0xFF, 0x10, 0xC2, 0xFF, 0x10, 0xC3, 0xFF, 0x10, 0xE3, 0xFF, 0x11, 0x03, 0xFF, 0x11,
    0x03, 0x61, 0x11, 0x03, 0x00, 0x11, 0x03, 0x00, 0x10, 0xE3, 0x00, 0x10, 0xE3, 0x00, 0x10, 0xE3,
    0x00, 0x10, 0xE3, 0x00, 0x10, 0xE3, 0xC9, 0x10, 0xE3, 0xFF, 0x10, 0xE3, 0xFF, 0x08, 0xA2, 0xFF,
    0x08, 0x61, 0xFF, 0x08, 0x61, 0xFF, 0x08, 0x61, 0xFF, 0x08, 0x61, 0xFF, 0x08, 0x82, 0xFF, 0x08,
    0x82, 0xFF, 0x08, 0x82, 0xFF, 0x10, 0xA2, 0xFF, 0x08, 0xC2, 0xFF, 0x11, 0x03, 0xFF, 0x21, 0x85,
    0xFF, 0x21, 0xA6, 0xFF, 0x19, 0x04, 0xFF, 0x08, 0x41, 0xFF, 0x00, 0x20, 0xFF, 0x00, 0x41, 0xFF,
    0x08, 0x41, 0xFF, 0x00, 0x20, 0xFF, 0x00, 0x20, 0xFF, 0x00, 0x41, 0xFF, 0x00, 0x20, 0xFF, 0x00,
    0x40, 0xFF, 0x08, 0x61, 0xFF, 0x08, 0x82, 0xFF, 0x08, 0x61, 0xFF, 0x08, 0x41, 0xFF, 0x08, 0x62,
    0xFF, 0x19, 0x04, 0xFF, 0x19, 0x24, 0xFF, 0x10, 0xA3, 0xFF, 0x10, 0xC3, 0xFF, 0x10, 0x82, 0xFF,
    0x18, 0xE3, 0xFF, 0x29, 0x45, 0xFF, 0x21, 0x24, 0xFF, 0x21, 0x04, 0xFF, 0x31, 0xA6, 0xFF, 0x39,
    0xE7, 0xFF, 0x31, 0xA5, 0xFF, 0x29, 0x65, 0xFF, 0x31, 0x85, 0xFF, 0x31, 0x85, 0xFF, 0x31, 0x85,
    0xFF, 0x31, 0x65, 0xFF, 0x41, 0xC6, 0xFF, 0x49, 0xE6, 0xFF, 0xA4, 0x2E, 0xFF, 0xCD, 0x52, 0xFF,
    0xC5, 0x31, 0xFF, 0xCD, 0x51, 0xFF, 0xCD, 0x31, 0xFF, 0xCD, 0x52, 0xFF, 0xCD, 0x72, 0xFF, 0xCD,
    0x93, 0xFF, 0xD5, 0xB3, 0xFF, 0xD5, 0xB3, 0xFF, 0xD5, 0xD4, 0xFF, 0xDD, 0xF5, 0xFF, 0xDE, 0x15,
    0xFF, 0xDE, 0x56, 0xFF, 0xDE, 0x57, 0xFF, 0xDE, 0x56, 0xFF, 0xDE, 0x77, 0xFF, 0xDE, 0x57, 0xFF,
    0xDE, 0x57, 0xFF, 0xDE, 0x57, 0xFF, 0xE6, 0xB8, 0xFF, 0xC5, 0x52, 0xFF, 0xCC, 0xB0, 0xFF, 0x5A,
    0x26, 0xFF, 0x00, 0x00, 0xFF, 0x19, 0x03, 0xFF, 0x10, 0xC3, 0xFF, 0x10, 0xE3, 0xFF, 0x10, 0xE3,
    0xFF, 0x10, 0xC3, 0xFF, 0x10, 0xA2, 0xFF, 0x10, 0xA2, 0xFF, 0x10, 0xA2, 0xFF, 0x10, 0xA2, 0xFF,
    0x10, 0xC2, 0xFF, 0x10, 0xC2, 0xFF, 0x10, 0xC3, 0xC9, 0x10, 0xE3, 0x00, 0x10, 0xE3, 0x00, 0x10,
    0xE3, 0x00, 0x10, 0xC2, 0x00, 0x10, 0xE3, 0x00, 0x10, 0xE3, 0x2E, 0x10, 0xE3, 0xFF, 0x11, 0x03,
    0xFF, 0x10, 0xC3, 0xFF, 0x08, 0xA2, 0xFF, 0x08, 0x82, 0xFF, 0x08, 0x61, 0xFF, 0x08, 0x61, 0xFF,
    0x08, 0x61, 0xFF, 0x08, 0x82, 0xFF, 0x08, 0x82, 0xFF, 0x08, 0x82, 0xFF, 0x10, 0xA2, 0xFF, 0x10,
    0xC2, 0xFF, 0x10, 0xC2, 0xFF, 0x11, 0x03, 0xFF, 0x19, 0x44, 0xFF, 0x10, 0xE3, 0xFF, 0x08, 0x40,
    0xFF, 0x00, 0x20, 0xFF, 0x08, 0x41, 0xFF, 0x08, 0x61, 0xFF, 0x08, 0x41, 0xFF, 0x00, 0x20, 0xFF,
    0x00, 0x40, 0xFF, 0x08, 0x41, 0xFF, 0x08, 0x61, 0xFF, 0x08, 0x61, 0xFF, 0x08, 0x62, 0xFF, 0x08,
    0x61, 0xFF, 0x08, 0x62, 0xFF, 0x10, 0x82, 0xFF, 0x08, 0x82, 0xFF, 0x10, 0xA3, 0xFF, 0x10, 0xA2,
    0xFF, 0x08, 0xA2, 0xFF, 0x08, 0x61, 0xFF, 0x10, 0xA2, 0xFF, 0x18, 0xE3, 0xFF, 0x29, 0x65, 0xFF,
    0x29, 0x65, 0xFF, 0x29, 0x85, 0xFF, 0x31, 0xA6, 0xFF, 0x29, 0x65, 0xFF, 0x31, 0x64, 0xFF, 0x31,
    0x64, 0xFF, 0x21, 0x03, 0xFF, 0x29, 0x44, 0xFF, 0x39, 0xA6, 0xFF, 0x31, 0x64, 0xFF, 0x39, 0xA5,
    0xFF, 0x72, 0xE9, 0xFF, 0xB4, 0x8F, 0xFF, 0xC5, 0x10, 0xFF, 0xC5, 0x10, 0xFF, 0xC5, 0x31, 0xFF,
    0xCD, 0x52, 0xFF, 0xCD, 0x72, 0xFF, 0xD5, 0x93, 0xFF, 0xD5, 0xD4, 0xFF, 0xD5, 0xD4, 0xFF, 0xDE,
    0x15, 0xFF, 0xDE, 0x36, 0xFF, 0xDE, 0x56, 0xFF, 0xDE, 0x36, 0xFF, 0xDE, 0x56, 0xFF, 0xDE, 0x57,
    0xFF, 0xE6, 0x98, 0xFF, 0xE6, 0x98, 0xFF, 0xDE, 0x57, 0xFF, 0xDE, 0x56, 0xFF, 0xBC, 0xF0, 0xFF,
    0xAB, 0xAD, 0xFF, 0xC4, 0x30, 0xFF, 0xAC, 0x50, 0xFF, 0x39, 0xC6, 0xFF, 0x08, 0x81, 0xFF, 0x10,
    0xC3, 0xFF, 0x10, 0xC3, 0xFF, 0x10, 0xE3, 0xFF, 0x10, 0xC3, 0xFF, 0x10, 0xC2, 0xFF, 0x10, 0xA2,
    0xFF, 0x10, 0xA2, 0xFF, 0x10, 0xA2, 0xFF, 0x10, 0xC2, 0xFF, 0x10, 0xA2, 0xFF, 0x10, 0xA2, 0xFF,
    0x10, 0xC2, 0x2E, 0x10, 0xC2, 0x00, 0x10, 0xC2, 0x00, 0x08, 0xC2, 0x00, 0x10, 0xE3, 0x00, 0x10,
    0xE3, 0x86, 0x10, 0xE3, 0xFF, 0x10, 0xE3, 0xFF, 0x10, 0xC2, 0xFF, 0x08, 0xA2, 0xFF, 0x08, 0x82,
    0xFF, 0x08, 0x61, 0xFF, 0x08, 0x61, 0xFF, 0x08, 0x61, 0xFF, 0x08, 0x82, 0xFF, 0x08, 0x82, 0xFF,
    0x08, 0xA2, 0xFF, 0x08, 0xA2, 0xFF, 0x10, 0x82, 0xFF, 0x10, 0xA2, 0xFF, 0x08, 0xC2, 0xFF, 0x10,
    0xC2, 0xFF, 0x10, 0xC3, 0xFF, 0x08, 0x82, 0xFF, 0x00, 0x00, 0xFF, 0x00, 0x41, 0xFF, 0x08, 0x41,
    0xFF, 0x00, 0x40, 0xFF, 0x08, 0x61, 0xFF, 0x08, 0x61, 0xFF, 0x00, 0x40, 0xFF, 0x08, 0x61, 0xFF,
    0x10, 0xA2, 0xFF, 0x10, 0xC3, 0xFF, 0x10, 0xC3, 0xFF, 0x08, 0x61, 0xFF, 0x10, 0xA2, 0xFF, 0x08,
    0x61, 0xFF, 0x08, 0x41, 0xFF, 0x10, 0xA2, 0xFF, 0x10, 0xC3, 0xFF, 0x18, 0xE3, 0xFF, 0x10, 0xA2,
    0xFF, 0x10, 0xA2, 0xFF, 0x29, 0x44, 0xFF, 0x29, 0x44, 0xFF, 0x18, 0xC2, 0xFF, 0x08, 0x81, 0xFF,
    0x18, 0xC2, 0xFF, 0x31, 0x64, 0xFF, 0x39, 0x64, 0xFF, 0x41, 0x85, 0xFF, 0x31, 0x23, 0xFF, 0x31,
    0x64, 0xFF, 0x39, 0xA5, 0xFF, 0x39, 0x85, 0xFF, 0x49, 0xE6, 0xFF, 0x93, 0x8B, 0xFF, 0xBC, 0xD0,
    0xFF, 0xBC, 0xCF, 0xFF, 0xC5, 0x10, 0xFF, 0xC5, 0x52, 0xFF, 0xCD, 0x72, 0xFF, 0xCD, 0x73, 0xFF,
    0xD5, 0xD4, 0xFF, 0xDE, 0x15, 0xFF, 0xDE, 0x15, 0xFF, 0xE6, 0x77, 0xFF, 0xDE, 0x57, 0xFF, 0xDE,
    0x77, 0xFF, 0xE6, 0x78, 0xFF, 0xE6, 0x98, 0xFF, 0xE6, 0x98, 0xFF, 0xE6, 0xB8, 0xFF, 0xE6, 0x98,
    0xFF, 0xCD, 0x93, 0xFF, 0xA4, 0x0D, 0xFF, 0xCD, 0x13, 0xFF, 0xEE, 0x98, 0xFF, 0xFF, 0x3A, 0xFF,
    0x9B, 0xED, 0xFF, 0x00, 0x20, 0xFF, 0x10, 0xA2, 0xFF, 0x10, 0xC3, 0xFF, 0x10, 0xE3, 0xFF, 0x10,
    0xC3, 0xFF, 0x10, 0xC2, 0xFF, 0x10, 0xC2, 0xFF, 0x10, 0xA2, 0xFF, 0x10, 0xA2, 0xFF, 0x10, 0xC2,
    0xFF, 0x10, 0xA2, 0xFF, 0x10, 0xA2, 0xFF, 0x10, 0xA2, 0x86, 0x10, 0xC2, 0x00, 0x10, 0xE3, 0x00,
    0x10, 0xC2, 0x00, 0x10, 0xE3, 0x00, 0x10, 0xE3, 0xD6, 0x10, 0xE3, 0xFF, 0x10, 0xC2, 0xFF, 0x10,
    0xA2, 0xFF, 0x08, 0xA2, 0xFF, 0x08, 0x82, 0xFF, 0x08, 0x61, 0xFF, 0x08, 0x61, 0xFF, 0x08, 0x61,
    0xFF, 0x08, 0x82, 0xFF, 0x08, 0x82, 0xFF, 0x08, 0xA2, 0xFF, 0x08, 0x82, 0xFF, 0x08, 0x82, 0xFF,
    0x10, 0xA2, 0xFF, 0x10, 0xC2, 0xFF, 0x10, 0xC2, 0xFF, 0x10, 0xA2, 0xFF, 0x10, 0x82, 0xFF, 0x00,
    0x40, 0xFF, 0x00, 0x20, 0xFF, 0x08, 0x41, 0xFF, 0x00, 0x20, 0xFF, 0x00, 0x41, 0xFF, 0x08, 0x41,
    0xFF, 0x10, 0xA2, 0xFF, 0x08, 0x61, 0xFF, 0x08, 0x61, 0xFF, 0x18, 0xE3, 0xFF, 0x10, 0xC3, 0xFF,
    0x08, 0x62, 0xFF, 0x08, 0x61, 0xFF, 0x18, 0xC3, 0xFF, 0x10, 0x82, 0xFF, 0x10, 0xA3, 0xFF, 0x19,
    0x04, 0xFF, 0x18, 0xE3, 0xFF, 0x10, 0xA2, 0xFF, 0x18, 0xE3, 0xFF, 0x21, 0x03, 0xFF, 0x10, 0xA1,
    0xFF, 0x41, 0xC5, 0xFF, 0x6A, 0xEA, 0xFF, 0x93, 0xEE, 0xFF, 0x93, 0xEE, 0xFF, 0x72, 0xE9, 0xFF,
    0x6A, 0xC8, 0xFF, 0x6A, 0x88, 0xFF, 0x51, 0xE6, 0xFF, 0x39, 0x64, 0xFF, 0x31, 0x44, 0xFF, 0x49,
    0xE6, 0xFF, 0x7A, 0xE9, 0xFF, 0xA4, 0x2D, 0xFF, 0xBC, 0xCF, 0xFF, 0xC5, 0x10, 0xFF, 0xC5, 0x11,
    0xFF, 0xCD, 0x52, 0xFF, 0xCD, 0x73, 0xFF, 0xD5, 0xB4, 0xFF, 0xDD, 0xF5, 0xFF, 0xDE, 0x15, 0xFF,
    0xDE, 0x57, 0xFF, 0xDE, 0x57, 0xFF, 0xE6, 0x78, 0xFF, 0xE6, 0x98, 0xFF, 0xE6, 0x98, 0xFF, 0xE6,
    0x98, 0xFF, 0xE6, 0xB8, 0xFF, 0xDE, 0x77, 0xFF, 0xCD, 0xB3, 0xFF, 0xD5, 0xD4, 0xFF, 0xDE, 0x77,
    0xFF, 0xCD, 0xB4, 0xFF, 0xBC, 0xCF, 0xFF, 0x62, 0x45, 0xFF, 0x00, 0x41, 0xFF, 0x10, 0xC3, 0xFF,
    0x10, 0xC3, 0xFF, 0x10, 0xE3, 0xFF, 0x10, 0xC2, 0xFF, 0x10, 0xA2, 0xFF, 0x08, 0xC2, 0xFF, 0x10,
    0xC2, 0xFF, 0x10, 0xC3, 0xFF, 0x10, 0xC2, 0xFF, 0x10, 0xC2, 0xFF, 0x10, 0xE3, 0xFF, 0x10, 0xE3,
    0xD6, 0x10, 0xE3, 0x00, 0x10, 0xE3, 0x00, 0x10, 0xC2, 0x00, 0x10, 0xE3, 0x2C, 0x10, 0xE3, 0xFF,
    0x10, 0xC3, 0xFF, 0x10, 0xA2, 0xFF, 0x10, 0xA2, 0xFF, 0x08, 0xA2, 0xFF, 0x08, 0x81, 0xFF, 0x08,
    0x61, 0xFF, 0x08, 0x61, 0xFF, 0x08, 0x61, 0xFF, 0x08, 0x61, 0xFF, 0x08, 0x82, 0xFF, 0x08, 0x82,
    0xFF, 0x08, 0x81, 0xFF, 0x08, 0x82, 0xFF, 0x08, 0x82, 0xFF, 0x08, 0xA2, 0xFF, 0x10, 0xA2, 0xFF,
    0x08, 0x82, 0xFF, 0x08, 0x41, 0xFF, 0x08, 0x41, 0xFF, 0x00, 0x20, 0xFF, 0x00, 0x00, 0xFF, 0x00,
    0x20, 0xFF, 0x08, 0x41, 0xFF, 0x08, 0x61, 0xFF, 0x10, 0xC2, 0xFF, 0x19, 0x04, 0xFF, 0x10, 0xA2,
    0xFF, 0x08, 0x82, 0xFF, 0x10, 0xA2, 0xFF, 0x08, 0x61, 0xFF, 0x10, 0x82, 0xFF, 0x10, 0xA2, 0xFF,
    0x10, 0xC3, 0xFF, 0x10, 0xC3, 0xFF, 0x18, 0xE4, 0xFF, 0x10, 0xA3, 0xFF, 0x10, 0x81, 0xFF, 0x10,
    0x81, 0xFF, 0x20, 0xC2, 0xFF, 0x8B, 0x8C, 0xFF, 0xDE, 0x15, 0xFF, 0xD5, 0xB3, 0xFF, 0xEE, 0x55,
    0xFF, 0xF6, 0xD7, 0xFF, 0xC5, 0x32, 0xFF, 0x8B, 0x4A, 0xFF, 0x72, 0x88, 0xFF, 0x72, 0xEA, 0xFF,
    0x5A, 0x27, 0xFF, 0x39, 0x64, 0xFF, 0x4A, 0x06, 0xFF, 0x6A, 0x87, 0xFF, 0x93, 0xAB, 0xFF, 0xC5,
    0x31, 0xFF, 0xBC, 0xF0, 0xFF, 0xBC, 0xD0, 0xFF, 0xC5, 0x11, 0xFF, 0xCD, 0x93, 0xFF, 0xD5, 0xB3,
    0xFF, 0xD5, 0xD4, 0xFF, 0xDD, 0xF5, 0xFF, 0xDE, 0x15, 0xFF, 0xE6, 0x56, 0xFF, 0xDE, 0x77, 0xFF,
    0xDE, 0x77, 0xFF, 0xE6, 0x98, 0xFF, 0xE6, 0x98, 0xFF, 0xE6, 0xB9, 0xFF, 0xE6, 0x98, 0xFF, 0xDE,
    0x56, 0xFF, 0xDE, 0x35, 0xFF, 0xD5, 0xF4, 0xFF, 0xD5, 0xB3, 0xFF, 0xD5, 0x72, 0xFF, 0xAC, 0x6E,
    0xFF, 0x10, 0x61, 0xFF, 0x00, 0x41, 0xFF, 0x11, 0x03, 0xFF, 0x10, 0xC3, 0xFF, 0x10, 0xC2, 0xFF,
    0x10, 0xC2, 0xFF, 0x10, 0xC2, 0xFF, 0x10, 0xC2, 0xFF, 0x10, 0xC3, 0xFF, 0x10, 0xE3, 0xFF, 0x10,
    0xE3, 0xFF, 0x10, 0xE3, 0xFF, 0x10, 0xE3, 0xFF, 0x10, 0xE3, 0x2C, 0x10, 0xE3, 0x00, 0x10, 0xC2,
    0x00, 0x10, 0xC3, 0x72, 0x10, 0xC3, 0xFF, 0x10, 0xC2, 0xFF, 0x10, 0xC2, 0xFF, 0x08, 0xC2, 0xFF,
    0x10, 0xA2, 0xFF, 0x08, 0x81, 0xFF, 0x08, 0x61, 0xFF, 0x08, 0x61, 0xFF, 0x08, 0x61, 0xFF, 0x08,
    0x61, 0xFF, 0x08, 0x81, 0xFF, 0x08, 0x81, 0xFF, 0x08, 0x81, 0xFF, 0x08, 0x81, 0xFF, 0x08, 0x61,
    0xFF, 0x08, 0x81, 0xFF, 0x10, 0x82, 0xFF, 0x08, 0x82, 0xFF, 0x08, 0x41, 0xFF, 0x08, 0x41, 0xFF,
    0x00, 0x40, 0xFF, 0x00, 0x00, 0xFF, 0x00, 0x20, 0xFF, 0x08, 0x41, 0xFF, 0x08, 0x82, 0xFF, 0x08,
    0x81, 0xFF, 0x18, 0xE3, 0xFF, 0x21, 0x45, 0xFF, 0x10, 0xA2, 0xFF, 0x10, 0xA3, 0xFF, 0x10, 0xC3,
    0xFF, 0x10, 0xA2, 0xFF, 0x08, 0x61, 0xFF, 0x10, 0xC3, 0xFF, 0x10, 0xA2, 0xFF, 0x18, 0xE4, 0xFF,
    0x18, 0xE3, 0xFF, 0x10, 0xA2, 0xFF, 0x10, 0x81, 0xFF, 0x7B, 0x29, 0xFF, 0xEE, 0x14, 0xFF, 0x8B,
    0x09, 0xFF, 0x40, 0xA1, 0xFF, 0x59, 0x43, 0xFF, 0xC4, 0xF0, 0xFF, 0xDD, 0xB2, 0xFF, 0x8B, 0x4A,
    0xFF, 0x83, 0x09, 0xFF, 0x7A, 0xE9, 0xFF, 0x7A, 0xC9, 0xFF, 0x5A, 0x27, 0xFF, 0x41, 0xA5, 0xFF,
    0x7B, 0x2A, 0xFF, 0xB4, 0xAF, 0xFF, 0xBC, 0xD0, 0xFF, 0xB4, 0xAF, 0xFF, 0xBC, 0xAF, 0xFF, 0xC4,
    0xF0, 0xFF, 0xC5, 0x31, 0xFF, 0xCD, 0x93, 0xFF, 0xD5, 0xB4, 0xFF, 0xD5, 0xD4, 0xFF, 0xDD, 0xF4,
    0xFF, 0xDE, 0x15, 0xFF, 0xDE, 0x15, 0xFF, 0xDE, 0x56, 0xFF, 0xDE, 0x77, 0xFF, 0xDE, 0x57, 0xFF,
    0xDE, 0x57, 0xFF, 0xDE, 0x77, 0xFF, 0xDE, 0x77, 0xFF, 0xDE, 0x57, 0xFF, 0xD6, 0x15, 0xFF, 0xD5,
    0xF4, 0xFF, 0xD5, 0xB4, 0xFF, 0xEE, 0x76, 0xFF, 0x9C, 0x4F, 0xFF, 0x00, 0x41, 0xFF, 0x00, 0x61,
    0xFF, 0x10, 0xE3, 0xFF, 0x08, 0xE2, 0xFF, 0x10, 0xC3, 0xFF, 0x10, 0xC3, 0xFF, 0x10, 0xC3, 0xFF,
    0x10, 0xE3, 0xFF, 0x10, 0xE3, 0xFF, 0x10, 0xE3, 0xFF, 0x10, 0xE3, 0xFF, 0x10, 0xE3, 0xFF, 0x10,
    0xE3, 0x72, 0x10, 0xE3, 0x00, 0x10, 0xC2, 0x00, 0x10, 0xC3, 0xAE, 0x10, 0xC3, 0xFF, 0x10, 0xC2,
    0xFF, 0x10, 0xE3, 0xFF, 0x10, 0xC2, 0xFF, 0x10, 0xA2, 0xFF, 0x08, 0x82, 0xFF, 0x08, 0x61, 0xFF,
    0x08, 0x61, 0xFF, 0x08, 0x61, 0xFF, 0x08, 0x61, 0xFF, 0x08, 0x61, 0xFF, 0x08, 0x81, 0xFF, 0x08,
    0x81, 0xFF, 0x08, 0x61, 0xFF, 0x08, 0x81, 0xFF, 0x08, 0x82, 0xFF, 0x10, 0xA2, 0xFF, 0x08, 0xA2,
    0xFF, 0x08, 0x41, 0xFF, 0x08, 0x61, 0xFF, 0x08, 0x61, 0xFF, 0x00, 0x20, 0xFF, 0x00, 0x20, 0xFF,
    0x08, 0x61, 0xFF, 0x10, 0x82, 0xFF, 0x08, 0x61, 0xFF, 0x10, 0x82, 0xFF, 0x19, 0x04, 0xFF, 0x18,
    0xE3, 0xFF, 0x10, 0x82, 0xFF, 0x10, 0xA3, 0xFF, 0x10, 0xA2, 0xFF, 0x10, 0xA2, 0xFF, 0x08, 0x82,
    0xFF, 0x08, 0x82, 0xFF, 0x18, 0xC3, 0xFF, 0x21, 0x24, 0xFF, 0x19, 0x03, 0xFF, 0x20, 0xE3, 0xFF,
    0xB4, 0x4E, 0xFF, 0xC4, 0xF0, 0xFF, 0x8B, 0x2B, 0xFF, 0x72, 0x48, 0xFF, 0x51, 0x85, 0xFF, 0x59,
    0x84, 0xFF, 0xB4, 0x6D, 0xFF, 0xBC, 0xAE, 0xFF, 0xDD, 0xD4, 0xFF, 0xB4, 0xD0, 0xFF, 0xA4, 0x0D,
    0xFF, 0x93, 0xAC, 0xFF, 0x7A, 0xE9, 0xFF, 0xA4, 0x2D, 0xFF, 0xB4, 0x8F, 0xFF, 0xAC, 0x6E, 0xFF,
    0xAC, 0x4D, 0xFF, 0xB4, 0x6E, 0xFF, 0xBC, 0xCF, 0xFF, 0xC5, 0x10, 0xFF, 0xCD, 0x31, 0xFF, 0xD5,
    0x93, 0xFF, 0xD5, 0xD4, 0xFF, 0xD5, 0xD4, 0xFF, 0xD5, 0xB4, 0xFF, 0xD5, 0xF4, 0xFF, 0xD6, 0x15,
    0xFF, 0xD5, 0xF4, 0xFF, 0xD5, 0xF4, 0xFF, 0xD5, 0xF4, 0xFF, 0xD5, 0xF4, 0xFF, 0xDE, 0x35, 0xFF,
    0xDE, 0x36, 0xFF, 0xDE, 0x36, 0xFF, 0xD6, 0x15, 0xFF, 0xD6, 0x15, 0xFF, 0xDE, 0x36, 0xFF, 0xFF,
    0x39, 0xFF, 0xB4, 0xF0, 0xFF, 0x10, 0xA2, 0xFF, 0x00, 0x81, 0xFF, 0x10, 0xE3, 0xFF, 0x10, 0xE3,
    0xFF, 0x10, 0xE3, 0xFF, 0x10, 0xE3, 0xFF, 0x10, 0xE3, 0xFF, 0x10, 0xE3, 0xFF, 0x10, 0xE3, 0xFF,
    0x10, 0xE3, 0xFF, 0x10, 0xE3, 0xFF, 0x10, 0xC3, 0xAE, 0x10, 0xC2, 0x00, 0x10, 0xE3, 0x03, 0x10,
    0xE3, 0xE3, 0x10, 0xE3, 0xFF, 0x10, 0xE3, 0xFF, 0x10, 0xE3, 0xFF, 0x10, 0xC2, 0xFF, 0x10, 0xA2,
    0xFF, 0x08, 0x82, 0xFF, 0x08, 0x81, 0xFF, 0x08, 0x61, 0xFF, 0x08, 0x61, 0xFF, 0x08, 0x61, 0xFF,
    0x08, 0x61, 0xFF, 0x08, 0x61, 0xFF, 0x08, 0x81, 0xFF, 0x08, 0x61, 0xFF, 0x08, 0x81, 0xFF, 0x08,
    0x81, 0xFF, 0x10, 0xA2, 0xFF, 0x08, 0xA2, 0xFF, 0x08, 0x61, 0xFF, 0x08, 0x61, 0xFF, 0x08, 0x61,
    0xFF, 0x08, 0x61, 0xFF, 0x08, 0x41, 0xFF, 0x00, 0x41, 0xFF, 0x08, 0x61, 0xFF, 0x08, 0x61, 0xFF,
    0x08, 0x61, 0xFF, 0x10, 0xE3, 0xFF, 0x18, 0xE3, 0xFF, 0x10, 0xC3, 0xFF, 0x10, 0x82, 0xFF, 0x10,
    0xA2, 0xFF, 0x10, 0xC3, 0xFF, 0x08, 0x82, 0xFF, 0x10, 0x82, 0xFF, 0x10, 0xA3, 0xFF, 0x10, 0xC3,
    0xFF, 0x19, 0x24, 0xFF, 0x20, 0xC2, 0xFF, 0xA3, 0xEC, 0xFF, 0xD5, 0x71, 0xFF, 0xEF, 0x1A, 0xFF,
    0xFF, 0x7C, 0xFF, 0x9B, 0xAC, 0xFF, 0x38, 0xC1, 0xFF, 0x8A, 0xE8, 0xFF, 0x93, 0x49, 0xFF, 0xEE,
    0x76, 0xFF, 0xF6, 0xF8, 0xFF, 0xB4, 0x8F, 0xFF, 0xB4, 0x8E, 0xFF, 0xAC, 0x6E, 0xFF, 0xAC, 0x2D,
    0xFF, 0xA3, 0xEC, 0xFF, 0xA4, 0x2D, 0xFF, 0xAC, 0x2D, 0xFF, 0xB4, 0x6E, 0xFF, 0xB4, 0x8E, 0xFF,
    0xBC, 0xCF, 0xFF, 0xC4, 0xF0, 0xFF, 0xC5, 0x31, 0xFF, 0xD5, 0x92, 0xFF, 0xD5, 0x93, 0xFF, 0xD5,
    0x93, 0xFF, 0xD5, 0xB3, 0xFF, 0xD5, 0xB3, 0xFF, 0xCD, 0x93, 0xFF, 0xCD, 0x72, 0xFF, 0xCD, 0x72,
    0xFF, 0xCD, 0x93, 0xFF, 0xD5, 0xD4, 0xFF, 0xD6, 0x15, 0xFF, 0xDE, 0x56, 0xFF, 0xDE, 0x77, 0xFF,
    0xDE, 0x78, 0xFF, 0xDE, 0x77, 0xFF, 0xDE, 0x76, 0xFF, 0xFE, 0xD7, 0xFF, 0x83, 0xAB, 0xFF, 0x00,
    0x40, 0xFF, 0x10, 0xE3, 0xFF, 0x10, 0xE3, 0xFF, 0x10, 0xE3, 0xFF, 0x10, 0xE3, 0xFF, 0x10, 0xE3,
    0xFF, 0x10, 0xE3, 0xFF, 0x10, 0xE3, 0xFF, 0x10, 0xE3, 0xFF, 0x10, 0xE3, 0xFF, 0x10, 0xC2, 0xE3,
    0x10, 0xA2, 0x04, 0x11, 0x03, 0x27, 0x10, 0xE3, 0xFF, 0x10, 0xE3, 0xFF, 0x10, 0xE3, 0xFF, 0x10,
    0xC3, 0xFF, 0x10, 0xA2, 0xFF, 0x10, 0xA2, 0xFF, 0x10, 0xA2, 0xFF, 0x08, 0x81, 0xFF, 0x08, 0x61,
    0xFF, 0x08, 0x61, 0xFF, 0x08, 0x61, 0xFF, 0x08, 0x61, 0xFF, 0x08, 0x61, 0xFF, 0x08, 0x61, 0xFF,
    0x08, 0x61, 0xFF, 0x08, 0x81, 0xFF, 0x08, 0x82, 0xFF, 0x08, 0x82, 0xFF, 0x08, 0x82, 0xFF, 0x08,
    0x82, 0xFF, 0x08, 0x61, 0xFF, 0x08, 0x61, 0xFF, 0x08, 0x61, 0xFF, 0x08, 0x41, 0xFF, 0x08, 0x41,
    0xFF, 0x00, 0x20, 0xFF, 0x00, 0x40, 0xFF, 0x00, 0x40, 0xFF, 0x00, 0x40, 0xFF, 0x10, 0xA2, 0xFF,
    0x10, 0xC3, 0xFF, 0x18, 0xE4, 0xFF, 0x10, 0xA3, 0xFF, 0x08, 0x62, 0xFF, 0x10, 0xA2, 0xFF, 0x10,
    0xA2, 0xFF, 0x10, 0xA3, 0xFF, 0x10, 0x82, 0xFF, 0x18, 0xE3, 0xFF, 0x18, 0xA2, 0xFF, 0x72, 0x87,
    0xFF, 0xDD, 0x10, 0xFF, 0xDD, 0xF5, 0xFF, 0xFF, 0xFD, 0xFF, 0x93, 0x8C, 0xFF, 0x72, 0x47, 0xFF,
    0x8A, 0xE8, 0xFF, 0x20, 0x20, 0xFF, 0x51, 0xA4, 0xFF, 0xE5, 0xF3, 0xFF, 0xBC, 0x8E, 0xFF, 0x8A,
    0xE8, 0xFF, 0x9B, 0xCC, 0xFF, 0x9B, 0xCC, 0xFF, 0x9B, 0xAB, 0xFF, 0x93, 0x8B, 0xFF, 0x9B, 0xCC,
    0xFF, 0xA4, 0x0D, 0xFF, 0xAC, 0x4D, 0xFF, 0xB4, 0x6E, 0xFF, 0xB4, 0x8E, 0xFF, 0xB4, 0x8E, 0xFF,
    0xC5, 0x10, 0xFF, 0xCD, 0x51, 0xFF, 0xC5, 0x31, 0xFF, 0xC5, 0x31, 0xFF, 0xCD, 0x51, 0xFF, 0xC5,
    0x31, 0xFF, 0xC5, 0x31, 0xFF, 0xC5, 0x51, 0xFF, 0xCD, 0x72, 0xFF, 0xD5, 0xD4, 0xFF, 0xD6, 0x15,
    0xFF, 0xDE, 0x36, 0xFF, 0xDE, 0x77, 0xFF, 0xE6, 0xB8, 0xFF, 0xE6, 0x97, 0xFF, 0xDE, 0x36, 0xFF,
    0xD5, 0xD3, 0xFF, 0xC5, 0x10, 0xFF, 0x29, 0x44, 0xFF, 0x00, 0x82, 0xFF, 0x10, 0xE3, 0xFF, 0x11,
    0x03, 0xFF, 0x11, 0x03, 0xFF, 0x11, 0x03, 0xFF, 0x10, 0xE3, 0xFF, 0x10, 0xE3, 0xFF, 0x10, 0xE3,
    0xFF, 0x10, 0xE3, 0xFF, 0x10, 0xC2, 0xFF, 0x08, 0xC2, 0x27, 0x19, 0x03, 0x54, 0x19, 0x03, 0xFF,
    0x11, 0x03, 0xFF, 0x10, 0xE3, 0xFF, 0x10, 0xE3, 0xFF, 0x10, 0xC3, 0xFF, 0x10, 0xC3, 0xFF, 0x10,
    0xC2, 0xFF, 0x08, 0x82, 0xFF, 0x08, 0x61, 0xFF, 0x08, 0x61, 0xFF, 0x08, 0x61, 0xFF, 0x00, 0x41,
    0xFF, 0x08, 0x61, 0xFF, 0x00, 0x41, 0xFF, 0x08, 0x61, 0xFF, 0x08, 0x81, 0xFF, 0x08, 0x81, 0xFF,
    0x08, 0x81, 0xFF, 0x08, 0x82, 0xFF, 0x08, 0x61, 0xFF, 0x08, 0x61, 0xFF, 0x08, 0x81, 0xFF, 0x10,
    0x82, 0xFF, 0x00, 0x20, 0xFF, 0x08, 0x41, 0xFF, 0x08, 0x61, 0xFF, 0x08, 0x61, 0xFF, 0x00, 0x41,
    0xFF, 0x00, 0x40, 0xFF, 0x08, 0x82, 0xFF, 0x10, 0x82, 0xFF, 0x10, 0xA2, 0xFF, 0x10, 0xA2, 0xFF,
    0x08, 0x62, 0xFF, 0x08, 0x82, 0xFF, 0x08, 0x61, 0xFF, 0x10, 0xA3, 0xFF, 0x10, 0xA2, 0xFF, 0x21,
    0x04, 0xFF, 0x08, 0x82, 0xFF, 0x28, 0x80, 0xFF, 0xBC, 0x2C, 0xFF, 0xCC, 0x6E, 0xFF, 0xC4, 0xB0,
    0xFF, 0xD5, 0xB3, 0xFF, 0xEE, 0xD8, 0xFF, 0xAC, 0x8F, 0xFF, 0x6A, 0x26, 0xFF, 0x62, 0x06, 0xFF,
    0x61, 0xC4, 0xFF, 0x93, 0x2A, 0xFF, 0x82, 0xC8, 0xFF, 0x7A, 0xA7, 0xFF, 0x8B, 0x29, 0xFF, 0x83,
    0x09, 0xFF, 0x82, 0xE9, 0xFF, 0x83, 0x09, 0xFF, 0x8B, 0x6A, 0xFF, 0x93, 0x6A, 0xFF, 0x9B, 0xCC,
    0xFF, 0xA3, 0xEC, 0xFF, 0xA3, 0xEC, 0xFF, 0xAC, 0x2D, 0xFF, 0xB4, 0x6D, 0xFF, 0xBC, 0xAE, 0xFF,
    0xC4, 0xEF, 0xFF, 0xC5, 0x10, 0xFF, 0xC5, 0x10, 0xFF, 0xC5, 0x10, 0xFF, 0xC5, 0x31, 0xFF, 0xC5,
    0x51, 0xFF, 0xCD, 0x72, 0xFF, 0xD5, 0xB3, 0xFF, 0xD5, 0xD3, 0xFF, 0xD5, 0xB3, 0xFF, 0xD5, 0xD4,
    0xFF, 0xD5, 0xD4, 0xFF, 0xCD, 0x93, 0xFF, 0xCD, 0x92, 0xFF, 0xD5, 0x92, 0xFF, 0x42, 0x27, 0xFF,
    0x00, 0x61, 0xFF, 0x19, 0x24, 0xFF, 0x19, 0x24, 0xFF, 0x19, 0x24, 0xFF, 0x19, 0x24, 0xFF, 0x19,
    0x24, 0xFF, 0x19, 0x04, 0xFF, 0x11, 0x03, 0xFF, 0x10, 0xE3, 0xFF, 0x10, 0xE3, 0xFF, 0x10, 0xC2,
    0x54, 0x19, 0x24, 0x7B, 0x19, 0x03, 0xFF, 0x19, 0x03, 0xFF, 0x10, 0xE3, 0xFF, 0x10, 0xE3, 0xFF,
    0x10, 0xE3, 0xFF, 0x10, 0xC3, 0xFF, 0x10, 0xC2, 0xFF, 0x10, 0xA2, 0xFF, 0x08, 0x82, 0xFF, 0x08,
    0x81, 0xFF, 0x08, 0x61, 0xFF, 0x08, 0x61, 0xFF, 0x08, 0x61, 0xFF, 0x08, 0x61, 0xFF, 0x08, 0x61,
    0xFF, 0x08, 0x61, 0xFF, 0x08, 0x61, 0xFF, 0x08, 0x81, 0xFF, 0x08, 0x82, 0xFF, 0x08, 0x81, 0xFF,
    0x08, 0x61, 0xFF, 0x08, 0x81, 0xFF, 0x08, 0x82, 0xFF, 0x08, 0x41, 0xFF, 0x00, 0x20, 0xFF, 0x08,
    0x61, 0xFF, 0x08, 0x41, 0xFF, 0x08, 0x41, 0xFF, 0x08, 0x61, 0xFF, 0x08, 0x61, 0xFF, 0x10, 0xA2,
    0xFF, 0x18, 0xE4, 0xFF, 0x10, 0xA3, 0xFF, 0x08, 0x61, 0xFF, 0x10, 0x82, 0xFF, 0x08, 0x82, 0xFF,
    0x08, 0x62, 0xFF, 0x10, 0xA2, 0xFF, 0x29, 0x65, 0xFF, 0x10, 0xC2, 0xFF, 0x00, 0x20, 0xFF, 0x51,
    0x83, 0xFF, 0xC4, 0x4D, 0xFF, 0xA3, 0x4A, 0xFF, 0xA3, 0x6A, 0xFF, 0xD5, 0xB3, 0xFF, 0xD5, 0xD4,
    0xFF, 0xDD, 0xB4, 0xFF, 0xEE, 0x77, 0xFF, 0xBC, 0xF1, 0xFF, 0xBC, 0xB0, 0xFF, 0x93, 0x6A, 0xFF,
    0x59, 0xC4, 0xFF, 0x72, 0xA8, 0xFF, 0x72, 0x87, 0xFF, 0x72, 0x87, 0xFF, 0x72, 0xA8, 0xFF, 0x7A,
    0xC8, 0xFF, 0x82, 0xE8, 0xFF, 0x83, 0x09, 0xFF, 0x8B, 0x29, 0xFF, 0x8B, 0x4A, 0xFF, 0x8B, 0x49,
    0xFF, 0x93, 0x69, 0xFF, 0x9B, 0xAB, 0xFF, 0xAC, 0x2D, 0xFF, 0xB4, 0x6D, 0xFF, 0xB4, 0x6D, 0xFF,
    0xB4, 0x6D, 0xFF, 0xAC, 0x4D, 0xFF, 0xAC, 0x2C, 0xFF, 0xA4, 0x2C, 0xFF, 0xAC, 0x2C, 0xFF, 0xAC,
    0x4D, 0xFF, 0xAC, 0x6D, 0xFF, 0xAC, 0x4D, 0xFF, 0xAC, 0x6D, 0xFF, 0xAC, 0x8E, 0xFF, 0xB4, 0x8E,
    0xFF, 0x9B, 0xCB, 0xFF, 0x29, 0x85, 0xFF, 0x08, 0xE3, 0xFF, 0x19, 0x44, 0xFF, 0x19, 0x44, 0xFF,
    0x19, 0x24, 0xFF, 0x19, 0x24, 0xFF, 0x19, 0x24, 0xFF, 0x19, 0x24, 0xFF, 0x19, 0x24, 0xFF, 0x11,
    0x03, 0xFF, 0x10, 0xE3, 0xFF, 0x10, 0xC3, 0x7B, 0x19, 0x24, 0x9D, 0x19, 0x24, 0xFF, 0x19, 0x24,
    0xFF, 0x11, 0x03, 0xFF, 0x10, 0xE3, 0xFF, 0x18, 0xE3, 0xFF, 0x10, 0xE3, 0xFF, 0x10, 0xC2, 0xFF,
    0x10, 0xA2, 0xFF, 0x08, 0x82, 0xFF, 0x08, 0x82, 0xFF, 0x08, 0x82, 0xFF, 0x08, 0x61, 0xFF, 0x00,
    0x41, 0xFF, 0x08, 0x61, 0xFF, 0x08, 0x61, 0xFF, 0x08, 0x81, 0xFF, 0x08, 0x82, 0xFF, 0x08, 0x82,
    0xFF, 0x08, 0x81, 0xFF, 0x08, 0x82, 0xFF, 0x08, 0x61, 0xFF, 0x08, 0x61, 0xFF, 0x08, 0x61, 0xFF,
    0x08, 0x61, 0xFF, 0x08, 0x41, 0xFF, 0x08, 0x61, 0xFF, 0x00, 0x41, 0xFF, 0x00, 0x40, 0xFF, 0x08,
    0x61, 0xFF, 0x08, 0x61, 0xFF, 0x08, 0x61, 0xFF, 0x10, 0xA2, 0xFF, 0x10, 0xA3, 0xFF, 0x08, 0x61,
    0xFF, 0x10, 0x82, 0xFF, 0x10, 0xA2, 0xFF, 0x10, 0x82, 0xFF, 0x10, 0xA3, 0xFF, 0x21, 0x04, 0xFF,
    0x10, 0xA2, 0xFF, 0x10, 0x81, 0xFF, 0x28, 0xC2, 0xFF, 0x6A, 0x26, 0xFF, 0xAC, 0x0D, 0xFF, 0x9B,
    0x6B, 0xFF, 0x9B, 0x2A, 0xFF, 0xCC, 0xF0, 0xFF, 0xD5, 0x73, 0xFF, 0xD5, 0x72, 0xFF, 0xE6, 0x55,
    0xFF, 0xF6, 0x96, 0xFF, 0xE6, 0x35, 0xFF, 0x8B, 0x4B, 0xFF, 0x61, 0xC4, 0xFF, 0x72, 0x66, 0xFF,
    0x6A, 0x46, 0xFF, 0x62, 0x46, 0xFF, 0x6A, 0x67, 0xFF, 0x72, 0x87, 0xFF, 0x72, 0x87, 0xFF, 0x72,
    0x67, 0xFF, 0x6A, 0x67, 0xFF, 0x72, 0x67, 0xFF, 0x72, 0x67, 0xFF, 0x72, 0x87, 0xFF, 0x7A, 0xC7,
    0xFF, 0x82, 0xC7, 0xFF, 0x7A, 0xC7, 0xFF, 0x7A, 0xC7, 0xFF, 0x7A, 0xC7, 0xFF, 0x72, 0x86, 0xFF,
    0x6A, 0x46, 0xFF, 0x6A, 0x65, 0xFF, 0x6A, 0x66, 0xFF, 0x72, 0x86, 0xFF, 0x7A, 0xA6, 0xFF, 0x72,
    0xA6, 0xFF, 0x7A, 0xA7, 0xFF, 0x7A, 0xE7, 0xFF, 0x39, 0xE5, 0xFF, 0x08, 0xE3, 0xFF, 0x19, 0x44,
    0xFF, 0x19, 0x44, 0xFF, 0x21, 0x65, 0xFF, 0x19, 0x44, 0xFF, 0x19, 0x44, 0xFF, 0x19, 0x44, 0xFF,
    0x19, 0x24, 0xFF, 0x19, 0x24, 0xFF, 0x19, 0x03, 0xFF, 0x10, 0xE3, 0xFF, 0x10, 0xC3, 0x9C, 0x19,
    0x44, 0xB7, 0x19, 0x44, 0xFF, 0x19, 0x44, 0xFF, 0x19, 0x24, 0xFF, 0x18, 0xE3, 0xFF, 0x10, 0xE3,
    0xFF, 0x10, 0xE3, 0xFF, 0x10, 0xC3, 0xFF, 0x10, 0xA2, 0xFF, 0x08, 0x82, 0xFF, 0x08, 0x82, 0xFF,
    0x08, 0x82, 0xFF, 0x08, 0x81, 0xFF, 0x08, 0x61, 0xFF, 0x08, 0x81, 0xFF, 0x08, 0x82, 0xFF, 0x10,
    0xA2, 0xFF, 0x10, 0xA2, 0xFF, 0x08, 0x82, 0xFF, 0x08, 0x81, 0xFF, 0x08, 0x82, 0xFF, 0x08, 0x81,
    0xFF, 0x08, 0x61, 0xFF, 0x08, 0x41, 0xFF, 0x08, 0x61, 0xFF, 0x08, 0x61, 0xFF, 0x08, 0x41, 0xFF,
    0x08, 0x61, 0xFF, 0x00, 0x41, 0xFF, 0x00, 0x41, 0xFF, 0x08, 0x61, 0xFF, 0x00, 0x41, 0xFF, 0x08,
    0x41, 0xFF, 0x10, 0x82, 0xFF, 0x10, 0x82, 0xFF, 0x08, 0x81, 0xFF, 0x10, 0x82, 0xFF, 0x10, 0xA2,
    0xFF, 0x10, 0xA3, 0xFF, 0x10, 0xA3, 0xFF, 0x10, 0xA2, 0xFF, 0x18, 0xA2, 0xFF, 0x39, 0x64, 0xFF,
    0x41, 0x84, 0xFF, 0x49, 0x63, 0xFF, 0x7A, 0xE9, 0xFF, 0xA4, 0x0D, 0xFF, 0xCD, 0x31, 0xFF, 0xCD,
    0x10, 0xFF, 0xC4, 0xCF, 0xFF, 0xD5, 0x72, 0xFF, 0xE5, 0xF4, 0xFF, 0xFF, 0x9B, 0xFF, 0xB4, 0x8F,
    0xFF, 0x51, 0x63, 0xFF, 0x6A, 0x26, 0xFF, 0x6A, 0x26, 0xFF, 0x62, 0x46, 0xFF, 0x62, 0x26, 0xFF,
    0x62, 0x46, 0xFF, 0x62, 0x46, 0xFF, 0x62, 0x26, 0xFF, 0x62, 0x26, 0xFF, 0x62, 0x46, 0xFF, 0x62,
    0x26, 0xFF, 0x62, 0x05, 0xFF, 0x61, 0xE5, 0xFF, 0x61, 0xE5, 0xFF, 0x62, 0x05, 0xFF, 0x62, 0x05,
    0xFF, 0x62, 0x05, 0xFF, 0x62, 0x05, 0xFF, 0x59, 0xE5, 0xFF, 0x5A, 0x05, 0xFF, 0x59, 0xE5, 0xFF,
    0x59, 0xC4, 0xFF, 0x59, 0xE4, 0xFF, 0x62, 0x25, 0xFF, 0x72, 0x66, 0xFF, 0x4A, 0x26, 0xFF, 0x11,
    0x24, 0xFF, 0x11, 0x24, 0xFF, 0x19, 0x44, 0xFF, 0x19, 0x44, 0xFF, 0x21, 0x65, 0xFF, 0x21, 0x65,
    0xFF, 0x21, 0x65, 0xFF, 0x19, 0x44, 0xFF, 0x19, 0x24, 0xFF, 0x19, 0x24, 0xFF, 0x19, 0x03, 0xFF,
    0x10, 0xE3, 0xFF, 0x10, 0xE3, 0xB6, 0x19, 0x44, 0xCC, 0x19, 0x44, 0xFF, 0x19, 0x44, 0xFF, 0x19,
    0x44, 0xFF, 0x11, 0x03, 0xFF, 0x10, 0xE3, 0xFF, 0x10, 0xE3, 0xFF, 0x10, 0xC3, 0xFF, 0x10, 0xC2,
    0xFF, 0x10, 0xA2, 0xFF, 0x10, 0xA2, 0xFF, 0x10, 0xA2, 0xFF, 0x08, 0xA2, 0xFF, 0x10, 0xA2, 0xFF,
    0x10, 0xA2, 0xFF, 0x10, 0xC2, 0xFF, 0x10, 0xC3, 0xFF, 0x10, 0xE3, 0xFF, 0x10, 0xA2, 0xFF, 0x08,
    0x82, 0xFF, 0x08, 0x82, 0xFF, 0x08, 0x61, 0xFF, 0x00, 0x41, 0xFF, 0x08, 0x41, 0xFF, 0x08, 0x61,
    0xFF, 0x08, 0x61, 0xFF, 0x00, 0x41, 0xFF, 0x00, 0x41, 0xFF, 0x08, 0x41, 0xFF, 0x00, 0x40, 0xFF,
    0x08, 0x61, 0xFF, 0x08, 0x61, 0xFF, 0x00, 0x20, 0xFF, 0x00, 0x40, 0xFF, 0x10, 0x82, 0xFF, 0x10,
    0xA2, 0xFF, 0x08, 0x82, 0xFF, 0x10, 0xA2, 0xFF, 0x10, 0xA2, 0xFF, 0x10, 0xC2, 0xFF, 0x10, 0xC3,
    0xFF, 0x10, 0xA2, 0xFF, 0x21, 0x03, 0xFF, 0x51, 0xE6, 0xFF, 0x59, 0xE5, 0xFF, 0x41, 0x43, 0xFF,
    0x49, 0x63, 0xFF, 0x61, 0xE5, 0xFF, 0x72, 0x67, 0xFF, 0x93, 0x29, 0xFF, 0xBC, 0x8E, 0xFF, 0xD5,
    0x72, 0xFF, 0xAC, 0x2D, 0xFF, 0x6A, 0x26, 0xFF, 0x62, 0x26, 0xFF, 0x62, 0x26, 0xFF, 0x6A, 0x46,
    0xFF, 0x6A, 0x46, 0xFF, 0x6A, 0x46, 0xFF, 0x62, 0x26, 0xFF, 0x62, 0x26, 0xFF, 0x6A, 0x46, 0xFF,
    0x6A, 0x46, 0xFF, 0x6A, 0x46, 0xFF, 0x6A, 0x46, 0xFF, 0x6A, 0x46, 0xFF, 0x6A, 0x46, 0xFF, 0x6A,
    0x46, 0xFF, 0x6A, 0x66, 0xFF, 0x6A, 0x46, 0xFF, 0x6A, 0x66, 0xFF, 0x6A, 0x66, 0xFF, 0x6A, 0x67,
    0xFF, 0x62, 0x46, 0xFF, 0x62, 0x05, 0xFF, 0x5A, 0x05, 0xFF, 0x6A, 0x66, 0xFF, 0x6A, 0x86, 0xFF,
    0x39, 0xC5, 0xFF, 0x11, 0x04, 0xFF, 0x11, 0x04, 0xFF, 0x19, 0x44, 0xFF, 0x19, 0x44, 0xFF, 0x19,
    0x44, 0xFF, 0x19, 0x44, 0xFF, 0x21, 0x65, 0xFF, 0x19, 0x44, 0xFF, 0x19, 0x44, 0xFF, 0x19, 0x24,
    0xFF, 0x19, 0x24, 0xFF, 0x19, 0x24, 0xFF, 0x11, 0x03, 0xFF, 0x10, 0xE3, 0xCC, 0x19, 0x24, 0xDD,
    0x19, 0x24, 0xFF, 0x19, 0x44, 0xFF, 0x19, 0x44, 0xFF, 0x19, 0x03, 0xFF, 0x10, 0xE3, 0xFF, 0x10,
    0xE3, 0xFF, 0x18, 0xE3, 0xFF, 0x10, 0xE3, 0xFF, 0x10, 0xE3, 0xFF, 0x10, 0xE3, 0xFF, 0x10, 0xC3,
    0xFF, 0x10, 0xC2, 0xFF, 0x10, 0xC3, 0xFF, 0x18, 0xE3, 0xFF, 0x18, 0xE3, 0xFF, 0x10, 0xE3, 0xFF,
    0x11, 0x03, 0xFF, 0x10, 0xE3, 0xFF, 0x10, 0xC2, 0xFF, 0x08, 0x82, 0xFF, 0x08, 0x81, 0xFF, 0x08,
    0x61, 0xFF, 0x08, 0x41, 0xFF, 0x08, 0x41, 0xFF, 0x08, 0x61, 0xFF, 0x08, 0x81, 0xFF, 0x08, 0x41,
    0xFF, 0x00, 0x20, 0xFF, 0x08, 0x41, 0xFF, 0x08, 0x41, 0xFF, 0x08, 0x41, 0xFF, 0x08, 0x61, 0xFF,
    0x08, 0x82, 0xFF, 0x08, 0x81, 0xFF, 0x10, 0xA2, 0xFF, 0x10, 0xA2, 0xFF, 0x10, 0xA3, 0xFF, 0x10,
    0xC3, 0xFF, 0x10, 0xA2, 0xFF, 0x18, 0xE3, 0xFF, 0x18, 0xE3, 0xFF, 0x18, 0xC2, 0xFF, 0x39, 0x64,
    0xFF, 0x5A, 0x06, 0xFF, 0x62, 0x26, 0xFF, 0x62, 0x05, 0xFF, 0x51, 0xA4, 0xFF, 0x51, 0x63, 0xFF,
    0x51, 0x63, 0xFF, 0x61, 0xC4, 0xFF, 0x62, 0x05, 0xFF, 0x49, 0x64, 0xFF, 0x59, 0xE5, 0xFF, 0x72,
    0xA7, 0xFF, 0x6A, 0x67, 0xFF, 0x6A, 0x46, 0xFF, 0x6A, 0x46, 0xFF, 0x6A, 0x46, 0xFF, 0x6A, 0x46,
    0xFF, 0x6A, 0x26, 0xFF, 0x6A, 0x46, 0xFF, 0x6A, 0x67, 0xFF, 0x72, 0x47, 0xFF, 0x6A, 0x46, 0xFF,
    0x6A, 0x67, 0xFF, 0x6A, 0x67, 0xFF, 0x6A, 0x66, 0xFF, 0x6A, 0x46, 0xFF, 0x62, 0x46, 0xFF, 0x62,
    0x26, 0xFF, 0x62, 0x25, 0xFF, 0x62, 0x25, 0xFF, 0x5A, 0x05, 0xFF, 0x62, 0x25, 0xFF, 0x7A, 0xA6,
    0xFF, 0x62, 0x65, 0xFF, 0x21, 0x44, 0xFF, 0x08, 0xE4, 0xFF, 0x19, 0x24, 0xFF, 0x19, 0x44, 0xFF,
    0x19, 0x24, 0xFF, 0x19, 0x44, 0xFF, 0x19, 0x44, 0xFF, 0x19, 0x44, 0xFF, 0x19, 0x44, 0xFF, 0x19,
    0x44, 0xFF, 0x19, 0x24, 0xFF, 0x19, 0x24, 0xFF, 0x19, 0x24, 0xFF, 0x19, 0x24, 0xFF, 0x19, 0x24,
    0xFF, 0x19, 0x24, 0xDE, 0x19, 0x03, 0xEA, 0x19, 0x24, 0xFF, 0x19, 0x24, 0xFF, 0x19, 0x44, 0xFF,
    0x19, 0x24, 0xFF, 0x11, 0x03, 0xFF, 0x11, 0x03, 0xFF, 0x10, 0xE3, 0xFF, 0x10, 0xE3, 0xFF, 0x10,
    0xE3, 0xFF, 0x10, 0xE3, 0xFF, 0x10, 0xE3, 0xFF, 0x10, 0xE3, 0xFF, 0x10, 0xE3, 0xFF, 0x18, 0xE3,
    0xFF, 0x18, 0xE3, 0xFF, 0x11, 0x03, 0xFF, 0x11, 0x03, 0xFF, 0x11, 0x03, 0xFF, 0x11, 0x03, 0xFF,
    0x10, 0xC3, 0xFF, 0x08, 0x81, 0xFF, 0x08, 0x61, 0xFF, 0x08, 0x61, 0xFF, 0x08, 0x41, 0xFF, 0x08,
    0x41, 0xFF, 0x08, 0x61, 0xFF, 0x08, 0x81, 0xFF, 0x08, 0x61, 0xFF, 0x00, 0x20, 0xFF, 0x00, 0x20,
    0xFF, 0x08, 0x41, 0xFF, 0x08, 0x61, 0xFF, 0x10, 0x82, 0xFF, 0x08, 0x61, 0xFF, 0x10, 0x82, 0xFF,
    0x10, 0xA2, 0xFF, 0x10, 0x82, 0xFF, 0x10, 0xA2, 0xFF, 0x10, 0xA2, 0xFF, 0x18, 0xE3, 0xFF, 0x21,
    0x25, 0xFF, 0x20, 0xE3, 0xFF, 0x29, 0x03, 0xFF, 0x41, 0xA5, 0xFF, 0x5A, 0x06, 0xFF, 0x5A, 0x06,
    0xFF, 0x62, 0x26, 0xFF, 0x62, 0x26, 0xFF, 0x5A, 0x05, 0xFF, 0x59, 0xE5, 0xFF, 0x5A, 0x06, 0xFF,
    0x5A, 0x06, 0xFF, 0x6A, 0x67, 0xFF, 0x7A, 0xC8, 0xFF, 0x72, 0x88, 0xFF, 0x6A, 0x87, 0xFF, 0x6A,
    0x67, 0xFF, 0x6A, 0x67, 0xFF, 0x6A, 0x67, 0xFF, 0x6A, 0x47, 0xFF, 0x6A, 0x46, 0xFF, 0x6A, 0x67,
    0xFF, 0x72, 0x67, 0xFF, 0x6A, 0x67, 0xFF, 0x6A, 0x87, 0xFF, 0x6A, 0x67, 0xFF, 0x6A, 0x67, 0xFF,
    0x6A, 0x87, 0xFF, 0x62, 0x46, 0xFF, 0x5A, 0x05, 0xFF, 0x5A, 0x05, 0xFF, 0x5A, 0x05, 0xFF, 0x62,
    0x45, 0xFF, 0x82, 0xC6, 0xFF, 0x5A, 0x25, 0xFF, 0x11, 0x03, 0xFF, 0x08, 0xE4, 0xFF, 0x19, 0x24,
    0xFF, 0x19, 0x24, 0xFF, 0x19, 0x24, 0xFF, 0x19, 0x24, 0xFF, 0x19, 0x24, 0xFF, 0x19, 0x24, 0xFF,
    0x19, 0x24, 0xFF, 0x19, 0x24, 0xFF, 0x19, 0x24, 0xFF, 0x19, 0x24, 0xFF, 0x19, 0x24, 0xFF, 0x19,
    0x44, 0xFF, 0x19, 0x44, 0xFF, 0x19, 0x24, 0xFF, 0x19, 0x24, 0xEA, 0x19, 0x04, 0xF1, 0x11, 0x03,
    0xFF, 0x19, 0x24, 0xFF, 0x19, 0x24, 0xFF, 0x19, 0x24, 0xFF, 0x19, 0x24, 0xFF, 0x19, 0x24, 0xFF,
    0x19, 0x24, 0xFF, 0x11, 0x03, 0xFF, 0x11, 0x03, 0xFF, 0x11, 0x03, 0xFF, 0x10, 0xE3, 0xFF, 0x10,
    0xC3, 0xFF, 0x10, 0xC3, 0xFF, 0x10, 0xC3, 0xFF, 0x10, 0xE3, 0xFF, 0x10, 0xE3, 0xFF, 0x10, 0xE3,
    0xFF, 0x19, 0x03, 0xFF, 0x19, 0x03, 0xFF, 0x10, 0xE3, 0xFF, 0x10, 0xA2, 0xFF, 0x08, 0x61, 0xFF,
    0x08, 0x61, 0xFF, 0x08, 0x61, 0xFF, 0x00, 0x20, 0xFF, 0x08, 0x61, 0xFF, 0x08, 0x61, 0xFF, 0x08,
    0x82, 0xFF, 0x08, 0x61, 0xFF, 0x00, 0x20, 0xFF, 0x08, 0x41, 0xFF, 0x08, 0x41, 0xFF, 0x08, 0x41,
    0xFF, 0x08, 0x82, 0xFF, 0x10, 0x82, 0xFF, 0x10, 0xA2, 0xFF, 0x10, 0xA3, 0xFF, 0x10, 0x82, 0xFF,
    0x10, 0x82, 0xFF, 0x10, 0xC3, 0xFF, 0x19, 0x04, 0xFF, 0x21, 0x23, 0xFF, 0x29, 0x02, 0xFF, 0x39,
    0x64, 0xFF, 0x49, 0xC5, 0xE4, 0x52, 0x06, 0xC4, 0x62, 0x47, 0xFF, 0x6A, 0x67, 0xFF, 0x6A, 0x67,
    0xFF, 0x72, 0x88, 0xFF, 0x7A, 0xE9, 0xFF, 0x9B, 0xCC, 0xFF, 0x7A, 0xE9, 0xFF, 0x7A, 0xC9, 0xFF,
    0x7A, 0xE9, 0xFF, 0x7A, 0xC8, 0xFF, 0x72, 0xA8, 0xFF, 0x72, 0xA8, 0xFF, 0x72, 0x87, 0xFF, 0x72,
    0x87, 0xFF, 0x72, 0x67, 0xFF, 0x72, 0x87, 0xFF, 0x72, 0xA8, 0xFF, 0x72, 0xC8, 0xFF, 0x72, 0xA8,
    0xFF, 0x72, 0xA8, 0xFF, 0x72, 0xA8, 0xFF, 0x72, 0xA7, 0xFF, 0x6A, 0x67, 0xFF, 0x62, 0x46, 0xFF,
    0x62, 0x46, 0xFF, 0x72, 0x66, 0xFF, 0x82, 0xE7, 0xFF, 0x49, 0xE5, 0xFF, 0x08, 0xA2, 0xFF, 0x08,
    0xC3, 0xFF, 0x19, 0x03, 0xFF, 0x19, 0x24, 0xFF, 0x19, 0x24, 0xFF, 0x19, 0x03, 0xFF, 0x11, 0x03,
    0xFF, 0x19, 0x03, 0xFF, 0x19, 0x24, 0xFF, 0x19, 0x24, 0xFF, 0x19, 0x03, 0xFF, 0x19, 0x03, 0xFF,
    0x19, 0x24, 0xFF, 0x19, 0x24, 0xFF, 0x19, 0x24, 0xFF, 0x19, 0x24, 0xFF, 0x19, 0x24, 0xFF, 0x19,
    0x24, 0xF1, 0x19, 0x03, 0xF4, 0x10, 0xE3, 0xFF, 0x11, 0x03, 0xFF, 0x19, 0x24, 0xFF, 0x19, 0x24,
    0xFF, 0x19, 0x24, 0xFF, 0x19, 0x24, 0xFF, 0x19, 0x24, 0xFF, 0x19, 0x24, 0xFF, 0x10, 0xE3, 0xFF,
    0x10, 0xE3, 0xFF, 0x10, 0xE3, 0xFF, 0x10, 0xC3, 0xFF, 0x10, 0xA2, 0xFF, 0x10, 0xA2, 0xFF, 0x10,
    0xC2, 0xFF, 0x10, 0xC2, 0xFF, 0x10, 0xC2, 0xFF, 0x10, 0xE3, 0xFF, 0x18, 0xE3, 0xFF, 0x11, 0x03,
    0xFF, 0x10, 0xE3, 0xFF, 0x10, 0x82, 0xFF, 0x08, 0x41, 0xFF, 0x08, 0x61, 0xFF, 0x08, 0x41, 0xFF,
    0x00, 0x41, 0xFF, 0x08, 0x61, 0xFF, 0x08, 0x41, 0xFF, 0x10, 0x82, 0xFF, 0x08, 0x81, 0xFF, 0x08,
    0x41, 0xFF, 0x08, 0x41, 0xFF, 0x08, 0x41, 0xFF, 0x08, 0x61, 0xFF, 0x08, 0x61, 0xFF, 0x10, 0xA2,
    0xFF, 0x10, 0xA2, 0xFF, 0x10, 0xA2, 0xFF, 0x10, 0xA2, 0xFF, 0x10, 0xC3, 0xFF, 0x18, 0xE3, 0xFF,
    0x19, 0x03, 0xFF, 0x29, 0x23, 0xFF, 0x39, 0x43, 0xFF, 0x51, 0xE6, 0x41, 0x62, 0x87, 0x00, 0x72,
    0xA8, 0xCB, 0x72, 0xA8, 0xFF, 0x72, 0xA8, 0xFF, 0x6A, 0x68, 0xFF, 0x8B, 0x4A, 0xFF, 0xD5, 0x92,
    0xFF, 0xB4, 0xAF, 0xFF, 0x82, 0xE9, 0xFF, 0x83, 0x0A, 0xFF, 0x7B, 0x2A, 0xFF, 0x7A, 0xE9, 0xFF,
    0x7A, 0xE9, 0xFF, 0x7A, 0xC8, 0xFF, 0x7A, 0xA8, 0xFF, 0x72, 0xA8, 0xFF, 0x72, 0xA8, 0xFF, 0x7A,
    0xC8, 0xFF, 0x7A, 0xC8, 0xFF, 0x7A, 0xC8, 0xFF, 0x7A, 0xC8, 0xFF, 0x72, 0xA8, 0xFF, 0x72, 0xA8,
    0xFF, 0x72, 0x87, 0xFF, 0x6A, 0x66, 0xFF, 0x6A, 0x66, 0xFF, 0x8B, 0x28, 0xFF, 0x52, 0x26, 0xFF,
    0x00, 0x82, 0xFF, 0x08, 0xA3, 0xFF, 0x18, 0xE3, 0xFF, 0x11, 0x03, 0xFF, 0x11, 0x03, 0xFF, 0x19,
    0x03, 0xFF, 0x19, 0x03, 0xFF, 0x10, 0xE3, 0xFF, 0x19, 0x03, 0xFF, 0x19, 0x24, 0xFF, 0x11, 0x03,
    0xFF, 0x10, 0xE3, 0xFF, 0x11, 0x03, 0xFF, 0x19, 0x24, 0xFF, 0x19, 0x24, 0xFF, 0x19, 0x24, 0xFF,
    0x19, 0x24, 0xFF, 0x19, 0x24, 0xFF, 0x19, 0x24, 0xF4, 0x10, 0xC2, 0xF1, 0x10, 0xC3, 0xFF, 0x18,
    0xE3, 0xFF, 0x19, 0x03, 0xFF, 0x19, 0x24, 0xFF, 0x19, 0x24, 0xFF, 0x19, 0x24, 0xFF, 0x19, 0x24,
    0xFF, 0x19, 0x24, 0xFF, 0x11, 0x03, 0xFF, 0x10, 0xE3, 0xFF, 0x10, 0xC3, 0xFF, 0x10, 0xC2, 0xFF,
    0x10, 0xC2, 0xFF, 0x10, 0xA2, 0xFF, 0x10, 0xA2, 0xFF, 0x10, 0xA2, 0xFF, 0x10, 0xC2, 0xFF, 0x10,
    0xC2, 0xFF, 0x10, 0xC3, 0xFF, 0x11, 0x03, 0xFF, 0x19, 0x24, 0xFF, 0x10, 0xC3, 0xFF, 0x08, 0x41,
    0xFF, 0x08, 0x41, 0xFF, 0x08, 0x61, 0xFF, 0x00, 0x20, 0xFF, 0x00, 0x20, 0xFF, 0x00, 0x40, 0xFF,
    0x08, 0x41, 0xFF, 0x10, 0xA2, 0xFF, 0x10, 0x82, 0xFF, 0x08, 0x61, 0xFF, 0x08, 0x61, 0xFF, 0x08,
    0x61, 0xFF, 0x08, 0x61, 0xFF, 0x08, 0x61, 0xFF, 0x08, 0x82, 0xFF, 0x10, 0x82, 0xFF, 0x10, 0xA2,
    0xFF, 0x10, 0xC3, 0xFF, 0x18, 0xE4, 0xFF, 0x21, 0x04, 0xFF, 0x29, 0x23, 0xFF, 0x31, 0x43, 0xFF,
    0x41, 0xA5, 0x94, 0x62, 0x87, 0x4D, 0x72, 0xC8, 0xE6, 0x72, 0xC8, 0xFF, 0x72, 0xC8, 0xFF, 0x72,
    0xC8, 0xFF, 0xAC, 0x4E, 0xFF, 0xD5, 0x92, 0xFF, 0xD5, 0x93, 0xFF, 0xAC, 0x4E, 0xFF, 0x83, 0x09,
    0xFF, 0x83, 0x2A, 0xFF, 0x83, 0x2A, 0xFF, 0x7B, 0x09, 0xFF, 0x7A, 0xC8, 0xFF, 0x7A, 0xC8, 0xFF,
    0x7A, 0xC8, 0xFF, 0x7A, 0xC8, 0xFF, 0x7A, 0xC8, 0xFF, 0x72, 0xC8, 0xFF, 0x7A, 0xC8, 0xFF, 0x72,
    0xA8, 0xFF, 0x72, 0xA8, 0xFF, 0x7A, 0xC8, 0xFF, 0x7A, 0xE8, 0xFF, 0x72, 0xA7, 0xFF, 0x83, 0x08,
    0xFF, 0x62, 0x87, 0xFF, 0x00, 0x82, 0xFF, 0x08, 0xA3, 0xFF, 0x18, 0xE3, 0xFF, 0x10, 0xE3, 0xFF,
    0x10, 0xE3, 0xFF, 0x10, 0xE3, 0xFF, 0x11, 0x03, 0xFF, 0x19, 0x03, 0xFF, 0x10, 0xE3, 0xFF, 0x11,
    0x03, 0xFF, 0x10, 0xE3, 0xFF, 0x10, 0xE3, 0xFF, 0x10, 0xE3, 0xFF, 0x11, 0x03, 0xFF, 0x19, 0x24,
    0xFF, 0x19, 0x24, 0xFF, 0x19, 0x24, 0xFF, 0x19, 0x24, 0xFF, 0x19, 0x24, 0xFF, 0x19, 0x24, 0xF0,
    0x10, 0xA2, 0xEA, 0x10, 0xA2, 0xFF, 0x10, 0xC3, 0xFF, 0x18, 0xE3, 0xFF, 0x11, 0x03, 0xFF, 0x19,
    0x03, 0xFF, 0x19, 0x24, 0xFF, 0x19, 0x24, 0xFF, 0x11, 0x03, 0xFF, 0x10, 0xE3, 0xFF, 0x10, 0xC2,
    0xFF, 0x10, 0xA2, 0xFF, 0x10, 0x82, 0xFF, 0x08, 0xA2, 0xFF, 0x10, 0xA2, 0xFF, 0x10, 0xA2, 0xFF,
    0x10, 0xA2, 0xFF, 0x10, 0xA2, 0xFF, 0x10, 0xA2, 0xFF, 0x10, 0xC3, 0xFF, 0x19, 0x03, 0xFF, 0x19,
    0x24, 0xFF, 0x19, 0x24, 0xFF, 0x10, 0xA2, 0xFF, 0x08, 0x41, 0xFF, 0x08, 0x61, 0xFF, 0x08, 0x41,
    0xFF, 0x00, 0x00, 0xFF, 0x00, 0x40, 0xFF, 0x00, 0x41, 0xFF, 0x00, 0x20, 0xFF, 0x08, 0x61, 0xFF,
    0x08, 0x61, 0xFF, 0x08, 0x61, 0xFF, 0x08, 0x61, 0xFF, 0x08, 0x61, 0xFF, 0x08, 0x81, 0xFF, 0x10,
    0xA2, 0xFF, 0x10, 0xC2, 0xFF, 0x10, 0xA2, 0xFF, 0x18, 0xC3, 0xFF, 0x19, 0x04, 0xFF, 0x21, 0x04,
    0xFF, 0x29, 0x03, 0xFF, 0x31, 0x64, 0xFF, 0x49, 0xC5, 0xFF, 0x5A, 0x27, 0xFF, 0x6A, 0xA8, 0xFF,
    0x72, 0xA8, 0xFF, 0x72, 0xA8, 0xFF, 0x93, 0x8B, 0xFF, 0xC5, 0x30, 0xFF, 0xCD, 0x51, 0xFF, 0xD5,
    0x72, 0xFF, 0xD5, 0xB3, 0xFF, 0xAC, 0x6E, 0xFF, 0x83, 0x09, 0xFF, 0x83, 0x0A, 0xFF, 0x83, 0x2A,
    0xFF, 0x7A, 0xE9, 0xFF, 0x7A, 0xC9, 0xFF, 0x7A, 0xC8, 0xFF, 0x72, 0xC8, 0xFF, 0x7A, 0xC8, 0xFF,
    0x72, 0xC8, 0xFF, 0x72, 0xA8, 0xFF, 0x72, 0xA8, 0xFF, 0x72, 0xA8, 0xFF, 0x7A, 0xC8, 0xFF, 0x7B,
    0x08, 0xFF, 0x83, 0x28, 0xFF, 0x7B, 0x09, 0xFF, 0x19, 0x03, 0xFF, 0x00, 0x82, 0xFF, 0x18, 0xE3,
    0xFF, 0x18, 0xE3, 0xFF, 0x18, 0xE3, 0xFF, 0x10, 0xE3, 0xFF, 0x10, 0xE3, 0xFF, 0x19, 0x03, 0xFF,
    0x19, 0x24, 0xFF, 0x19, 0x24, 0xFF, 0x19, 0x03, 0xFF, 0x10, 0xE3, 0xFF, 0x10, 0xE3, 0xFF, 0x11,
    0x03, 0xFF, 0x19, 0x03, 0xFF, 0x19, 0x24, 0xFF, 0x19, 0x24, 0xFF, 0x19, 0x24, 0xFF, 0x19, 0x24,
    0xFF, 0x19, 0x04, 0xFF, 0x19, 0x03, 0xEA, 0x10, 0xA2, 0xDE, 0x10, 0xA2, 0xFF, 0x10, 0xA2, 0xFF,
    0x10, 0xE3, 0xFF, 0x19, 0x03, 0xFF, 0x19, 0x24, 0xFF, 0x19, 0x24, 0xFF, 0x19, 0x24, 0xFF, 0x19,
    0x04, 0xFF, 0x10, 0xE3, 0xFF, 0x10, 0xC2, 0xFF, 0x10, 0xA2, 0xFF, 0x08, 0x82, 0xFF, 0x08, 0x82,
    0xFF, 0x10, 0xA2, 0xFF, 0x10, 0xA2, 0xFF, 0x10, 0xA2, 0xFF, 0x10, 0xA2, 0xFF, 0x10, 0xC3, 0xFF,
    0x10, 0xE3, 0xFF, 0x19, 0x24, 0xFF, 0x19, 0x24, 0xFF, 0x19, 0x44, 0xFF, 0x19, 0x24, 0xFF, 0x08,
    0x41, 0xFF, 0x00, 0x20, 0xFF, 0x08, 0x61, 0xFF, 0x08, 0x61, 0xFF, 0x00, 0x40, 0xFF, 0x00, 0x41,
    0xFF, 0x00, 0x20, 0xFF, 0x00, 0x20, 0xFF, 0x08, 0x61, 0xFF, 0x08, 0x61, 0xFF, 0x08, 0x61, 0xFF,
    0x08, 0x61, 0xFF, 0x08, 0x61, 0xFF, 0x08, 0x82, 0xFF, 0x10, 0xA2, 0xFF, 0x10, 0xC3, 0xFF, 0x18,
    0xE3, 0xFF, 0x19, 0x04, 0xFF, 0x19, 0x24, 0xFF, 0x29, 0x23, 0xFF, 0x39, 0x64, 0xFF, 0x49, 0xE5,
    0xFF, 0x5A, 0x27, 0xFF, 0x6A, 0x88, 0xFF, 0x72, 0xA8, 0xFF, 0x72, 0xA8, 0xFF, 0xA4, 0x0C, 0xFF,
    0xC5, 0x10, 0xFF, 0xC5, 0x51, 0xFF, 0xCD, 0x52, 0xFF, 0xD5, 0xB4, 0xFF, 0xD5, 0xB3, 0xFF, 0xAC,
    0x2D, 0xFF, 0x7A, 0xE9, 0xFF, 0x83, 0x09, 0xFF, 0x83, 0x09, 0xFF, 0x83, 0x09, 0xFF, 0x7A, 0xC8,
    0xFF, 0x72, 0xA8, 0xFF, 0x72, 0xA8, 0xFF, 0x7A, 0xC8, 0xFF, 0x72, 0xC8, 0xFF, 0x72, 0xC8, 0xFF,
    0x7A, 0xE8, 0xFF, 0x7B, 0x09, 0xFF, 0x7B, 0x08, 0xFF, 0x8B, 0x69, 0xFF, 0x52, 0x46, 0xFF, 0x00,
    0x82, 0xFF, 0x10, 0xC3, 0xFF, 0x10, 0xE3, 0xFF, 0x18, 0xE3, 0xFF, 0x18, 0xE3, 0xFF, 0x19, 0x03,
    0xFF, 0x19, 0x24, 0xFF, 0x19, 0x24, 0xFF, 0x19, 0x44, 0xFF, 0x19, 0x44, 0xFF, 0x19, 0x44, 0xFF,
    0x19, 0x04, 0xFF, 0x11, 0x03, 0xFF, 0x19, 0x03, 0xFF, 0x19, 0x24, 0xFF, 0x19, 0x04, 0xFF, 0x19,
    0x04, 0xFF, 0x19, 0x04, 0xFF, 0x19, 0x03, 0xFF, 0x19, 0x03, 0xFF, 0x19, 0x03, 0xDE, 0x10, 0xC2,
    0xCC, 0x10, 0xA2, 0xFF, 0x10, 0xA2, 0xFF, 0x18, 0xE3, 0xFF, 0x19, 0x24, 0xFF, 0x19, 0x44, 0xFF,
    0x19, 0x64, 0xFF, 0x19, 0x44, 0xFF, 0x19, 0x24, 0xFF, 0x10, 0xE3, 0xFF, 0x10, 0xC2, 0xFF, 0x10,
    0xA2, 0xFF, 0x10, 0xA2, 0xFF, 0x10, 0xA2, 0xFF, 0x10, 0xA2, 0xFF, 0x10, 0xC2, 0xFF, 0x10, 0xC3,
    0xFF, 0x10, 0xE3, 0xFF, 0x19, 0x03, 0xFF, 0x19, 0x24, 0xFF, 0x19, 0x44, 0xFF, 0x19, 0x65, 0xFF,
    0x21, 0x65, 0xFF, 0x21, 0xA5, 0xFF, 0x19, 0x24, 0xFF, 0x00, 0x20, 0xFF, 0x00, 0x20, 0xFF, 0x08,
    0x41, 0xFF, 0x08, 0x41, 0xFF, 0x08, 0x61, 0xFF, 0x08, 0x41, 0xFF, 0x08, 0x41, 0xFF, 0x00, 0x20,
    0xFF, 0x00, 0x20, 0xFF, 0x08, 0x41, 0xFF, 0x10, 0x82, 0xFF, 0x10, 0xA2, 0xFF, 0x10, 0xA2, 0xFF,
    0x10, 0xA2, 0xFF, 0x10, 0xC3, 0xFF, 0x18, 0xC3, 0xFF, 0x19, 0x04, 0xFF, 0x19, 0x25, 0xFF, 0x29,
    0x44, 0xFF, 0x39, 0x64, 0xFF, 0x41, 0xA5, 0xFF, 0x5A, 0x27, 0xFF, 0x62, 0x87, 0xFF, 0x6A, 0x87,
    0xFF, 0x83, 0x09, 0xFF, 0xAC, 0x4D, 0xFF, 0xBC, 0xF0, 0xFF, 0xC5, 0x31, 0xFF, 0xCD, 0x72, 0xFF,
    0xD5, 0x93, 0xFF, 0xD5, 0xB3, 0xFF, 0xD5, 0x72, 0xFF, 0xAC, 0x2E, 0xFF, 0x83, 0x29, 0xFF, 0x83,
    0x09, 0xFF, 0x83, 0x2A, 0xFF, 0x83, 0x09, 0xFF, 0x7A, 0xE9, 0xFF, 0x7A, 0xE8, 0xFF, 0x7A, 0xE9,
    0xFF, 0x7A, 0xE8, 0xFF, 0x7B, 0x09, 0xFF, 0x7B, 0x29, 0xFF, 0x83, 0x6A, 0xFF, 0x93, 0xCC, 0xFF,
    0x8B, 0x8A, 0xFF, 0x29, 0x44, 0xFF, 0x08, 0xA2, 0xFF, 0x18, 0xE3, 0xFF, 0x10, 0xC3, 0xFF, 0x10,
    0xC3, 0xFF, 0x10, 0xE3, 0xFF, 0x19, 0x03, 0xFF, 0x19, 0x24, 0xFF, 0x19, 0x44, 0xFF, 0x19, 0x44,
    0xFF, 0x19, 0x44, 0xFF, 0x19, 0x44, 0xFF, 0x19, 0x24, 0xFF, 0x19, 0x24, 0xFF, 0x19, 0x24, 0xFF,
    0x19, 0x24, 0xFF, 0x19, 0x04, 0xFF, 0x19, 0x24, 0xFF, 0x19, 0x24, 0xFF, 0x19, 0x04, 0xFF, 0x19,
    0x03, 0xFF, 0x18, 0xE3, 0xCC, 0x10, 0xC3, 0xB7, 0x10, 0xA2, 0xFF, 0x18, 0xE3, 0xFF, 0x19, 0x24,
    0xFF, 0x19, 0x44, 0xFF, 0x21, 0x65, 0xFF, 0x21, 0x65, 0xFF, 0x21, 0x65, 0xFF, 0x19, 0x44, 0xFF,
    0x19, 0x03, 0xFF, 0x10, 0xC3, 0xFF, 0x10, 0xA2, 0xFF, 0x10, 0xC2, 0xFF, 0x10, 0xC2, 0xFF, 0x10,
    0xA2, 0xFF, 0x10, 0xC3, 0xFF, 0x10, 0xE3, 0xFF, 0x19, 0x03, 0xFF, 0x19, 0x24, 0xFF, 0x19, 0x44,
    0xFF, 0x19, 0x64, 0xFF, 0x21, 0x85, 0xFF, 0x29, 0xA6, 0xFF, 0x29, 0xA6, 0xFF, 0x29, 0xC6, 0xFF,
    0x10, 0xE3, 0xFF, 0x00, 0x20, 0xFF, 0x00, 0x00, 0xFF, 0x00, 0x00, 0xFF, 0x08, 0x41, 0xFF, 0x08,
    0x61, 0xFF, 0x08, 0x61, 0xFF, 0x08, 0x61, 0xFF, 0x08, 0x41, 0xFF, 0x08, 0x41, 0xFF, 0x08, 0x61,
    0xFF, 0x10, 0xA2, 0xFF, 0x10, 0xA2, 0xFF, 0x10, 0xA2, 0xFF, 0x10, 0xA2, 0xFF, 0x18, 0xC3, 0xFF,
    0x18, 0xE4, 0xFF, 0x21, 0x45, 0xFF, 0x29, 0x44, 0xFF, 0x41, 0x84, 0xFF, 0x49, 0xC5, 0xFF, 0x5A,
    0x26, 0xFF, 0x6A, 0x87, 0xFF, 0x6A, 0x88, 0xFF, 0x93, 0x8B, 0xFF, 0xB4, 0x6D, 0xFF, 0xC4, 0xF0,
    0xFF, 0xCD, 0x31, 0xFF, 0xCD, 0x92, 0xFF, 0xD5, 0xB3, 0xFF, 0xD5, 0x93, 0xFF, 0xD5, 0x93, 0xFF,
    0xD5, 0x92, 0xFF, 0xB4, 0xAF, 0xFF, 0x8B, 0x4A, 0xFF, 0x83, 0x09, 0xFF, 0x83, 0x2A, 0xFF, 0x83,
    0x2A, 0xFF, 0x7B, 0x2A, 0xFF, 0x7B, 0x2A, 0xFF, 0x7B, 0x0A, 0xFF, 0x83, 0x2A, 0xFF, 0x83, 0x4A,
    0xFF, 0x8B, 0x8B, 0xFF, 0xAC, 0xAF, 0xFF, 0x8B, 0xAB, 0xFF, 0x19, 0x03, 0xFF, 0x08, 0xE3, 0xFF,
    0x18, 0xE3, 0xFF, 0x18, 0xC3, 0xFF, 0x18, 0xC3, 0xFF, 0x10, 0xE3, 0xFF, 0x19, 0x24, 0xFF, 0x19,
    0x44, 0xFF, 0x19, 0x44, 0xFF, 0x19, 0x24, 0xFF, 0x19, 0x24, 0xFF, 0x19, 0x44, 0xFF, 0x19, 0x44,
    0xFF, 0x19, 0x24, 0xFF, 0x19, 0x24, 0xFF, 0x19, 0x24, 0xFF, 0x21, 0x24, 0xFF, 0x19, 0x24, 0xFF,
    0x19, 0x24, 0xFF, 0x19, 0x03, 0xFF, 0x18, 0xE3, 0xFF, 0x18, 0xE3, 0xB6, 0x18, 0xC3, 0x9D, 0x18,
    0xE3, 0xFF, 0x19, 0x24, 0xFF, 0x19, 0x64, 0xFF, 0x21, 0x65, 0xFF, 0x21, 0x65, 0xFF, 0x21, 0x65,
    0xFF, 0x21, 0x65, 0xFF, 0x19, 0x44, 0xFF, 0x19, 0x24, 0xFF, 0x10, 0xE3, 0xFF, 0x10, 0xC3, 0xFF,
    0x10, 0xC3, 0xFF, 0x10, 0xC2, 0xFF, 0x10, 0xC2, 0xFF, 0x10, 0xC3, 0xFF, 0x10, 0xE3, 0xFF, 0x11,
    0x03, 0xFF, 0x19, 0x24, 0xFF, 0x19, 0x65, 0xFF, 0x21, 0x85, 0xFF, 0x29, 0xA6, 0xFF, 0x29, 0xA6,
    0xFF, 0x29, 0xA6, 0xFF, 0x29, 0xC6, 0xFF, 0x29, 0xC6, 0xFF, 0x10, 0xA2, 0xFF, 0x00, 0x00, 0xFF,
    0x00, 0x00, 0xFF, 0x00, 0x00, 0xFF, 0x00, 0x20, 0xFF, 0x08, 0x61, 0xFF, 0x08, 0x41, 0xFF, 0x08,
    0x41, 0xFF, 0x08, 0x61, 0xFF, 0x08, 0x61, 0xFF, 0x08, 0x61, 0xFF, 0x10, 0x82, 0xFF, 0x08, 0x81,
    0xFF, 0x10, 0x82, 0xFF, 0x18, 0xC3, 0xFF, 0x19, 0x04, 0xFF, 0x21, 0x65, 0xFF, 0x29, 0x44, 0xFF,
    0x31, 0x23, 0xFF, 0x49, 0xC5, 0xFF, 0x62, 0x26, 0xFF, 0x6A, 0x67, 0xFF, 0x83, 0x29, 0xFF, 0xA4,
    0x2D, 0xFF, 0xB4, 0x6E, 0xFF, 0xBC, 0xD0, 0xFF, 0xCD, 0x31, 0xFF, 0xD5, 0x92, 0xFF, 0xD5, 0xB3,
    0xFF, 0xD5, 0xB3, 0xFF, 0xD5, 0xB3, 0xFF, 0xD5, 0xB3, 0xFF, 0xD5, 0xD3, 0xFF, 0xC5, 0x11, 0xFF,
    0x93, 0x8B, 0xFF, 0x7A, 0xE9, 0xFF, 0x7B, 0x0A, 0xFF, 0x7B, 0x2A, 0xFF, 0x7B, 0x2A, 0xFF, 0x83,
    0x2A, 0xFF, 0x7A, 0xE9, 0xFF, 0x72, 0xE9, 0xFF, 0x8B, 0x8B, 0xFF, 0xBD, 0x11, 0xFF, 0x94, 0x0C,
    0xFF, 0x19, 0x03, 0xFF, 0x08, 0xE3, 0xFF, 0x18, 0xE3, 0xFF, 0x18, 0xC3, 0xFF, 0x10, 0xC3, 0xFF,
    0x19, 0x03, 0xFF, 0x19, 0x24, 0xFF, 0x19, 0x44, 0xFF, 0x19, 0x44, 0xFF, 0x19, 0x44, 0xFF, 0x19,
    0x44, 0xFF, 0x21, 0x65, 0xFF, 0x19, 0x44, 0xFF, 0x19, 0x04, 0xFF, 0x19, 0x03, 0xFF, 0x19, 0x24,
    0xFF, 0x19, 0x24, 0xFF, 0x19, 0x24, 0xFF, 0x19, 0x03, 0xFF, 0x18, 0xE3, 0xFF, 0x18, 0xC3, 0xFF,
    0x10, 0xC2, 0x9C, 0x19, 0x03, 0x7B, 0x19, 0x44, 0xFF, 0x21, 0x65, 0xFF, 0x21, 0x65, 0xFF, 0x21,
    0x65, 0xFF, 0x21, 0x85, 0xFF, 0x21, 0x85, 0xFF, 0x21, 0x65, 0xFF, 0x21, 0x65, 0xFF, 0x19, 0x24,
    0xFF, 0x19, 0x03, 0xFF, 0x10, 0xE3, 0xFF, 0x10, 0xC3, 0xFF, 0x10, 0xC2, 0xFF, 0x10, 0xC2, 0xFF,
    0x10, 0xC2, 0xFF, 0x10, 0xC3, 0xFF, 0x19, 0x03, 0xFF, 0x19, 0x24, 0xFF, 0x21, 0x65, 0xFF, 0x29,
    0xA6, 0xFF, 0x29, 0xC6, 0xFF, 0x29, 0xE7, 0xFF, 0x29, 0xC6, 0xFF, 0x29, 0xC6, 0xFF, 0x32, 0x07,
    0xFF, 0x31, 0xE7, 0xFF, 0x10, 0xC3, 0xFF, 0x00, 0x20, 0xFF, 0x00, 0x00, 0xFF, 0x00, 0x00, 0xFF,
    0x08, 0x41, 0xFF, 0x08, 0x41, 0xFF, 0x08, 0x41, 0xFF, 0x08, 0x41, 0xFF, 0x08, 0x41, 0xFF, 0x08,
    0x41, 0xFF, 0x08, 0x81, 0xFF, 0x08, 0x82, 0xFF, 0x10, 0xA2, 0xFF, 0x18, 0xC3, 0xFF, 0x18, 0xE4,
    0xFF, 0x21, 0x24, 0xFF, 0x21, 0x24, 0xFF, 0x31, 0x23, 0xFF, 0x49, 0xA5, 0xFF, 0x5A, 0x06, 0xFF,
    0x6A, 0x87, 0xFF, 0x93, 0xAB, 0xFF, 0xB4, 0x4D, 0xFF, 0xB4, 0x8E, 0xFF, 0xBC, 0xCF, 0xFF, 0xC5,
    0x31, 0xFF, 0xCD, 0x52, 0xFF, 0xD5, 0xB3, 0xFF, 0xD5, 0xB4, 0xFF, 0xD5, 0xD4, 0xFF, 0xD5, 0xD4,
    0xFF, 0xD5, 0x93, 0xFF, 0xD5, 0xB3, 0xFF, 0xC5, 0x11, 0xFF, 0x9B, 0xEC, 0xFF, 0x8B, 0x4B, 0xFF,
    0x8B, 0x6B, 0xFF, 0x93, 0x8B, 0xFF, 0x93, 0xAB, 0xFF, 0x9B, 0xED, 0xFF, 0x9B, 0xED, 0xFF, 0x93,
    0xCC, 0xFF, 0xAC, 0xF0, 0xFF, 0x9C, 0x2D, 0xFF, 0x21, 0x23, 0xFF, 0x08, 0xC3, 0xFF, 0x18, 0xE3,
    0xFF, 0x18, 0xE3, 0xFF, 0x10, 0xE3, 0xFF, 0x19, 0x04, 0xFF, 0x19, 0x24, 0xFF, 0x21, 0x65, 0xFF,
    0x21, 0x65, 0xFF, 0x21, 0x65, 0xFF, 0x21, 0x85, 0xFF, 0x21, 0x65, 0xFF, 0x19, 0x44, 0xFF, 0x19,
    0x03, 0xFF, 0x18, 0xE3, 0xFF, 0x19, 0x04, 0xFF, 0x19, 0x24, 0xFF, 0x19, 0x03, 0xFF, 0x18, 0xE3,
    0xFF, 0x18, 0xE3, 0xFF, 0x10, 0xC2, 0xFF, 0x10, 0xA2, 0x7B, 0x21, 0x24, 0x54, 0x21, 0x45, 0xFF,
    0x21, 0x65, 0xFF, 0x21, 0x65, 0xFF, 0x21, 0x85, 0xFF, 0x21, 0xA5, 0xFF, 0x21, 0x85, 0xFF, 0x21,
    0x65, 0xFF, 0x21, 0x65, 0xFF, 0x19, 0x24, 0xFF, 0x10, 0xE3, 0xFF, 0x10, 0xC2, 0xFF, 0x10, 0xC2,
    0xFF, 0x10, 0xC2, 0xFF, 0x10, 0xA2, 0xFF, 0x10, 0xA2, 0xFF, 0x10, 0xC3, 0xFF, 0x19, 0x04, 0xFF,
    0x19, 0x44, 0xFF, 0x21, 0x85, 0xFF, 0x29, 0xC6, 0xFF, 0x2A, 0x07, 0xFF, 0x32, 0x07, 0xFF, 0x31,
    0xE7, 0xFF, 0x31, 0xE7, 0xFF, 0x31, 0xE7, 0xFF, 0x32, 0x08, 0xFF, 0x31, 0xE7, 0xFF, 0x21, 0x24,
    0xFF, 0x10, 0xA2, 0xFF, 0x08, 0x41, 0xFF, 0x00, 0x00, 0xFF, 0x00, 0x00, 0xFF, 0x08, 0x20, 0xFF,
    0x08, 0x41, 0xFF, 0x08, 0x41, 0xFF, 0x08, 0x61, 0xFF, 0x08, 0x61, 0xFF, 0x08, 0x81, 0xFF, 0x18,
    0xC3, 0xFF, 0x10, 0xC3, 0xFF, 0x18, 0xE3, 0xFF, 0x18, 0xE4, 0xFF, 0x29, 0x24, 0xFF, 0x39, 0x64,
    0xFF, 0x49, 0xA5, 0xFF, 0x5A, 0x06, 0xFF, 0x7A, 0xE9, 0xFF, 0xA3, 0xEC, 0xFF, 0xAC, 0x4D, 0xFF,
    0xB4, 0x8E, 0xFF, 0xBC, 0xEF, 0xFF, 0xC5, 0x11, 0xFF, 0xCD, 0x52, 0xFF, 0xD5, 0x93, 0xFF, 0xD5,
    0xB3, 0xFF, 0xD5, 0xB4, 0xFF, 0xD5, 0xD4, 0xFF, 0xD5, 0xB3, 0xFF, 0xD5, 0x93, 0xFF, 0xD5, 0x93,
    0xFF, 0xCD, 0x31, 0xFF, 0xB4, 0x8F, 0xFF, 0xBC, 0xAF, 0xFF, 0xBC, 0xAF, 0xFF, 0xB4, 0xAF, 0xFF,
    0xBC, 0xF0, 0xFF, 0xBC, 0xF0, 0xFF, 0xB4, 0xCF, 0xFF, 0xAC, 0xCF, 0xFF, 0x9C, 0x4D, 0xFF, 0x31,
    0x85, 0xFF, 0x08, 0xA2, 0xFF, 0x10, 0xE3, 0xFF, 0x18, 0xE3, 0xFF, 0x19, 0x03, 0xFF, 0x19, 0x24,
    0xFF, 0x19, 0x44, 0xFF, 0x21, 0x65, 0xFF, 0x21, 0x65, 0xFF, 0x21, 0x65, 0xFF, 0x21, 0x65, 0xFF,
    0x21, 0x65, 0xFF, 0x19, 0x44, 0xFF, 0x19, 0x04, 0xFF, 0x18, 0xE3, 0xFF, 0x18, 0xE3, 0xFF, 0x19,
    0x03, 0xFF, 0x18, 0xE3, 0xFF, 0x18, 0xE2, 0xFF, 0x10, 0xC2, 0xFF, 0x10, 0xA2, 0xFF, 0x10, 0xA2,
    0x54, 0x21, 0x44, 0x27, 0x21, 0x45, 0xFF, 0x21, 0x65, 0xFF, 0x21, 0x85, 0xFF, 0x29, 0x85, 0xFF,
    0x21, 0xA5, 0xFF, 0x21, 0x85, 0xFF, 0x21, 0x65, 0xFF, 0x19, 0x44, 0xFF, 0x19, 0x24, 0xFF, 0x10,
    0xE3, 0xFF, 0x10, 0xA2, 0xFF, 0x10, 0xA2, 0xFF, 0x10, 0xA2, 0xFF, 0x08, 0x82, 0xFF, 0x08, 0x82,
    0xFF, 0x10, 0xA2, 0xFF, 0x19, 0x03, 0xFF, 0x19, 0x44, 0xFF, 0x21, 0x85, 0xFF, 0x29, 0xC6, 0xFF,
    0x29, 0xE7, 0xFF, 0x32, 0x07, 0xFF, 0x32, 0x07, 0xFF, 0x31, 0xC6, 0xFF, 0x29, 0xA6, 0xFF, 0x29,
    0xA6, 0xFF, 0x31, 0xC7, 0xFF, 0x31, 0xE7, 0xFF, 0x29, 0xA6, 0xFF, 0x21, 0x24, 0xFF, 0x10, 0x82,
    0xFF, 0x08, 0x41, 0xFF, 0x00, 0x20, 0xFF, 0x00, 0x40, 0xFF, 0x08, 0x41, 0xFF, 0x00, 0x41, 0xFF,
    0x08, 0x41, 0xFF, 0x10, 0xA2, 0xFF, 0x10, 0xA2, 0xFF, 0x10, 0xC2, 0xFF, 0x18, 0xE4, 0xFF, 0x18,
    0xE4, 0xFF, 0x29, 0x24, 0xFF, 0x31, 0x03, 0xFF, 0x41, 0x84, 0xFF, 0x6A, 0x67, 0xFF, 0x8B, 0x4A,
    0xFF, 0x9B, 0xCB, 0xFF, 0xA4, 0x0C, 0xFF, 0xB4, 0x6D, 0xFF, 0xBC, 0xEF, 0xFF, 0xC5, 0x10, 0xFF,
    0xCD, 0x51, 0xFF, 0xCD, 0x72, 0xFF, 0xD5, 0x93, 0xFF, 0xD5, 0xD4, 0xFF, 0xD5, 0xD4, 0xFF, 0xD5,
    0xD4, 0xFF, 0xD5, 0xD4, 0xFF, 0xD5, 0x93, 0xFF, 0xD5, 0x93, 0xFF, 0xCD, 0x52, 0xFF, 0xC4, 0xF0,
    0xFF, 0xBC, 0xCF, 0xFF, 0xB4, 0xAF, 0xFF, 0xAC, 0x6D, 0xFF, 0xA4, 0x0C, 0xFF, 0xA3, 0xEB, 0xFF,
    0xAC, 0x6D, 0xFF, 0xB4, 0xAF, 0xFF, 0x42, 0x06, 0xFF, 0x08, 0x82, 0xFF, 0x18, 0xE3, 0xFF, 0x18,
    0xE3, 0xFF, 0x11, 0x03, 0xFF, 0x11, 0x03, 0xFF, 0x19, 0x24, 0xFF, 0x21, 0x65, 0xFF, 0x21, 0x65,
    0xFF, 0x21, 0x65, 0xFF, 0x21, 0x65, 0xFF, 0x21, 0x65, 0xFF, 0x21, 0x64, 0xFF, 0x19, 0x24, 0xFF,
    0x19, 0x03, 0xFF, 0x18, 0xE3, 0xFF, 0x18, 0xE3, 0xFF, 0x18, 0xE3, 0xFF, 0x10, 0xE3, 0xFF, 0x10,
    0xC2, 0xFF, 0x10, 0xA2, 0xFF, 0x10, 0xA2, 0x27, 0x19, 0x44, 0x04, 0x21, 0x44, 0xE3, 0x21, 0x44,
    0xFF, 0x21, 0x85, 0xFF, 0x21, 0x85, 0xFF, 0x21, 0x65, 0xFF, 0x19, 0x44, 0xFF, 0x19, 0x44, 0xFF,
    0x19, 0x24, 0xFF, 0x19, 0x03, 0xFF, 0x10, 0xC3, 0xFF, 0x10, 0xA2, 0xFF, 0x10, 0xA2, 0xFF, 0x08,
    0x82, 0xFF, 0x08, 0x61, 0xFF, 0x08, 0x61, 0xFF, 0x08, 0x81, 0xFF, 0x10, 0xE3, 0xFF, 0x19, 0x44,
    0xFF, 0x29, 0xA6, 0xFF, 0x29, 0xC6, 0xFF, 0x32, 0x07, 0xFF, 0x32, 0x07, 0xFF, 0x32, 0x07, 0xFF,
    0x29, 0xC6, 0xFF, 0x29, 0xA6, 0xFF, 0x29, 0x86, 0xFF, 0x29, 0x86, 0xFF, 0x29, 0x86, 0xFF, 0x21,
    0x65, 0xFF, 0x21, 0x25, 0xFF, 0x18, 0xE3, 0xFF, 0x10, 0xC2, 0xFF, 0x10, 0xA2, 0xFF, 0x10, 0xA2,
    0xFF, 0x10, 0xA2, 0xFF, 0x10, 0x82, 0xFF, 0x10, 0x82, 0xFF, 0x18, 0xE3, 0xFF, 0x10, 0xA2, 0xFF,
    0x08, 0x82, 0xFF, 0x18, 0xE3, 0xFF, 0x18, 0xC3, 0xFF, 0x10, 0x82, 0xFF, 0x31, 0x23, 0xFF, 0x5A,
    0x26, 0xFF, 0x72, 0xA8, 0xFF, 0x8B, 0x2A, 0xFF, 0x93, 0x6A, 0xFF, 0x9B, 0xAB, 0xFF, 0xAC, 0x2C,
    0xFF, 0xB4, 0x8E, 0xFF, 0xBC, 0xCF, 0xFF, 0xC5, 0x31, 0xFF, 0xCD, 0x72, 0xFF, 0xD5, 0x93, 0xFF,
    0xD5, 0xB3, 0xFF, 0xDD, 0xD4, 0xFF, 0xD5, 0xD4, 0xFF, 0xD5, 0xD4, 0xFF, 0xD5, 0xB3, 0xFF, 0xCD,
    0x72, 0xFF, 0xCD, 0x52, 0xFF, 0xC5, 0x30, 0xFF, 0xBC, 0xD0, 0xFF, 0xB4, 0x8E, 0xFF, 0xA4, 0x0C,
    0xFF, 0x9B, 0xCB, 0xFF, 0x8B, 0x48, 0xFF, 0x8B, 0x28, 0xFF, 0xBC, 0xCF, 0xFF, 0x52, 0x88, 0xFF,
    0x00, 0x81, 0xFF, 0x18, 0xE3, 0xFF, 0x18, 0xE3, 0xFF, 0x10, 0xE3, 0xFF, 0x10, 0xE3, 0xFF, 0x19,
    0x24, 0xFF, 0x19, 0x64, 0xFF, 0x21, 0x65, 0xFF, 0x21, 0x65, 0xFF, 0x21, 0x65, 0xFF, 0x21, 0x65,
    0xFF, 0x21, 0x64, 0xFF, 0x19, 0x44, 0xFF, 0x19, 0x03, 0xFF, 0x18, 0xE3, 0xFF, 0x18, 0xE3, 0xFF,
    0x18, 0xE3, 0xFF, 0x18, 0xE3, 0xFF, 0x18, 0xC2, 0xFF, 0x10, 0xA2, 0xE3, 0x10, 0xA2, 0x04, 0x21,
    0x44, 0x00, 0x21, 0x24, 0xAE, 0x21, 0x24, 0xFF, 0x21, 0x44, 0xFF, 0x21, 0x44, 0xFF, 0x19, 0x24,
    0xFF, 0x19, 0x44, 0xFF, 0x19, 0x44, 0xFF, 0x19, 0x24, 0xFF, 0x18, 0xE3, 0xFF, 0x10, 0xC3, 0xFF,
    0x10, 0xA2, 0xFF, 0x10, 0xA2, 0xFF, 0x08, 0x82, 0xFF, 0x08, 0x81, 0xFF, 0x08, 0x61, 0xFF, 0x08,
    0x82, 0xFF, 0x10, 0xE3, 0xFF, 0x21, 0x65, 0xFF, 0x29, 0xA6, 0xFF, 0x29, 0xC6, 0xFF, 0x31, 0xE7,
    0xFF, 0x32, 0x07, 0xFF, 0x31, 0xE7, 0xFF, 0x29, 0xC6, 0xFF, 0x29, 0x86, 0xFF, 0x29, 0x65, 0xFF,
    0x29, 0x65, 0xFF, 0x21, 0x45, 0xFF, 0x19, 0x24, 0xFF, 0x19, 0x04, 0xFF, 0x18, 0xC3, 0xFF, 0x18,
    0xC3, 0xFF, 0x10, 0xC2, 0xFF, 0x10, 0xC2, 0xFF, 0x18, 0xC3, 0xFF, 0x18, 0xE3, 0xFF, 0x18, 0xE3,
    0xFF, 0x18, 0xE3, 0xFF, 0x10, 0xA2, 0xFF, 0x08, 0x61, 0xFF, 0x08, 0x61, 0xFF, 0x08, 0x61, 0xFF,
    0x20, 0xE2, 0xFF, 0x52, 0x06, 0xFF, 0x6A, 0x47, 0xFF, 0x72, 0xC8, 0xFF, 0x8B, 0x49, 0xFF, 0x93,
    0x6A, 0xFF, 0x9B, 0x8A, 0xFF, 0xAC, 0x0C, 0xFF, 0xB4, 0x8E, 0xFF, 0xC4, 0xCF, 0xFF, 0xCD, 0x30,
    0xFF, 0xD5, 0x72, 0xFF, 0xD5, 0xB3, 0xFF, 0xD5, 0xB3, 0xFF, 0xD5, 0xD4, 0xFF, 0xD5, 0xD4, 0xFF,
    0xD5, 0xB4, 0xFF, 0xCD, 0x93, 0xFF, 0xC5, 0x31, 0xFF, 0xC5, 0x10, 0xFF, 0xBC, 0xF0, 0xFF, 0xBC,
    0xAF, 0xFF, 0xB4, 0x8E, 0xFF, 0xAC, 0x2D, 0xFF, 0xA4, 0x2C, 0xFF, 0x9B, 0xEC, 0xFF, 0x8B, 0x48,
    0xFF, 0xC5, 0x0F, 0xFF, 0x52, 0xA9, 0xFF, 0x00, 0x61, 0xFF, 0x10, 0xE3, 0xFF, 0x10, 0xE3, 0xFF,
    0x10, 0xC3, 0xFF, 0x10, 0xC2, 0xFF, 0x11, 0x03, 0xFF, 0x19, 0x44, 0xFF, 0x21, 0x65, 0xFF, 0x21,
    0x65, 0xFF, 0x21, 0x65, 0xFF, 0x21, 0x44, 0xFF, 0x19, 0x44, 0xFF, 0x19, 0x24, 0xFF, 0x19, 0x03,
    0xFF, 0x18, 0xE3, 0xFF, 0x18, 0xE3, 0xFF, 0x19, 0x03, 0xFF, 0x18, 0xE3, 0xFF, 0x18, 0xE3, 0xFF,
    0x18, 0xC2, 0xAF, 0x10, 0xA2, 0x00, 0x19, 0x24, 0x00, 0x19, 0x24, 0x72, 0x19, 0x23, 0xFF, 0x19,
    0x03, 0xFF, 0x19, 0x24, 0xFF, 0x19, 0x24, 0xFF, 0x19, 0x44, 0xFF, 0x19, 0x44, 0xFF, 0x19, 0x24,
    0xFF, 0x19, 0x04, 0xFF, 0x18, 0xE3, 0xFF, 0x10, 0xC2, 0xFF, 0x10, 0xA2, 0xFF, 0x10, 0xA2, 0xFF,
    0x08, 0x82, 0xFF, 0x08, 0x61, 0xFF, 0x10, 0x82, 0xFF, 0x10, 0xE3, 0xFF, 0x19, 0x44, 0xFF, 0x21,
    0x65, 0xFF, 0x29, 0xA6, 0xFF, 0x29, 0xC6, 0xFF, 0x29, 0xC6, 0xFF, 0x29, 0xC6, 0xFF, 0x29, 0xA6,
    0xFF, 0x21, 0x65, 0xFF, 0x21, 0x45, 0xFF, 0x21, 0x45, 0xFF, 0x21, 0x24, 0xFF, 0x21, 0x24, 0xFF,
    0x21, 0x04, 0xFF, 0x18, 0xE3, 0xFF, 0x10, 0xC3, 0xFF, 0x10, 0xC2, 0xFF, 0x10, 0xC2, 0xFF, 0x18,
    0xC3, 0xFF, 0x18, 0xE3, 0xFF, 0x18, 0xE3, 0xFF, 0x10, 0xC3, 0xFF, 0x10, 0xA2, 0xFF, 0x08, 0x81,
    0xFF, 0x08, 0x61, 0xFF, 0x18, 0xC2, 0xFF, 0x49, 0xE6, 0xFF, 0x62, 0x47, 0xFF, 0x6A, 0x88, 0xFF,
    0x7B, 0x09, 0xFF, 0x93, 0x6A, 0xFF, 0x9B, 0xAB, 0xFF, 0x9B, 0xAB, 0xFF, 0xA3, 0xEC, 0xFF, 0xB4,
    0x8E, 0xFF, 0xBC, 0xEF, 0xFF, 0xC5, 0x31, 0xFF, 0xCD, 0x52, 0xFF, 0xCD, 0x72, 0xFF, 0xD5, 0x93,
    0xFF, 0xD5, 0xB4, 0xFF, 0xD5, 0xB4, 0xFF, 0xD5, 0xD4, 0xFF, 0xD5, 0x93, 0xFF, 0xC5, 0x31, 0xFF,
    0xBC, 0xCF, 0xFF, 0xBC, 0xCF, 0xFF, 0xB4, 0xAE, 0xFF, 0xB4, 0x8E, 0xFF, 0xB4, 0x8E, 0xFF, 0xB4,
    0x8E, 0xFF, 0xA4, 0x0B, 0xFF, 0x9B, 0x89, 0xFF, 0x93, 0x8A, 0xFF, 0x29, 0x85, 0xFF, 0x08, 0xE3,
    0xFF, 0x11, 0x03, 0xFF, 0x19, 0x03, 0xFF, 0x10, 0xC3, 0xFF, 0x10, 0xA2, 0xFF, 0x10, 0xC3, 0xFF,
    0x19, 0x24, 0xFF, 0x21, 0x65, 0xFF, 0x21, 0x65, 0xFF, 0x21, 0x65, 0xFF, 0x21, 0x44, 0xFF, 0x19,
    0x44, 0xFF, 0x19, 0x24, 0xFF, 0x18, 0xE3, 0xFF, 0x19, 0x03, 0xFF, 0x19, 0x03, 0xFF, 0x19, 0x03,
    0xFF, 0x18, 0xE3, 0xFF, 0x18, 0xC3, 0xFF, 0x18, 0xC2, 0x72, 0x10, 0xA2, 0x00, 0x18, 0xE3, 0x00,
    0x18, 0xE3, 0x2C, 0x18, 0xE3, 0xFF, 0x18, 0xE3, 0xFF, 0x19, 0x03, 0xFF, 0x19, 0x23, 0xFF, 0x19,
    0x24, 0xFF, 0x19, 0x24, 0xFF, 0x19, 0x24, 0xFF, 0x19, 0x24, 0xFF, 0x19, 0x24, 0xFF, 0x10, 0xE3,
    0xFF, 0x10, 0xC2, 0xFF, 0x10, 0xA2, 0xFF, 0x08, 0x82, 0xFF, 0x08, 0x81, 0xFF, 0x08, 0x82, 0xFF,
    0x10, 0xE3, 0xFF, 0x11, 0x03, 0xFF, 0x19, 0x24, 0xFF, 0x21, 0x65, 0xFF, 0x21, 0x85, 0xFF, 0x21,
    0x85, 0xFF, 0x21, 0x85, 0xFF, 0x21, 0x44, 0xFF, 0x19, 0x24, 0xFF, 0x19, 0x24, 0xFF, 0x19, 0x04,
    0xFF, 0x21, 0x24, 0xFF, 0x21, 0x24, 0xFF, 0x19, 0x03, 0xFF, 0x18, 0xC3, 0xFF, 0x10, 0xA2, 0xFF,
    0x18, 0xC3, 0xFF, 0x18, 0xC3, 0xFF, 0x18, 0xC3, 0xFF, 0x18, 0xC3, 0xFF, 0x18, 0xC3, 0xFF, 0x18,
    0xE3, 0xFF, 0x18, 0xC3, 0xFF, 0x08, 0x61, 0xFF, 0x10, 0xC3, 0xFF, 0x39, 0x85, 0xFF, 0x5A, 0x26,
    0xFF, 0x62, 0x68, 0xFF, 0x7A, 0xE9, 0xFF, 0x93, 0x6A, 0xFF, 0xA3, 0xCC, 0xFF, 0xAC, 0x0C, 0xFF,
    0xA3, 0xEB, 0xFF, 0x9B, 0xCB, 0xFF, 0xAC, 0x2C, 0xFF, 0xB4, 0xAE, 0xFF, 0xC5, 0x10, 0xFF, 0xC5,
    0x31, 0xFF, 0xC5, 0x31, 0xFF, 0xCD, 0x92, 0xFF, 0xD5, 0x93, 0xFF, 0xD5, 0x93, 0xFF, 0xD5, 0xB3,
    0xFF, 0xD5, 0xB4, 0xFF, 0xCD, 0x52, 0xFF, 0xBC, 0xF0, 0xFF, 0xBC, 0xF0, 0xFF, 0xB4, 0xAE, 0xFF,
    0xB4, 0xAE, 0xFF, 0xB4, 0xAF, 0xFF, 0xBD, 0x10, 0xFF, 0xAC, 0x4C, 0xFF, 0x93, 0x28, 0xFF, 0x49,
    0xC5, 0xFF, 0x11, 0x04, 0xFF, 0x21, 0x65, 0xFF, 0x21, 0x65, 0xFF, 0x19, 0x44, 0xFF, 0x19, 0x24,
    0xFF, 0x10, 0xE3, 0xFF, 0x10, 0xC3, 0xFF, 0x18, 0xE3, 0xFF, 0x21, 0x44, 0xFF, 0x21, 0x65, 0xFF,
    0x21, 0x65, 0xFF, 0x21, 0x65, 0xFF, 0x21, 0x44, 0xFF, 0x21, 0x24, 0xFF, 0x19, 0x03, 0xFF, 0x19,
    0x03, 0xFF, 0x19, 0x03, 0xFF, 0x19, 0x03, 0xFF, 0x18, 0xE3, 0xFF, 0x18, 0xC3, 0xFF, 0x18, 0xA2,
    0x2C, 0x10, 0xA2, 0x00, 0x10, 0xA2, 0x00, 0x10, 0xC2, 0x00, 0x10, 0xC2, 0xD6, 0x18, 0xE3, 0xFF,
    0x19, 0x03, 0xFF, 0x19, 0x03, 0xFF, 0x19, 0x24, 0xFF, 0x19, 0x24, 0xFF, 0x19, 0x24, 0xFF, 0x19,
    0x44, 0xFF, 0x19, 0x44, 0xFF, 0x19, 0x24, 0xFF, 0x18, 0xE3, 0xFF, 0x10, 0xA2, 0xFF, 0x10, 0xA2,
    0xFF, 0x08, 0x81, 0xFF, 0x08, 0x82, 0xFF, 0x10, 0xC3, 0xFF, 0x19, 0x03, 0xFF, 0x19, 0x24, 0xFF,
    0x19, 0x44, 0xFF, 0x21, 0x65, 0xFF, 0x21, 0x65, 0xFF, 0x19, 0x44, 0xFF, 0x19, 0x04, 0xFF, 0x18,
    0xE3, 0xFF, 0x18, 0xC3, 0xFF, 0x18, 0xC3, 0xFF, 0x18, 0xE3, 0xFF, 0x18, 0xE3, 0xFF, 0x18, 0xE3,
    0xFF, 0x18, 0xE3, 0xFF, 0x10, 0xC2, 0xFF, 0x18, 0xC3, 0xFF, 0x18, 0xC3, 0xFF, 0x18, 0xE3, 0xFF,
    0x18, 0xE3, 0xFF, 0x18, 0xE3, 0xFF, 0x18, 0xE3, 0xFF, 0x18, 0xE3, 0xFF, 0x10, 0xA2, 0xFF, 0x18,
    0xE3, 0xFF, 0x41, 0xE6, 0xFF, 0x51, 0xE6, 0xFF, 0x6A, 0x88, 0xFF, 0x93, 0x6A, 0xFF, 0xA3, 0xCB,
    0xFF, 0xAC, 0x2D, 0xFF, 0xAC, 0x2C, 0xFF, 0xAC, 0x0C, 0xFF, 0xAB, 0xEC, 0xFF, 0xAC, 0x2C, 0xFF,
    0xB4, 0x8E, 0xFF, 0xBC, 0xF0, 0xFF, 0xC4, 0xF0, 0xFF, 0xC5, 0x30, 0xFF, 0xCD, 0x51, 0xFF, 0xCD,
    0x72, 0xFF, 0xCD, 0x72, 0xFF, 0xD5, 0x93, 0xFF, 0xD5, 0xB3, 0xFF, 0xCD, 0x72, 0xFF, 0xC5, 0x11,
    0xFF, 0xBC, 0xD0, 0xFF, 0xBC, 0xAF, 0xFF, 0xB4, 0x6D, 0xFF, 0xB4, 0x6D, 0xFF, 0xC5, 0x10, 0xFF,
    0xBC, 0xCF, 0xFF, 0x72, 0xC7, 0xFF, 0x21, 0x44, 0xFF, 0x21, 0x86, 0xFF, 0x29, 0xA6, 0xFF, 0x29,
    0xA6, 0xFF, 0x21, 0x85, 0xFF, 0x21, 0x65, 0xFF, 0x19, 0x24, 0xFF, 0x19, 0x03, 0xFF, 0x10, 0xE3,
    0xFF, 0x19, 0x44, 0xFF, 0x21, 0x65, 0xFF, 0x21, 0x65, 0xFF, 0x21, 0x64, 0xFF, 0x21, 0x44, 0xFF,
    0x21, 0x44, 0xFF, 0x21, 0x24, 0xFF, 0x19, 0x24, 0xFF, 0x19, 0x03, 0xFF, 0x18, 0xE3, 0xFF, 0x18,
    0xE3, 0xFF, 0x18, 0xC2, 0xD6, 0x10, 0xA2, 0x00, 0x10, 0xA2, 0x00, 0x10, 0xA2, 0x00, 0x18, 0xC2,
    0x00, 0x18, 0xE3, 0x86, 0x19, 0x03, 0xFF, 0x19, 0x03, 0xFF, 0x18, 0xE3, 0xFF, 0x19, 0x04, 0xFF,
    0x21, 0x44, 0xFF, 0x21, 0x44, 0xFF, 0x21, 0x44, 0xFF, 0x19, 0x44, 0xFF, 0x19, 0x44, 0xFF, 0x19,
    0x04, 0xFF, 0x10, 0xC3, 0xFF, 0x10, 0xA2, 0xFF, 0x08, 0x81, 0xFF, 0x08, 0x82, 0xFF, 0x10, 0xE3,
    0xFF, 0x19, 0x24, 0xFF, 0x19, 0x44, 0xFF, 0x21, 0x65, 0xFF, 0x21, 0x85, 0xFF, 0x21, 0x65, 0xFF,
    0x21, 0x44, 0xFF, 0x19, 0x04, 0xFF, 0x10, 0xC3, 0xFF, 0x10, 0xC2, 0xFF, 0x18, 0xC3, 0xFF, 0x18,
    0xC3, 0xFF, 0x18, 0xE3, 0xFF, 0x18, 0xE3, 0xFF, 0x18, 0xE3, 0xFF, 0x18, 0xE3, 0xFF, 0x18, 0xC3,
    0xFF, 0x18, 0xE3, 0xFF, 0x18, 0xE3, 0xFF, 0x18, 0xE3, 0xFF, 0x18, 0xE3, 0xFF, 0x18, 0xE3, 0xFF,
    0x19, 0x04, 0xFF, 0x10, 0xC3, 0xFF, 0x21, 0x03, 0xFF, 0x41, 0xA5, 0xFF, 0x6A, 0x88, 0xFF, 0x9B,
    0xAB, 0xFF, 0xA3, 0xAB, 0xFF, 0xA4, 0x0C, 0xFF, 0xAC, 0x4D, 0xFF, 0xAC, 0x4D, 0xFF, 0xB4, 0x2C,
    0xFF, 0xB4, 0x4C, 0xFF, 0xAC, 0x4D, 0xFF, 0xB4, 0x8E, 0xFF, 0xBC, 0xCF, 0xFF, 0xBC, 0xF0, 0xFF,
    0xC4, 0xF0, 0xFF, 0xC5, 0x10, 0xFF, 0xC5, 0x31, 0xFF, 0xCD, 0x72, 0xFF, 0xCD, 0x93, 0xFF, 0xCD,
    0xB3, 0xFF, 0xCD, 0x73, 0xFF, 0xC5, 0x31, 0xFF, 0xBC, 0xEF, 0xFF, 0xBC, 0xF0, 0xFF, 0xBC, 0xCF,
    0xFF, 0xB4, 0x8E, 0xFF, 0xBD, 0x10, 0xFF, 0xC4, 0xEF, 0xFF, 0x52, 0x46, 0xFF, 0x11, 0x24, 0xFF,
    0x29, 0xC7, 0xFF, 0x29, 0xE6, 0xFF, 0x29, 0xC6, 0xFF, 0x29, 0xC6, 0xFF, 0x29, 0xA5, 0xFF, 0x21,
    0x65, 0xFF, 0x19, 0x44, 0xFF, 0x19, 0x24, 0xFF, 0x19, 0x44, 0xFF, 0x21, 0x64, 0xFF, 0x21, 0x65,
    0xFF, 0x21, 0x65, 0xFF, 0x29, 0x65, 0xFF, 0x21, 0x65, 0xFF, 0x21, 0x24, 0xFF, 0x21, 0x03, 0xFF,
    0x19, 0x03, 0xFF, 0x18, 0xE3, 0xFF, 0x18, 0xC3, 0xFF, 0x18, 0xC2, 0x86, 0x10, 0x82, 0x00, 0x10,
    0x81, 0x00, 0x10, 0xA2, 0x00, 0x18, 0xC2, 0x00, 0x18, 0xE3, 0x2E, 0x18, 0xE3, 0xFF, 0x18, 0xC3,
    0xFF, 0x18, 0xE3, 0xFF, 0x19, 0x03, 0xFF, 0x21, 0x24, 0xFF, 0x21, 0x24, 0xFF, 0x19, 0x24, 0xFF,
    0x19, 0x44, 0xFF, 0x19, 0x24, 0xFF, 0x19, 0x24, 0xFF, 0x18, 0xE3, 0xFF, 0x10, 0xA2, 0xFF, 0x08,
    0x82, 0xFF, 0x10, 0xA2, 0xFF, 0x18, 0xE3, 0xFF, 0x19, 0x24, 0xFF, 0x19, 0x44, 0xFF, 0x21, 0x65,
    0xFF, 0x21, 0x65, 0xFF, 0x21, 0x65, 0xFF, 0x19, 0x24, 0xFF, 0x19, 0x04, 0xFF, 0x18, 0xC3, 0xFF,
    0x10, 0xC2, 0xFF, 0x10, 0xC3, 0xFF, 0x18, 0xC3, 0xFF, 0x18, 0xE3, 0xFF, 0x18, 0xE3, 0xFF, 0x18,
    0xE3, 0xFF, 0x18, 0xE3, 0xFF, 0x18, 0xE3, 0xFF, 0x18, 0xE3, 0xFF, 0x18, 0xE3, 0xFF, 0x18, 0xE3,
    0xFF, 0x18, 0xE3, 0xFF, 0x19, 0x04, 0xFF, 0x18, 0xE4, 0xFF, 0x08, 0xA3, 0xFF, 0x39, 0x86, 0xFF,
    0x83, 0x0A, 0xFF, 0xBC, 0x6C, 0xFF, 0xBC, 0x4D, 0xFF, 0xAC, 0x2C, 0xFF, 0xAC, 0x2C, 0xFF, 0xAC,
    0x6D, 0xFF, 0xB4, 0x8E, 0xFF, 0xB4, 0xAE, 0xFF, 0xB4, 0xAE, 0xFF, 0xAC, 0x6D, 0xFF, 0xB4, 0x8E,
    0xFF, 0xB4, 0xAE, 0xFF, 0xBC, 0xCF, 0xFF, 0xC4, 0xF0, 0xFF, 0xC5, 0x10, 0xFF, 0xC5, 0x11, 0xFF,
    0xCD, 0x52, 0xFF, 0xCD, 0x72, 0xFF, 0xCD, 0x72, 0xFF, 0xCD, 0x93, 0xFF, 0xC5, 0x31, 0xFF, 0xB4,
    0xAF, 0xFF, 0xB4, 0xCF, 0xFF, 0xC5, 0x10, 0xFF, 0xBD, 0x10, 0xFF, 0xD5, 0xD3, 0xFF, 0xC5, 0x10,
    0xFF, 0x31, 0x85, 0xFF, 0x11, 0x44, 0xFF, 0x31, 0xE7, 0xFF, 0x32, 0x07, 0xFF, 0x32, 0x07, 0xFF,
    0x31, 0xE6, 0xFF, 0x29, 0xC6, 0xFF, 0x21, 0x85, 0xFF, 0x21, 0x64, 0xFF, 0x19, 0x44, 0xFF, 0x19,
    0x44, 0xFF, 0x21, 0x44, 0xFF, 0x21, 0x65, 0xFF, 0x29, 0x65, 0xFF, 0x29, 0x65, 0xFF, 0x21, 0x44,
    0xFF, 0x21, 0x24, 0xFF, 0x20, 0xE3, 0xFF, 0x18, 0xE3, 0xFF, 0x18, 0xE3, 0xFF, 0x18, 0xC3, 0xFF,
    0x10, 0xA2, 0x2E, 0x10, 0x81, 0x00, 0x08, 0x61, 0x00, 0x10, 0x82, 0x00, 0x10, 0xA2, 0x00, 0x10,
    0xA2, 0x00, 0x10, 0xA2, 0xC9, 0x10, 0xC2, 0xFF, 0x10, 0xC2, 0xFF, 0x10, 0xE3, 0xFF, 0x19, 0x04,
    0xFF, 0x21, 0x24, 0xFF, 0x19, 0x23, 0xFF, 0x19, 0x04, 0xFF, 0x19, 0x03, 0xFF, 0x19, 0x03, 0xFF,
    0x10, 0xC3, 0xFF, 0x08, 0x82, 0xFF, 0x10, 0xA2, 0xFF, 0x10, 0xC2, 0xFF, 0x18, 0xC3, 0xFF, 0x19,
    0x04, 0xFF, 0x19, 0x44, 0xFF, 0x21, 0x64, 0xFF, 0x21, 0x65, 0xFF, 0x21, 0x45, 0xFF, 0x19, 0x44,
    0xFF, 0x19, 0x24, 0xFF, 0x18, 0xE3, 0xFF, 0x10, 0xC3, 0xFF, 0x10, 0xC2, 0xFF, 0x18, 0xC3, 0xFF,
    0x18, 0xE3, 0xFF, 0x18, 0xE3, 0xFF, 0x18, 0xE3, 0xFF, 0x18, 0xE3, 0xFF, 0x18, 0xE3, 0xFF, 0x18,
    0xE3, 0xFF, 0x18, 0xE3, 0xFF, 0x18, 0xC3, 0xFF, 0x18, 0xE3, 0xFF, 0x21, 0x04, 0xFF, 0x08, 0x62,
    0xFF, 0x21, 0x24, 0xFF, 0x8B, 0x6A, 0xFF, 0xBC, 0xCD, 0xFF, 0xC4, 0xCE, 0xFF, 0xBC, 0xAE, 0xFF,
    0xBC, 0xCE, 0xFF, 0xB4, 0x8E, 0xFF, 0xB4, 0x8E, 0xFF, 0xBC, 0xD0, 0xFF, 0xC5, 0x31, 0xFF, 0xC5,
    0x10, 0xFF, 0xB4, 0xAE, 0xFF, 0xB4, 0x6E, 0xFF, 0xB4, 0x8E, 0xFF, 0xBC, 0xAF, 0xFF, 0xBC, 0xCF,
    0xFF, 0xBC, 0xF0, 0xFF, 0xBD, 0x10, 0xFF, 0xC5, 0x11, 0xFF, 0xCD, 0x52, 0xFF, 0xCD, 0x72, 0xFF,
    0xCD, 0x72, 0xFF, 0xBD, 0x10, 0xFF, 0xB4, 0x8E, 0xFF, 0xB4, 0x8E, 0xFF, 0xAC, 0x8E, 0xFF, 0xB4,
    0x8E, 0xFF, 0xD5, 0x92, 0xFF, 0x9C, 0x4E, 0xFF, 0x10, 0xE3, 0xFF, 0x21, 0x85, 0xFF, 0x31, 0xE7,
    0xFF, 0x32, 0x07, 0xFF, 0x32, 0x27, 0xFF, 0x32, 0x07, 0xFF, 0x31, 0xE6, 0xFF, 0x29, 0xA5, 0xFF,
    0x21, 0x64, 0xFF, 0x21, 0x44, 0xFF, 0x21, 0x24, 0xFF, 0x21, 0x44, 0xFF, 0x21, 0x44, 0xFF, 0x21,
    0x44, 0xFF, 0x21, 0x44, 0xFF, 0x21, 0x44, 0xFF, 0x21, 0x04, 0xFF, 0x18, 0xE3, 0xFF, 0x18, 0xE3,
    0xFF, 0x18, 0xC3, 0xFF, 0x18, 0xC2, 0xC9, 0x10, 0xA2, 0x00, 0x08, 0x61, 0x00, 0x08, 0x61, 0x00,
    0x10, 0x81, 0x00, 0x10, 0x82, 0x00, 0x10, 0xA2, 0x00, 0x10, 0xA2, 0x61, 0x10, 0xA2, 0xFF, 0x10,
    0xA2, 0xFF, 0x10, 0xA2, 0xFF, 0x10, 0xC3, 0xFF, 0x19, 0x03, 0xFF, 0x19, 0x03, 0xFF, 0x18, 0xE3,
    0xFF, 0x18, 0xC3, 0xFF, 0x10, 0xC3, 0xFF, 0x10, 0xC2, 0xFF, 0x10, 0xA2, 0xFF, 0x10, 0xA2, 0xFF,
    0x10, 0xA2, 0xFF, 0x18, 0xE3, 0xFF, 0x19, 0x24, 0xFF, 0x21, 0x64, 0xFF, 0x21, 0x65, 0xFF, 0x21,
    0x85, 0xFF, 0x21, 0x65, 0xFF, 0x21, 0x65, 0xFF, 0x21, 0x65, 0xFF, 0x21, 0x24, 0xFF, 0x18, 0xE3,
    0xFF, 0x10, 0xC2, 0xFF, 0x10, 0xC3, 0xFF, 0x18, 0xE3, 0xFF, 0x18, 0xE3, 0xFF, 0x18, 0xE3, 0xFF,
    0x18, 0xE3, 0xFF, 0x18, 0xE3, 0xFF, 0x18, 0xE3, 0xFF, 0x18, 0xE3, 0xFF, 0x18, 0xC3, 0xFF, 0x18,
    0xE3, 0xFF, 0x00, 0x62, 0xFF, 0x11, 0x04, 0xFF, 0x9B, 0xCC, 0xFF, 0xCC, 0xEF, 0xFF, 0xC4, 0xEE,
    0xFF, 0xC5, 0x0F, 0xFF, 0xCD, 0x50, 0xFF, 0xCD, 0x51, 0xFF, 0xC4, 0xF0, 0xFF, 0xBC, 0xCF, 0xFF,
    0xC5, 0x31, 0xFF, 0xCD, 0x72, 0xFF, 0xC5, 0x31, 0xFF, 0xBC, 0xD0, 0xFF, 0xB4, 0xAF, 0xFF, 0xB4,
    0x8F, 0xFF, 0xB4, 0xAF, 0xFF, 0xB4, 0xCF, 0xFF, 0xBC, 0xCF, 0xFF, 0xBC, 0xF0, 0xFF, 0xC5, 0x10,
    0xFF, 0xC5, 0x31, 0xFF, 0xCD, 0x52, 0xFF, 0xCD, 0x72, 0xFF, 0xBD, 0x10, 0xFF, 0xB4, 0x8E, 0xFF,
    0xAC, 0x4D, 0xFF, 0xA4, 0x0C, 0xFF, 0x9B, 0xCB, 0xFF, 0xBC, 0x8D, 0xFF, 0x6B, 0x0A, 0xFF, 0x08,
    0xA3, 0xFF, 0x29, 0xA6, 0xFF, 0x31, 0xE7, 0xFF, 0x32, 0x07, 0xFF, 0x32, 0x27, 0xFF, 0x32, 0x27,
    0xFF, 0x31, 0xE7, 0xFF, 0x29, 0xA5, 0xFF, 0x21, 0x44, 0xFF, 0x21, 0x04, 0xFF, 0x19, 0x03, 0xFF,
    0x19, 0x24, 0xFF, 0x21, 0x24, 0xFF, 0x21, 0x24, 0xFF, 0x21, 0x24, 0xFF, 0x21, 0x24, 0xFF, 0x21,
    0x03, 0xFF, 0x18, 0xE3, 0xFF, 0x18, 0xE3, 0xFF, 0x18, 0xC2, 0xFF, 0x10, 0xA2, 0x61, 0x10, 0x81,
    0x00, 0x08, 0x61, 0x00, 0x08, 0x41, 0x00, 0x10, 0x82, 0x00, 0x10, 0xA2, 0x00, 0x10, 0xA2, 0x00,
    0x10, 0xA2, 0x08, 0x10, 0xA2, 0xEB, 0x18, 0xC3, 0xFF, 0x10, 0xC2, 0xFF, 0x10, 0xA2, 0xFF, 0x10,
    0xC3, 0xFF, 0x18, 0xE3, 0xFF, 0x18, 0xE3, 0xFF, 0x10, 0xC3, 0xFF, 0x10, 0xC2, 0xFF, 0x10, 0xA2,
    0xFF, 0x10, 0xA2, 0xFF, 0x10, 0xA2, 0xFF, 0x10, 0xC2, 0xFF, 0x19, 0x04, 0xFF, 0x19, 0x44, 0xFF,
    0x21, 0x64, 0xFF, 0x21, 0x85, 0xFF, 0x29, 0xA5, 0xFF, 0x29, 0xA6, 0xFF, 0x29, 0xA6, 0xFF, 0x29,
    0x86, 0xFF, 0x21, 0x24, 0xFF, 0x18, 0xE3, 0xFF, 0x10, 0xC3, 0xFF, 0x10, 0xA2, 0xFF, 0x10, 0xC3,
    0xFF, 0x19, 0x03, 0xFF, 0x19, 0x04, 0xFF, 0x19, 0x04, 0xFF, 0x19, 0x04, 0xFF, 0x19, 0x03, 0xFF,
    0x08, 0x61, 0xFF, 0x00, 0x00, 0xFF, 0x00, 0x00, 0xFF, 0x18, 0xE3, 0xFF, 0x9C, 0x2E, 0xFF, 0xD5,
    0x71, 0xFF, 0xCD, 0x30, 0xFF, 0xCD, 0x51, 0xFF, 0xCD, 0x71, 0xFF, 0xD5, 0x92, 0xFF, 0xD5, 0xD4,
    0xFF, 0xD5, 0xB4, 0xFF, 0xC5, 0x52, 0xFF, 0xCD, 0x72, 0xFF, 0xC5, 0x72, 0xFF, 0xC5, 0x52, 0xFF,
    0xC5, 0x11, 0xFF, 0xBC, 0xCF, 0xFF, 0xB4, 0xAF, 0xFF, 0xBC, 0xCF, 0xFF, 0xB4, 0xCF, 0xFF, 0xBC,
    0xCF, 0xFF, 0xC5, 0x10, 0xFF, 0xC5, 0x31, 0xFF, 0xC5, 0x51, 0xFF, 0xC5, 0x52, 0xFF, 0xC5, 0x52,
    0xFF, 0xC5, 0x11, 0xFF, 0xB4, 0xAF, 0xFF, 0xAC, 0x4D, 0xFF, 0xA3, 0xEB, 0xFF, 0x9B, 0xAA, 0xFF,
    0x93, 0x8A, 0xFF, 0x31, 0xA6, 0xFF, 0x11, 0x04, 0xFF, 0x29, 0xA5, 0xFF, 0x31, 0xE6, 0xFF, 0x32,
    0x07, 0xFF, 0x32, 0x07, 0xFF, 0x32, 0x07, 0xFF, 0x31, 0xE6, 0xFF, 0x29, 0xA5, 0xFF, 0x21, 0x24,
    0xFF, 0x19, 0x03, 0xFF, 0x18, 0xE3, 0xFF, 0x19, 0x03, 0xFF, 0x19, 0x03, 0xFF, 0x21, 0x03, 0xFF,
    0x21, 0x03, 0xFF, 0x21, 0x03, 0xFF, 0x19, 0x03, 0xFF, 0x18, 0xE3, 0xFF, 0x18, 0xC3, 0xFF, 0x10,
    0xA2, 0xEB, 0x10, 0x82, 0x08, 0x08, 0x61, 0x00, 0x08, 0x61, 0x00, 0x08, 0x41, 0x00, 0x10, 0xA2,
    0x00, 0x10, 0xA2, 0x00, 0x10, 0xA2, 0x00, 0x18, 0xC2, 0x00, 0x18, 0xE3, 0x7C, 0x18, 0xE3, 0xFF,
    0x18, 0xE3, 0xFF, 0x18, 0xC2, 0xFF, 0x10, 0xC2, 0xFF, 0x10, 0xE3, 0xFF, 0x18, 0xE3, 0xFF, 0x18,
    0xC3, 0xFF, 0x10, 0xC2, 0xFF, 0x10, 0xA2, 0xFF, 0x10, 0xA2, 0xFF, 0x08, 0xA2, 0xFF, 0x10, 0xC3,
    0xFF, 0x19, 0x03, 0xFF, 0x19, 0x23, 0xFF, 0x19, 0x45, 0xFF, 0x21, 0x85, 0xFF, 0x29, 0xC6, 0xFF,
    0x29, 0xE6, 0xFF, 0x31, 0xC6, 0xFF, 0x31, 0xC6, 0xFF, 0x29, 0x65, 0xFF, 0x18, 0xE3, 0xFF, 0x10,
    0xA2, 0xFF, 0x10, 0xA2, 0xFF, 0x10, 0xC2, 0xFF, 0x18, 0xE3, 0xFF, 0x19, 0x04, 0xFF, 0x18, 0xE3,
    0xFF, 0x21, 0x04, 0xFF, 0x08, 0x61, 0xFF, 0x21, 0x45, 0xFF, 0x5A, 0xEB, 0xFF, 0x39, 0xC7, 0xFF,
    0xA4, 0x4F, 0xFF, 0xDD, 0x91, 0xFF, 0xC4, 0xEF, 0xFF, 0xCD, 0x30, 0xFF, 0xCD, 0x51, 0xFF, 0xD5,
    0x92, 0xFF, 0xD5, 0xD4, 0xFF, 0xE6, 0x98, 0xFF, 0xEE, 0xFA, 0xFF, 0xE6, 0xB9, 0xFF, 0xDE, 0x36,
    0xFF, 0xCD, 0x93, 0xFF, 0xCD, 0x72, 0xFF, 0xC5, 0x52, 0xFF, 0xBD, 0x10, 0xFF, 0xBC, 0xCF, 0xFF,
    0xB4, 0xAF, 0xFF, 0xBC, 0xCF, 0xFF, 0xBC, 0xCF, 0xFF, 0xBC, 0xF0, 0xFF, 0xBD, 0x11, 0xFF, 0xC5,
    0x51, 0xFF, 0xC5, 0x52, 0xFF, 0xC5, 0x31, 0xFF, 0xBD, 0x11, 0xFF, 0xB4, 0xAE, 0xFF, 0xAC, 0x2C,
    0xFF, 0x9B, 0xEB, 0xFF, 0xA3, 0xCA, 0xFF, 0x5A, 0x46, 0xFF, 0x00, 0x82, 0xFF, 0x19, 0x24, 0xFF,
    0x29, 0x85, 0xFF, 0x29, 0xC6, 0xFF, 0x32, 0x07, 0xFF, 0x32, 0x07, 0xFF, 0x31, 0xE7, 0xFF, 0x29,
    0xE6, 0xFF, 0x29, 0x85, 0xFF, 0x21, 0x24, 0xFF, 0x19, 0x03, 0xFF, 0x18, 0xE3, 0xFF, 0x18, 0xE3,
    0xFF, 0x18, 0xE3, 0xFF, 0x18, 0xE3, 0xFF, 0x18, 0xE3, 0xFF, 0x18, 0xE3, 0xFF, 0x18, 0xE3, 0xFF,
    0x18, 0xC3, 0xFF, 0x18, 0xC2, 0xFF, 0x10, 0xA2, 0x7C, 0x10, 0x81, 0x00, 0x08, 0x61, 0x00, 0x08,
    0x61, 0x00, 0x08, 0x41, 0x00, 0x10, 0xA2, 0x00, 0x10, 0xA2, 0x00, 0x18, 0xC3, 0x00, 0x18, 0xE3,
    0x00, 0x18, 0xE3, 0x0C, 0x18, 0xE3, 0xF3, 0x18, 0xE3, 0xFF, 0x18, 0xE3, 0xFF, 0x18, 0xE3, 0xFF,
    0x10, 0xC2, 0xFF, 0x10, 0xC2, 0xFF, 0x10, 0xC2, 0xFF, 0x10, 0xC2, 0xFF, 0x10, 0xA2, 0xFF, 0x10,
    0xA2, 0xFF, 0x08, 0x82, 0xFF, 0x10, 0xA2, 0xFF, 0x18, 0xE3, 0xFF, 0x19, 0x03, 0xFF, 0x19, 0x24,
    0xFF, 0x21, 0x65, 0xFF, 0x29, 0xC6, 0xFF, 0x31, 0xE6, 0xFF, 0x31, 0xE7, 0xFF, 0x31, 0xC7, 0xFF,
    0x31, 0xC6, 0xFF, 0x21, 0x24, 0xFF, 0x10, 0x82, 0xFF, 0x10, 0xA2, 0xFF, 0x10, 0xC2, 0xFF, 0x18,
    0xE3, 0xFF, 0x18, 0xE3, 0xFF, 0x19, 0x03, 0xFF, 0x00, 0x20, 0xFF, 0x29, 0x85, 0xFF, 0xCE, 0x79,
    0xFF, 0xF7, 0xBE, 0xFF, 0xE7, 0x1B, 0xFF, 0xE6, 0xFA, 0xFF, 0xDE, 0x79, 0xFF, 0xDE, 0x78, 0xFF,
    0xD6, 0x36, 0xFF, 0xD5, 0xD4, 0xFF, 0xD5, 0xD4, 0xFF, 0xDE, 0x36, 0xFF, 0xE6, 0x98, 0xFF, 0xE6,
    0xFA, 0xFF, 0xE6, 0xD9, 0xFF, 0xDE, 0x57, 0xFF, 0xD5, 0xF5, 0xFF, 0xCD, 0x93, 0xFF, 0xCD, 0x72,
    0xFF, 0xBD, 0x31, 0xFF, 0xBC, 0xD0, 0xFF, 0xB4, 0xAF, 0xFF, 0xBC, 0xCF, 0xFF, 0xBC, 0xF0, 0xFF,
    0xBC, 0xF0, 0xFF, 0xBD, 0x11, 0xFF, 0xC5, 0x31, 0xFF, 0xC5, 0x52, 0xFF, 0xC5, 0x31, 0xFF, 0xBD,
    0x10, 0xFF, 0xB4, 0x8E, 0xFF, 0xA4, 0x0C, 0xFF, 0x9B, 0xCB, 0xFF, 0x9B, 0xCB, 0xFF, 0x39, 0xA5,
    0xFF, 0x00, 0x62, 0xFF, 0x19, 0x03, 0xFF, 0x21, 0x65, 0xFF, 0x29, 0xC6, 0xFF, 0x29, 0xC6, 0xFF,
    0x29, 0xE6, 0xFF, 0x31, 0xC6, 0xFF, 0x31, 0xC6, 0xFF, 0x29, 0x85, 0xFF, 0x21, 0x44, 0xFF, 0x19,
    0x03, 0xFF, 0x18, 0xE3, 0xFF, 0x18, 0xC2, 0xFF, 0x18, 0xA2, 0xFF, 0x10, 0xA2, 0xFF, 0x18, 0xC2,
    0xFF, 0x18, 0xC2, 0xFF, 0x18, 0xA2, 0xFF, 0x18, 0xC2, 0xFF, 0x10, 0xA2, 0xF3, 0x10, 0x82, 0x0C,
    0x10, 0x81, 0x00, 0x08, 0x61, 0x00, 0x08, 0x61, 0x00, 0x08, 0x61, 0x00, 0x10, 0xA2, 0x00, 0x18,
    0xC2, 0x00, 0x18, 0xE3, 0x00, 0x19, 0x03, 0x00, 0x18, 0xE3, 0x00, 0x18, 0xE3, 0x76, 0x18, 0xE3,
    0xFF, 0x18, 0xE3, 0xFF, 0x18, 0xC3, 0xFF, 0x10, 0xC2, 0xFF, 0x10, 0xC2, 0xFF, 0x10, 0xA2, 0xFF,
    0x10, 0xA2, 0xFF, 0x10, 0xA2, 0xFF, 0x08, 0x82, 0xFF, 0x08, 0x82, 0xFF, 0x10, 0x82, 0xFF, 0x10,
    0xC2, 0xFF, 0x18, 0xE3, 0xFF, 0x19, 0x24, 0xFF, 0x21, 0x85, 0xFF, 0x29, 0xC6, 0xFF, 0x31, 0xE7,
    0xFF, 0x31, 0xE7, 0xFF, 0x31, 0xE7, 0xFF, 0x31, 0xE7, 0xFF, 0x29, 0x65, 0xFF, 0x10, 0x82, 0xFF,
    0x10, 0xA2, 0xFF, 0x10, 0xC3, 0xFF, 0x18, 0xE3, 0xFF, 0x18, 0xE3, 0xFF, 0x10, 0xC3, 0xFF, 0x00,
    0x00, 0xFF, 0x8C, 0x92, 0xFF, 0xFF, 0xFF, 0xFF, 0xDE, 0xDB, 0xFF, 0xE7, 0x1C, 0xFF, 0xDF, 0x1C,
    0xFF, 0xE7, 0x3D, 0xFF, 0xE7, 0x5D, 0xFF, 0xE7, 0x5C, 0xFF, 0xE7, 0x1C, 0xFF, 0xE6, 0xDA, 0xFF,
    0xDE, 0x98, 0xFF, 0xD6, 0x36, 0xFF, 0xD6, 0x16, 0xFF, 0xD6, 0x36, 0xFF, 0xD6, 0x36, 0xFF, 0xD6,
    0x16, 0xFF, 0xD5, 0xF5, 0xFF, 0xCD, 0xB4, 0xFF, 0xC5, 0x52, 0xFF, 0xBC, 0xF0, 0xFF, 0xB4, 0xD0,
    0xFF, 0xBC, 0xF0, 0xFF, 0xBD, 0x11, 0xFF, 0xBC, 0xF0, 0xFF, 0xBC, 0xF1, 0xFF, 0xC5, 0x11, 0xFF,
    0xBD, 0x11, 0xFF, 0xC5, 0x31, 0xFF, 0xBC, 0xF0, 0xFF, 0xAC, 0x6E, 0xFF, 0x9C, 0x0C, 0xFF, 0xA4,
    0x2C, 0xFF, 0x7B, 0x29, 0xFF, 0x10, 0xA2, 0xFF, 0x10, 0xC2, 0xFF, 0x18, 0xE3, 0xFF, 0x19, 0x24,
    0xFF, 0x21, 0x85, 0xFF, 0x29, 0xA5, 0xFF, 0x29, 0xA6, 0xFF, 0x29, 0xA6, 0xFF, 0x29, 0xA5, 0xFF,
    0x29, 0x65, 0xFF, 0x21, 0x24, 0xFF, 0x18, 0xE3, 0xFF, 0x18, 0xC2, 0xFF, 0x10, 0xA2, 0xFF, 0x10,
    0x82, 0xFF, 0x10, 0x82, 0xFF, 0x10, 0x82, 0xFF, 0x10, 0x82, 0xFF, 0x10, 0x82, 0xFF, 0x10, 0x82,
    0xFF, 0x10, 0x82, 0x76, 0x10, 0x81, 0x00, 0x08, 0x61, 0x00, 0x08, 0x61, 0x00, 0x08, 0x61, 0x00,
    0x08, 0x61, 0x00, 0x10, 0xA2, 0x00, 0x18, 0xC3, 0x00, 0x18, 0xE3, 0x00, 0x18, 0xE3, 0x00, 0x18,
    0xE3, 0x00, 0x18, 0xE3, 0x02, 0x18, 0xE3, 0xE6, 0x18, 0xC3, 0xFF, 0x18, 0xC2, 0xFF, 0x10, 0xC2,
    0xFF, 0x10, 0xC2, 0xFF, 0x10, 0xA2, 0xFF, 0x10, 0xA2, 0xFF, 0x10, 0x81, 0xFF, 0x08, 0x61, 0xFF,
    0x08, 0x61, 0xFF, 0x08, 0x82, 0xFF, 0x10, 0x82, 0xFF, 0x10, 0xC2, 0xFF, 0x19, 0x03, 0xFF, 0x21,
    0x65, 0xFF, 0x29, 0xC6, 0xFF, 0x31, 0xE7, 0xFF, 0x31, 0xE7, 0xFF, 0x31, 0xE7, 0xFF, 0x31, 0xE7,
    0xFF, 0x29, 0x86, 0xFF, 0x18, 0xE3, 0xFF, 0x10, 0xA2, 0xFF, 0x18, 0xC3, 0xFF, 0x18, 0xE3, 0xFF,
    0x18, 0xE3, 0xFF, 0x00, 0x00, 0xFF, 0x52, 0xCA, 0xFF, 0xEF, 0x7D, 0xFF, 0xE7, 0x1C, 0xFF, 0xE7,
    0x1C, 0xFF, 0xE7, 0x3C, 0xFF, 0xE7, 0x1C, 0xFF, 0xE7, 0x1C, 0xFF, 0xDE, 0xFB, 0xFF, 0xDE, 0xFB,
    0xFF, 0xE7, 0x1C, 0xFF, 0xE7, 0x3C, 0xFF, 0xDF, 0x1B, 0xFF, 0xDE, 0x98, 0xFF, 0xCD, 0xD5, 0xFF,
    0xCD, 0xD4, 0xFF, 0xD6, 0x15, 0xFF, 0xD6, 0x36, 0xFF, 0xD6, 0x16, 0xFF, 0xCD, 0xD4, 0xFF, 0xC5,
    0x52, 0xFF, 0xBC, 0xF0, 0xFF, 0xB4, 0xD0, 0xFF, 0xBC, 0xF1, 0xFF, 0xBD, 0x11, 0xFF, 0xBC, 0xF1,
    0xFF, 0xBC, 0xF0, 0xFF, 0xBC, 0xF0, 0xFF, 0xBC, 0xF0, 0xFF, 0xBD, 0x11, 0xFF, 0xB4, 0xCF, 0xFF,
    0xAC, 0x4D, 0xFF, 0x9B, 0xEC, 0xFF, 0xAC, 0x2C, 0xFF, 0x5A, 0x47, 0xFF, 0x00, 0x62, 0xFF, 0x10,
    0xC3, 0xFF, 0x18, 0xE3, 0xFF, 0x19, 0x24, 0xFF, 0x21, 0x65, 0xFF, 0x29, 0x85, 0xFF, 0x29, 0xA5,
    0xFF, 0x29, 0x85, 0xFF, 0x29, 0x85, 0xFF, 0x21, 0x64, 0xFF, 0x21, 0x04, 0xFF, 0x18, 0xE3, 0xFF,
    0x10, 0xA2, 0xFF, 0x10, 0x81, 0xFF, 0x10, 0x61, 0xFF, 0x10, 0x61, 0xFF, 0x10, 0x81, 0xFF, 0x10,
    0x81, 0xFF, 0x10, 0x81, 0xFF, 0x10, 0x81, 0xE6, 0x10, 0x81, 0x02, 0x08, 0x61, 0x00, 0x08, 0x61,
    0x00, 0x08, 0x61, 0x00, 0x08, 0x61, 0x00, 0x08, 0x41, 0x00, 0x18, 0xC2, 0x00, 0x18, 0xC3, 0x00,
    0x18, 0xE3, 0x00, 0x21, 0x03, 0x00, 0x19, 0x03, 0x00, 0x18, 0xE3, 0x00, 0x18, 0xC3, 0x51, 0x18,
    0xC2, 0xFF, 0x10, 0xA2, 0xFF, 0x10, 0xA2, 0xFF, 0x10, 0xA2, 0xFF, 0x10, 0xA2, 0xFF, 0x10, 0x82,
    0xFF, 0x08, 0x81, 0xFF, 0x08, 0x61, 0xFF, 0x08, 0x61, 0xFF, 0x08, 0x81, 0xFF, 0x08, 0x81, 0xFF,
    0x10, 0xA2, 0xFF, 0x10, 0xE3, 0xFF, 0x21, 0x24, 0xFF, 0x29, 0x85, 0xFF, 0x31, 0xC6, 0xFF, 0x31,
    0xE6, 0xFF, 0x31, 0xE7, 0xFF, 0x31, 0xC7, 0xFF, 0x29, 0x86, 0xFF, 0x18, 0xE3, 0xFF, 0x18, 0xC3,
    0xFF, 0x18, 0xC3, 0xFF, 0x10, 0x61, 0xFF, 0x00, 0x00, 0xFF, 0x4A, 0x69, 0xFF, 0xDE, 0xFB, 0xFF,
    0xDE, 0xFB, 0xFF, 0xB5, 0x75, 0xFF, 0xB5, 0x96, 0xFF, 0xBD, 0xD7, 0xFF, 0xBD, 0xF7, 0xFF, 0xD6,
    0xBA, 0xFF, 0xE7, 0x1C, 0xFF, 0xD6, 0xBB, 0xFF, 0xDE, 0xDA, 0xFF, 0xD6, 0xBA, 0xFF, 0xDE, 0xDB,
    0xFF, 0xDF, 0x1C, 0xFF, 0xD6, 0xB9, 0xFF, 0xCD, 0xD5, 0xFF, 0xC5, 0xB4, 0xFF, 0xD5, 0xF5, 0xFF,
    0xCD, 0xF5, 0xFF, 0xCD, 0xB4, 0xFF, 0xC5, 0x32, 0xFF, 0xB4, 0xD0, 0xFF, 0xB4, 0xD0, 0xFF, 0xB4,
    0xD0, 0xFF, 0xBC, 0xF0, 0xFF, 0xBC, 0xF0, 0xFF, 0xB4, 0xAF, 0xFF, 0xB4, 0xAF, 0xFF, 0xB4, 0xD0,
    0xFF, 0xB4, 0xD0, 0xFF, 0xB4, 0xAF, 0xFF, 0xA4, 0x2D, 0xFF, 0xA3, 0xEC, 0xFF, 0x93, 0xAA, 0xFF,
    0x21, 0x03, 0xFF, 0x08, 0x82, 0xFF, 0x18, 0xE3, 0xFF, 0x18, 0xE3, 0xFF, 0x21, 0x24, 0xFF, 0x21,
    0x65, 0xFF, 0x29, 0x85, 0xFF, 0x29, 0xA5, 0xFF, 0x29, 0x85, 0xFF, 0x29, 0x65, 0xFF, 0x29, 0x44,
    0xFF, 0x21, 0x04, 0xFF, 0x18, 0xE3, 0xFF, 0x10, 0xA2, 0xFF, 0x10, 0x81, 0xFF, 0x08, 0x61, 0xFF,
    0x08, 0x61, 0xFF, 0x08, 0x61, 0xFF, 0x08, 0x61, 0xFF, 0x08, 0x61, 0xFF, 0x10, 0x61, 0x51, 0x10,
    0x61, 0x00, 0x08, 0x61, 0x00, 0x08, 0x61, 0x00, 0x08, 0x61, 0x00, 0x08, 0x61, 0x00, 0x08, 0x41,
    0x00, 0x18, 0xC3, 0x00, 0x18, 0xC2, 0x00, 0x18, 0xE3, 0x00, 0x21, 0x03, 0x00, 0x21, 0x03, 0x00,
    0x18, 0xE3, 0x00, 0x10, 0xA2, 0x00, 0x10, 0xA2, 0xBB, 0x10, 0xA2, 0xFF, 0x10, 0x82, 0xFF, 0x10,
    0xA2, 0xFF, 0x10, 0x82, 0xFF, 0x10, 0x81, 0xFF, 0x08, 0x61, 0xFF, 0x08, 0x61, 0xFF, 0x08, 0x61,
    0xFF, 0x08, 0x61, 0xFF, 0x08, 0x61, 0xFF, 0x08, 0x61, 0xFF, 0x10, 0xA2, 0xFF, 0x21, 0x04, 0xFF,
    0x29, 0x65, 0xFF, 0x29, 0xA5, 0xFF, 0x31, 0xA6, 0xFF, 0x31, 0xC6, 0xFF, 0x31, 0xA6, 0xFF, 0x29,
    0x65, 0xFF, 0x18, 0xE3, 0xFF, 0x10, 0x82, 0xFF, 0x08, 0x41, 0xFF, 0x21, 0x24, 0xFF, 0x5A, 0xEB,
    0xFF, 0xBD, 0xF7, 0xFF, 0xCE, 0x79, 0xFF, 0xA5, 0x14, 0xFF, 0x84, 0x50, 0xFF, 0x7B, 0xEF, 0xFF,
    0x6B, 0x6D, 0xFF, 0x7C, 0x0F, 0xFF, 0x8C, 0x51, 0xFF, 0xBD, 0xB6, 0xFF, 0xD6, 0xBA, 0xFF, 0xD6,
    0xBA, 0xFF, 0xDE, 0xDB, 0xFF, 0xD6, 0x9A, 0xFF, 0xD6, 0x9A, 0xFF, 0xD6, 0xDB, 0xFF, 0xD6, 0xBA,
    0xFF, 0xC6, 0x17, 0xFF, 0xBD, 0x94, 0xFF, 0xC5, 0x73, 0xFF, 0xC5, 0x72, 0xFF, 0xBD, 0x32, 0xFF,
    0xB4, 0xF0, 0xFF, 0xAC, 0x8F, 0xFF, 0xAC, 0x6E, 0xFF, 0xAC, 0x8F, 0xFF, 0xB4, 0xAF, 0xFF, 0xAC,
    0x8F, 0xFF, 0xB4, 0xAF, 0xFF, 0xB4, 0xAF, 0xFF, 0xB4, 0xB0, 0xFF, 0xAC, 0x6E, 0xFF, 0xA4, 0x0C,
    0xFF, 0xA3, 0xEB, 0xFF, 0x83, 0x6A, 0xFF, 0x31, 0xC6, 0xFF, 0x08, 0xA2, 0xFF, 0x08, 0x81, 0xFF,
    0x19, 0x03, 0xFF, 0x19, 0x24, 0xFF, 0x21, 0x44, 0xFF, 0x29, 0x65, 0xFF, 0x29, 0x85, 0xFF, 0x29,
    0x85, 0xFF, 0x29, 0x65, 0xFF, 0x29, 0x44, 0xFF, 0x21, 0x04, 0xFF, 0x18, 0xE3, 0xFF, 0x10, 0xA2,
    0xFF, 0x10, 0x81, 0xFF, 0x08, 0x41, 0xFF, 0x08, 0x40, 0xFF, 0x08, 0x41, 0xFF, 0x08, 0x61, 0xFF,
    0x08, 0x61, 0xBB, 0x08, 0x61, 0x00, 0x08, 0x61, 0x00, 0x08, 0x61, 0x00, 0x08, 0x61, 0x00, 0x08,
    0x61, 0x00, 0x08, 0x61, 0x00, 0x08, 0x41, 0x00, 0x20, 0xC3, 0x00, 0x18, 0xC2, 0x00, 0x18, 0xE3,
    0x00, 0x18, 0xE3, 0x00, 0x18, 0xE3, 0x00, 0x18, 0xC2, 0x00, 0x10, 0xA2, 0x00, 0x10, 0x82, 0x16,
    0x10, 0x82, 0xFA, 0x10, 0x82, 0xFF, 0x10, 0x81, 0xFF, 0x08, 0x81, 0xFF, 0x10, 0x81, 0xFF, 0x08,
    0x61, 0xFF, 0x08, 0x61, 0xFF, 0x08, 0x61, 0xFF, 0x08, 0x61, 0xFF, 0x08, 0x61, 0xFF, 0x08, 0x61,
    0xFF, 0x10, 0xA2, 0xFF, 0x19, 0x03, 0xFF, 0x21, 0x44, 0xFF, 0x29, 0x85, 0xFF, 0x31, 0xA6, 0xFF,
    0x31, 0xA6, 0xFF, 0x31, 0xA6, 0xFF, 0x29, 0x45, 0xFF, 0x10, 0x82, 0xFF, 0x08, 0x61, 0xFF, 0x39,
    0xE7, 0xFF, 0x84, 0x30, 0xFF, 0x9C, 0xF3, 0xFF, 0x7B, 0xEF, 0xFF, 0x6B, 0x6D, 0xFF, 0x73, 0xAE,
    0xFF, 0x84, 0x10, 0xFF, 0x73, 0xAE, 0xFF, 0x5A, 0xEB, 0xFF, 0x6B, 0x6D, 0xFF, 0x7C, 0x0F, 0xFF,
    0x8C, 0x51, 0xFF, 0xAD, 0x75, 0xFF, 0xAD, 0x55, 0xFF, 0xBD, 0xF7, 0xFF, 0xD6, 0x9A, 0xFF, 0xCE,
    0x79, 0xFF, 0xCE, 0x59, 0xFF, 0xCE, 0x7A, 0xFF, 0xD6, 0xBA, 0xFF, 0xC6, 0x17, 0xFF, 0xB5, 0x33,
    0xFF, 0xBD, 0x12, 0xFF, 0xC5, 0x32, 0xFF, 0xB4, 0xF1, 0xFF, 0xAC, 0x8F, 0xFF, 0xAC, 0x6E, 0xFF,
    0xAC, 0x8F, 0xFF, 0xB4, 0xAF, 0xFF, 0xAC, 0x8F, 0xFF, 0xAC, 0x8F, 0xFF, 0xAC, 0x8F, 0xFF, 0xAC,
    0x8F, 0xFF, 0xAC, 0x6E, 0xFF, 0x9B, 0xEC, 0xFF, 0x93, 0x49, 0xFF, 0x9C, 0x4E, 0xFF, 0x8C, 0x92,
    0xFF, 0x5B, 0x0C, 0xFF, 0x31, 0xA6, 0xFF, 0x00, 0x60, 0xFF, 0x10, 0xC2, 0xFF, 0x21, 0x24, 0xFF,
    0x29, 0x44, 0xFF, 0x29, 0x65, 0xFF, 0x29, 0x65, 0xFF, 0x29, 0x44, 0xFF, 0x21, 0x24, 0xFF, 0x21,
    0x03, 0xFF, 0x18, 0xC2, 0xFF, 0x10, 0x81, 0xFF, 0x10, 0x61, 0xFF, 0x08, 0x61, 0xFF, 0x08, 0x40,
    0xFF, 0x08, 0x41, 0xFF, 0x08, 0x61, 0xFA, 0x08, 0x61, 0x16, 0x08, 0x41, 0x00, 0x08, 0x61, 0x00,
    0x08, 0x61, 0x00, 0x08, 0x61, 0x00, 0x08, 0x41, 0x00, 0x08, 0x41, 0x00, 0x08, 0x41, 0x00, 0x21,
    0x03, 0x00, 0x20, 0xC3, 0x00, 0x18, 0xC2, 0x00, 0x18, 0xC2, 0x00, 0x18, 0xC2, 0x00, 0x10, 0x82,
    0x00, 0x10, 0x82, 0x00, 0x10, 0x82, 0x00, 0x10, 0x81, 0x59, 0x10, 0x81, 0xFF, 0x08, 0x61, 0xFF,
    0x10, 0x81, 0xFF, 0x10, 0x81, 0xFF, 0x08, 0x61, 0xFF, 0x08, 0x61, 0xFF, 0x08, 0x61, 0xFF, 0x08,
    0x61, 0xFF, 0x08, 0x61, 0xFF, 0x08, 0x61, 0xFF, 0x10, 0xA2, 0xFF, 0x18, 0xE3, 0xFF, 0x21, 0x24,
    0xFF, 0x29, 0x65, 0xFF, 0x31, 0xA6, 0xFF, 0x31, 0x86, 0xFF, 0x31, 0x85, 0xFF, 0x18, 0xC3, 0xFF,
    0x10, 0x82, 0xFF, 0x4A, 0x69, 0xFF, 0x9C, 0xD2, 0xFF, 0x73, 0xAE, 0xFF, 0x52, 0xAA, 0xFF, 0x63,
    0x2C, 0xFF, 0x63, 0x0C, 0xFF, 0x7B, 0xCF, 0xFF, 0x8C, 0x71, 0xFF, 0x9C, 0xF3, 0xFF, 0xA5, 0x14,
    0xFF, 0x9C, 0xD3, 0xFF, 0x7B, 0xCF, 0xFF, 0x6B, 0x6D, 0xFF, 0x7B, 0xEF, 0xFF, 0x84, 0x30, 0xFF,
    0x7B, 0xEF, 0xFF, 0xA5, 0x34, 0xFF, 0xCE, 0x59, 0xFF, 0xCE, 0x59, 0xFF, 0xC6, 0x38, 0xFF, 0xC6,
    0x38, 0xFF, 0xCE, 0x59, 0xFF, 0xBE, 0x18, 0xFF, 0xAD, 0x34, 0xFF, 0xAC, 0xF2, 0xFF, 0xBC, 0xF1,
    0xFF, 0xB4, 0xD0, 0xFF, 0xB4, 0xD0, 0xFF, 0xB4, 0xB0, 0xFF, 0xB4, 0x8F, 0xFF, 0xB4, 0xB0, 0xFF,
    0xB4, 0xAF, 0xFF, 0xAC, 0x6F, 0xFF, 0xAC, 0x6E, 0xFF, 0xA4, 0x2D, 0xFF, 0x9B, 0xCB, 0xFF, 0x93,
    0x8A, 0xFF, 0x83, 0x6C, 0xFF, 0xA5, 0x75, 0xFF, 0xA5, 0x74, 0xFF, 0x7B, 0xEF, 0xFF, 0x63, 0x0B,
    0xFF, 0x19, 0x03, 0xFF, 0x10, 0xA2, 0xFF, 0x29, 0x44, 0xFF, 0x29, 0x44, 0xFF, 0x29, 0x64, 0xFF,
    0x29, 0x24, 0xFF, 0x21, 0x03, 0xFF, 0x20, 0xE3, 0xFF, 0x18, 0xA2, 0xFF, 0x10, 0x81, 0xFF, 0x08,
    0x61, 0xFF, 0x08, 0x61, 0xFF, 0x08, 0x41, 0xFF, 0x08, 0x40, 0xFF, 0x08, 0x41, 0x59, 0x08, 0x41,
    0x00, 0x08, 0x41, 0x00, 0x08, 0x41, 0x00, 0x08, 0x61, 0x00, 0x08, 0x61, 0x00, 0x08, 0x41, 0x00,
    0x08, 0x40, 0x00, 0x08, 0x41, 0x00, 0x21, 0x03, 0x00, 0x21, 0x03, 0x00, 0x20, 0xE3, 0x00, 0x20,
    0xE3, 0x00, 0x18, 0xC2, 0x00, 0x10, 0xA2, 0x00, 0x10, 0x81, 0x00, 0x10, 0x81, 0x00, 0x10, 0x61,
    0x00, 0x10, 0x81, 0x9E, 0x10, 0x81, 0xFF, 0x10, 0x81, 0xFF, 0x10, 0x81, 0xFF, 0x08, 0x61, 0xFF,
    0x08, 0x61, 0xFF, 0x08, 0x61, 0xFF, 0x08, 0x61, 0xFF, 0x08, 0x61, 0xFF, 0x08, 0x61, 0xFF, 0x10,
    0xA2, 0xFF, 0x18, 0xC3, 0xFF, 0x21, 0x04, 0xFF, 0x29, 0x64, 0xFF, 0x29, 0x85, 0xFF, 0x31, 0x85,
    0xFF, 0x21, 0x03, 0xFF, 0x21, 0x24, 0xFF, 0x63, 0x0C, 0xFF, 0x6B, 0x6D, 0xFF, 0x5A, 0xAA, 0xFF,
    0x62, 0xEB, 0xFF, 0x9C, 0xB2, 0xFF, 0xBD, 0xD6, 0xFF, 0xBD, 0xB6, 0xFF, 0xBD, 0xD7, 0xFF, 0xC6,
    0x18, 0xFF, 0xCE, 0x38, 0xFF, 0xCE, 0x79, 0xFF, 0xCE, 0x58, 0xFF, 0xAD, 0x75, 0xFF, 0xA5, 0x14,
    0xFF, 0x7B, 0xCF, 0xFF, 0x6B, 0x6D, 0xFF, 0x84, 0x10, 0xFF, 0x84, 0x30, 0xFF, 0x94, 0xB2, 0xFF,
    0xBD, 0xF7, 0xFF, 0xC6, 0x38, 0xFF, 0xC5, 0xF8, 0xFF, 0xC6, 0x18, 0xFF, 0xC6, 0x38, 0xFF, 0xC6,
    0x18, 0xFF, 0xAD, 0x54, 0xFF, 0xAC, 0xF2, 0xFF, 0xBD, 0x12, 0xFF, 0xB5, 0x12, 0xFF, 0xB4, 0xD0,
    0xFF, 0xAC, 0x8F, 0xFF, 0xB4, 0xAF, 0xFF, 0xB4, 0xB0, 0xFF, 0xAC, 0x6F, 0xFF, 0xA4, 0x4E, 0xFF,
    0xA4, 0x0D, 0xFF, 0x9B, 0xCC, 0xFF, 0xAC, 0x4D, 0xFF, 0x52, 0x06, 0xFF, 0x5A, 0xEB, 0xFF, 0xD6,
    0x99, 0xFF, 0x84, 0x0F, 0xFF, 0x7B, 0xCE, 0xFF, 0x8C, 0x71, 0xFF, 0x29, 0x44, 0xFF, 0x18, 0xC2,
    0xFF, 0x29, 0x44, 0xFF, 0x29, 0x44, 0xFF, 0x21, 0x24, 0xFF, 0x21, 0x03, 0xFF, 0x20, 0xE3, 0xFF,
    0x18, 0xA2, 0xFF, 0x10, 0x81, 0xFF, 0x10, 0x81, 0xFF, 0x10, 0x61, 0xFF, 0x08, 0x41, 0xFF, 0x08,
    0x41, 0x9E, 0x08, 0x41, 0x00, 0x08, 0x41, 0x00, 0x08, 0x41, 0x00, 0x08, 0x41, 0x00, 0x08, 0x61,
    0x00, 0x08, 0x61, 0x00, 0x08, 0x41, 0x00, 0x08, 0x41, 0x00, 0x08, 0x40, 0x00, 0x29, 0x04, 0x00,
    0x21, 0x04, 0x00, 0x21, 0x03, 0x00, 0x21, 0x03, 0x00, 0x20, 0xE3, 0x00, 0x18, 0xC2, 0x00, 0x10,
    0xA2, 0x00, 0x10, 0x81, 0x00, 0x10, 0x81, 0x00, 0x10, 0x82, 0x01, 0x10, 0xA2, 0xCE, 0x10, 0x82,
    0xFF, 0x10, 0x82, 0xFF, 0x08, 0x61, 0xFF, 0x08, 0x61, 0xFF, 0x08, 0x61, 0xFF, 0x08, 0x61, 0xFF,
    0x08, 0x61, 0xFF, 0x08, 0x61, 0xFF, 0x10, 0xA2, 0xFF, 0x18, 0xC2, 0xFF, 0x20, 0xE3, 0xFF, 0x29,
    0x44, 0xFF, 0x29, 0x65, 0xFF, 0x21, 0x24, 0xFF, 0x21, 0x04, 0xFF, 0x52, 0x8A, 0xFF, 0x52, 0x8A,
    0xFF, 0x5A, 0x8A, 0xFF, 0x83, 0xEF, 0xFF, 0xBD, 0x75, 0xFF, 0xC5, 0xD7, 0xFF, 0xBD, 0x96, 0xFF,
    0xBD, 0x96, 0xFF, 0xBD, 0x96, 0xFF, 0xB5, 0x96, 0xFF, 0xBD, 0x96, 0xFF, 0xBD, 0xB6, 0xFF, 0xBD,
    0xB6, 0xFF, 0xC5, 0xF7, 0xFF, 0xCE, 0x38, 0xFF, 0xB5, 0x75, 0xFF, 0x73, 0x8E, 0xFF, 0x6B, 0x2D,
    0xFF, 0x84, 0x10, 0xFF, 0x84, 0x30, 0xFF, 0x9C, 0xB2, 0xFF, 0xBD, 0xB7, 0xFF, 0xC5, 0xF7, 0xFF,
    0xC5, 0xF7, 0xFF, 0xBD, 0xD7, 0xFF, 0xC5, 0xF8, 0xFF, 0xC6, 0x18, 0xFF, 0xB5, 0x95, 0xFF, 0xAD,
    0x13, 0xFF, 0xB4, 0xF2, 0xFF, 0xB4, 0xF1, 0xFF, 0xB4, 0xB1, 0xFF, 0xAC, 0x8F, 0xFF, 0xAC, 0xAF,
    0xFF, 0xAC, 0x6F, 0xFF, 0xA4, 0x2E, 0xFF, 0xA4, 0x0D, 0xFF, 0xA4, 0x0D, 0xFF, 0xBC, 0xAF, 0xFF,
    0x6A, 0x87, 0xFF, 0x00, 0x00, 0xFF, 0x9C, 0xD2, 0xFF, 0xE6, 0xFB, 0xFF, 0x63, 0x0B, 0xFF, 0x6B,
    0x6C, 0xFF, 0x8C, 0x30, 0xFF, 0x29, 0x24, 0xFF, 0x18, 0xC2, 0xFF, 0x21, 0x24, 0xFF, 0x21, 0x03,
    0xFF, 0x20, 0xE3, 0xFF, 0x18, 0xE3, 0xFF, 0x18, 0xA2, 0xFF, 0x10, 0x81, 0xFF, 0x10, 0x81, 0xFF,
    0x10, 0x61, 0xFF, 0x08, 0x61, 0xCE, 0x08, 0x61, 0x01, 0x08, 0x41, 0x00, 0x08, 0x61, 0x00, 0x08,
    0x61, 0x00, 0x08, 0x61, 0x00, 0x08, 0x61, 0x00, 0x08, 0x61, 0x00, 0x08, 0x61, 0x00, 0x08, 0x61,
    0x00, 0x08, 0x41, 0x00, 0x29, 0x23, 0x00, 0x29, 0x23, 0x00, 0x29, 0x23, 0x00, 0x21, 0x03, 0x00,
    0x20, 0xE3, 0x00, 0x20, 0xE3, 0x00, 0x18, 0xC2, 0x00, 0x18, 0xA2, 0x00, 0x10, 0x82, 0x00, 0x10,
    0xA2, 0x00, 0x10, 0xA2, 0x1A, 0x10, 0xA2, 0xED, 0x10, 0x82, 0xFF, 0x10, 0x61, 0xFF, 0x08, 0x61,
    0xFF, 0x08, 0x41, 0xFF, 0x08, 0x40, 0xFF, 0x08, 0x41, 0xFF, 0x08, 0x61, 0xFF, 0x10, 0x82, 0xFF,
    0x18, 0xC2, 0xFF, 0x20, 0xE3, 0xFF, 0x21, 0x24, 0xFF, 0x21, 0x24, 0xFF, 0x29, 0x65, 0xFF, 0x41,
    0xE7, 0xFF, 0x31, 0x65, 0xFF, 0x52, 0x69, 0xFF, 0xA4, 0xF3, 0xFF, 0xBD, 0x96, 0xFF, 0xAD, 0x35,
    0xFF, 0xAD, 0x14, 0xFF, 0xAD, 0x34, 0xFF, 0xAD, 0x34, 0xFF, 0xB5, 0x55, 0xFF, 0xB5, 0x55, 0xFF,
    0xB5, 0x55, 0xFF, 0xB5, 0x55, 0xFF, 0xB5, 0x55, 0xFF, 0xB5, 0x55, 0xFF, 0xB5, 0x75, 0xFF, 0xBD,
    0xB6, 0xFF, 0xAD, 0x35, 0xFF, 0x9C, 0xB2, 0xFF, 0x94, 0x71, 0xFF, 0x83, 0xEF, 0xFF, 0x83, 0xEF,
    0xFF, 0x94, 0x51, 0xFF, 0xA5, 0x13, 0xFF, 0xB5, 0x75, 0xFF, 0xBD, 0xB6, 0xFF, 0xB5, 0xB6, 0xFF,
    0xBD, 0xB6, 0xFF, 0xBD, 0xD7, 0xFF, 0xB5, 0x75, 0xFF, 0xA4, 0xB1, 0xFF, 0xAC, 0xB1, 0xFF, 0xB4,
    0xD1, 0xFF, 0xAC, 0x6F, 0xFF, 0xAC, 0x4E, 0xFF, 0xAC, 0x6F, 0xFF, 0xA4, 0x2E, 0xFF, 0xAC, 0x0E,
    0xFF, 0xAC, 0x4E, 0xFF, 0xB4, 0x6E, 0xFF, 0x9B, 0xCC, 0xFF, 0x28, 0xC1, 0xFF, 0x31, 0xA6, 0xFF,
    0xC6, 0x37, 0xFF, 0xBD, 0xB6, 0xFF, 0x41, 0xE7, 0xFF, 0x7B, 0xAE, 0xFF, 0x6B, 0x4C, 0xFF, 0x10,
    0xA2, 0xFF, 0x10, 0x81, 0xFF, 0x20, 0xE3, 0xFF, 0x18, 0xE3, 0xFF, 0x18, 0xC2, 0xFF, 0x18, 0xA2,
    0xFF, 0x10, 0x81, 0xFF, 0x10, 0x81, 0xFF, 0x10, 0x61, 0xED, 0x10, 0x61, 0x1A, 0x10, 0x61, 0x00,
    0x10, 0x61, 0x00, 0x08, 0x61, 0x00, 0x08, 0x61, 0x00, 0x08, 0x61, 0x00, 0x08, 0x61, 0x00, 0x08,
    0x61, 0x00, 0x08, 0x61, 0x00, 0x08, 0x61, 0x00, 0x08, 0x41, 0x00, 0x29, 0x23, 0x00, 0x29, 0x23,
    0x00, 0x29, 0x23, 0x00, 0x21, 0x04, 0x00, 0x20, 0xE3, 0x00, 0x20, 0xC3, 0x00, 0x18, 0xC2, 0x00,
    0x18, 0xC2, 0x00, 0x18, 0xC2, 0x00, 0x18, 0xA2, 0x00, 0x18, 0xA2, 0x00, 0x18, 0xA2, 0x35, 0x10,
    0x82, 0xFD, 0x08, 0x61, 0xFF, 0x08, 0x61, 0xFF, 0x08, 0x40, 0xFF, 0x08, 0x40, 0xFF, 0x08, 0x40,
    0xFF, 0x08, 0x41, 0xFF, 0x10, 0x81, 0xFF, 0x18, 0xC2, 0xFF, 0x18, 0xE3, 0xFF, 0x21, 0x03, 0xFF,
    0x20, 0xE3, 0xFF, 0x4A, 0x28, 0xFF, 0x41, 0xC7, 0xFF, 0x5A, 0xAA, 0xFF, 0xA4, 0xD3, 0xFF, 0xA4,
    0xB2, 0xFF, 0xA4, 0xD3, 0xFF, 0xA4, 0xF3, 0xFF, 0xA4, 0xD3, 0xFF, 0xAC, 0xF3, 0xFF, 0xAC, 0xF4,
    0xFF, 0xAD, 0x14, 0xFF, 0xAD, 0x14, 0xFF, 0xAD, 0x14, 0xFF, 0xAD, 0x34, 0xFF, 0xAD, 0x14, 0xFF,
    0xAD, 0x34, 0xFF, 0xAD, 0x34, 0xFF, 0xAD, 0x34, 0xFF, 0xB5, 0x55, 0xFF, 0xBD, 0x96, 0xFF, 0xB5,
    0x75, 0xFF, 0x8C, 0x51, 0xFF, 0x6B, 0x2C, 0xFF, 0x7B, 0xAE, 0xFF, 0x8C, 0x30, 0xFF, 0x94, 0x71,
    0xFF, 0xAD, 0x14, 0xFF, 0xB5, 0x75, 0xFF, 0xB5, 0x75, 0xFF, 0xB5, 0x75, 0xFF, 0xBD, 0x96, 0xFF,
    0xB5, 0x34, 0xFF, 0xA4, 0x91, 0xFF, 0xAC, 0x6F, 0xFF, 0xAC, 0x4E, 0xFF, 0xA3, 0xED, 0xFF, 0xA4,
    0x0E, 0xFF, 0xA4, 0x0D, 0xFF, 0xA4, 0x0D, 0xFF, 0xAC, 0x4E, 0xFF, 0xA4, 0x0D, 0xFF, 0xAC, 0x4E,
    0xFF, 0xA3, 0xCC, 0xFF, 0x72, 0xC9, 0xFF, 0x94, 0x30, 0xFF, 0xD6, 0x59, 0xFF, 0xA4, 0xD2, 0xFF,
    0x41, 0xE7, 0xFF, 0x7B, 0x8E, 0xFF, 0x6B, 0x2C, 0xFF, 0x18, 0xA2, 0xFF, 0x10, 0x41, 0xFF, 0x18,
    0xC2, 0xFF, 0x18, 0xA2, 0xFF, 0x10, 0x81, 0xFF, 0x10, 0x81, 0xFF, 0x10, 0x61, 0xFD, 0x10, 0x41,
    0x35, 0x10, 0x61, 0x00, 0x10, 0x61, 0x00, 0x10, 0x61, 0x00, 0x08, 0x61, 0x00, 0x08, 0x61, 0x00,
    0x08, 0x61, 0x00, 0x08, 0x61, 0x00, 0x08, 0x61, 0x00, 0x08, 0x61, 0x00, 0x08, 0x40, 0x00, 0x08,
    0x40, 0x00, 0x29, 0x23, 0x00, 0x29, 0x23, 0x00, 0x29, 0x04, 0x00, 0x29, 0x03, 0x00, 0x20, 0xE3,
    0x00, 0x20, 0xE3, 0x00, 0x18, 0xC3, 0x00, 0x18, 0xC2, 0x00, 0x18, 0xC2, 0x00, 0x18, 0xA2, 0x00,
    0x18, 0x82, 0x00, 0x18, 0x82, 0x00, 0x18, 0x82, 0x43, 0x10, 0x81, 0xFF, 0x08, 0x61, 0xFF, 0x08,
    0x40, 0xFF, 0x08, 0x40, 0xFF, 0x08, 0x40, 0xFF, 0x08, 0x41, 0xFF, 0x08, 0x61, 0xFF, 0x10, 0xA2,
    0xFF, 0x18, 0xC2, 0xFF, 0x20, 0xE3, 0xFF, 0x21, 0x24, 0xFF, 0x39, 0xA6, 0xFF, 0x39, 0x65, 0xFF,
    0x94, 0x30, 0xFF, 0x94, 0x31, 0xFF, 0x94, 0x10, 0xFF, 0xA4, 0xB2, 0xFF, 0xA4, 0xB2, 0xFF, 0xA4,
    0x92, 0xFF, 0xA4, 0xB2, 0xFF, 0xA4, 0xB2, 0xFF, 0xA4, 0xB2, 0xFF, 0xA4, 0xB2, 0xFF, 0xA4, 0xD3,
    0xFF, 0xA4, 0xD2, 0xFF, 0xA4, 0xD3, 0xFF, 0xA4, 0xD3, 0xFF, 0xA4, 0xD3, 0xFF, 0xA4, 0xF3, 0xFF,
    0xA4, 0xF3, 0xFF, 0xA4, 0xD3, 0xFF, 0xAD, 0x14, 0xFF, 0xB5, 0x55, 0xFF, 0x8B, 0xF0, 0xFF, 0x5A,
    0xAA, 0xFF, 0x6B, 0x2C, 0xFF, 0x8B, 0xF0, 0xFF, 0x94, 0x51, 0xFF, 0xA4, 0xF3, 0xFF, 0xB5, 0x55,
    0xFF, 0xB5, 0x34, 0xFF, 0xB5, 0x35, 0xFF, 0xB5, 0x75, 0xFF, 0xAD, 0x34, 0xFF, 0xA4, 0x50, 0xFF,
    0xAC, 0x2E, 0xFF, 0xAC, 0x2D, 0xFF, 0xA3, 0xED, 0xFF, 0xA3, 0xAC, 0xFF, 0x9B, 0xCC, 0xFF, 0xA4,
    0x0D, 0xFF, 0xA3, 0xED, 0xFF, 0xA3, 0xCD, 0xFF, 0xB4, 0x8F, 0xFF, 0xAC, 0x4E, 0xFF, 0xA4, 0x50,
    0xFF, 0xAD, 0x14, 0xFF, 0xC5, 0xD7, 0xFF, 0x9C, 0x71, 0xFF, 0x52, 0x48, 0xFF, 0x7B, 0x6D, 0xFF,
    0x6B, 0x2C, 0xFF, 0x20, 0xC3, 0xFF, 0x00, 0x00, 0xFF, 0x10, 0x82, 0xFF, 0x10, 0x81, 0xFF, 0x10,
    0x61, 0xFF, 0x10, 0x41, 0x43, 0x10, 0x41, 0x00, 0x08, 0x61, 0x00, 0x10, 0x61, 0x00, 0x10, 0x41,
    0x00, 0x08, 0x61, 0x00, 0x08, 0x61, 0x00, 0x08, 0x61, 0x00, 0x08, 0x41, 0x00, 0x08, 0x41, 0x00,
    0x08, 0x41, 0x00, 0x08, 0x40, 0x00, 0x08, 0x41, 0x00, 0x29, 0x03, 0x00, 0x29, 0x03, 0x00, 0x29,
    0x03, 0x00, 0x21, 0x03, 0x00, 0x21, 0x03, 0x00, 0x20, 0xE3, 0x00, 0x20, 0xE3, 0x00, 0x18, 0xC3,
    0x00, 0x18, 0xC3, 0x00, 0x18, 0xC2, 0x00, 0x18, 0xA2, 0x00, 0x10, 0x82, 0x00, 0x18, 0xA2, 0x00,
    0x10, 0x82, 0x4C, 0x08, 0x61, 0xFF, 0x08, 0x40, 0xFF, 0x00, 0x20, 0xFF, 0x08, 0x41, 0xFF, 0x08,
    0x41, 0xFF, 0x08, 0x61, 0xFF, 0x10, 0x81, 0xFF, 0x18, 0xA2, 0xFF, 0x18, 0xC2, 0xFF, 0x29, 0x24,
    0xFF, 0x18, 0xC2, 0xFF, 0x4A, 0x07, 0xFF, 0x9C, 0x30, 0xFF, 0x8B, 0xAF, 0xFF, 0x94, 0x10, 0xFF,
    0x9C, 0x51, 0xFF, 0x9C, 0x51, 0xFF, 0x9C, 0x51, 0xFF, 0x9C, 0x51, 0xFF, 0x9C, 0x71, 0xFF, 0x9C,
    0x71, 0xFF, 0x9C, 0x71, 0xFF, 0x9C, 0x71, 0xFF, 0x9C, 0x71, 0xFF, 0x9C, 0x71, 0xFF, 0x9C, 0x92,
    0xFF, 0x9C, 0x92, 0xFF, 0xA4, 0x92, 0xFF, 0xA4, 0xB2, 0xFF, 0xA4, 0xB2, 0xFF, 0x9C, 0x92, 0xFF,
    0xA4, 0xB3, 0xFF, 0xB5, 0x35, 0xFF, 0x84, 0x10, 0xFF, 0x52, 0x49, 0xFF, 0x73, 0x2C, 0xFF, 0x83,
    0xCF, 0xFF, 0x8B, 0xF0, 0xFF, 0xA4, 0xB3, 0xFF, 0xAD, 0x14, 0xFF, 0xAD, 0x14, 0xFF, 0xAD, 0x14,
    0xFF, 0xAD, 0x35, 0xFF, 0xAD, 0x14, 0xFF, 0xA4, 0x2F, 0xFF, 0xA3, 0xED, 0xFF, 0xA3, 0xAC, 0xFF,
    0x9B, 0x6A, 0xFF, 0x9B, 0x6B, 0xFF, 0xA3, 0xAC, 0xFF, 0xA3, 0xED, 0xFF, 0xA3, 0xCD, 0xFF, 0xA4,
    0x0D, 0xFF, 0xA3, 0xCC, 0xFF, 0xAC, 0x50, 0xFF, 0xAD, 0x14, 0xFF, 0xAC, 0xD3, 0xFF, 0xC5, 0xB7,
    0xFF, 0x9C, 0x92, 0xFF, 0x5A, 0x69, 0xFF, 0x5A, 0x69, 0xFF, 0x83, 0xAE, 0xFF, 0x41, 0xC7, 0xFF,
    0x00, 0x00, 0xFF, 0x10, 0x81, 0xFF, 0x10, 0x61, 0x4B, 0x10, 0x41, 0x00, 0x08, 0x61, 0x00, 0x08,
    0x61, 0x00, 0x10, 0x41, 0x00, 0x08, 0x41, 0x00, 0x10, 0x41, 0x00, 0x10, 0x61, 0x00, 0x08, 0x61,
    0x00, 0x08, 0x41, 0x00, 0x08, 0x41, 0x00, 0x08, 0x61, 0x00, 0x08, 0x41, 0x00, 0x08, 0x40, 0x00,
    0x20, 0xE3, 0x00, 0x20, 0xE3, 0x00, 0x20, 0xE3, 0x00, 0x20, 0xE3, 0x00, 0x21, 0x03, 0x00, 0x20,
    0xE3, 0x00, 0x18, 0xE3, 0x00, 0x18, 0xC2, 0x00, 0x18, 0xC2, 0x00, 0x18, 0xC2, 0x00, 0x18, 0xA2,
    0x00, 0x10, 0x82, 0x00, 0x10, 0x82, 0x00, 0x10, 0x61, 0x00, 0x08, 0x41, 0x47, 0x00, 0x20, 0xFC,
    0x08, 0x20, 0xFF, 0x00, 0x40, 0xFF, 0x08, 0x20, 0xFF, 0x08, 0x40, 0xFF, 0x10, 0x61, 0xFF, 0x10,
    0x61, 0xFF, 0x18, 0xC2, 0xFF, 0x29, 0x44, 0xFF, 0x28, 0xE3, 0xFF, 0x6A, 0xEB, 0xFF, 0x83, 0xAE,
    0xFF, 0x8B, 0xCF, 0xFF, 0x94, 0x10, 0xFF, 0x94, 0x10, 0xFF, 0x94, 0x10, 0xFF, 0x94, 0x10, 0xFF,
    0x94, 0x30, 0xFF, 0x94, 0x10, 0xFF, 0x94, 0x10, 0xFF, 0x94, 0x30, 0xFF, 0x94, 0x30, 0xFF, 0x94,
    0x50, 0xFF, 0x9C, 0x31, 0xFF, 0x9C, 0x31, 0xFF, 0x9C, 0x51, 0xFF, 0x9C, 0x51, 0xFF, 0x9C, 0x51,
    0xFF, 0x94, 0x51, 0xFF, 0x9C, 0x51, 0xFF, 0x9C, 0x51, 0xFF, 0x9C, 0x51, 0xFF, 0xA4, 0xD3, 0xFF,
    0x7B, 0x6E, 0xFF, 0x5A, 0x8A, 0xFF, 0x83, 0x8E, 0xFF, 0x8B, 0xEF, 0xFF, 0x8B, 0xEF, 0xFF, 0xA4,
    0xB2, 0xFF, 0xA4, 0xD3, 0xFF, 0xA4, 0xB2, 0xFF, 0xA4, 0xB3, 0xFF, 0xAD, 0x14, 0xFF, 0xAC, 0xD2,
    0xFF, 0xA3, 0xEE, 0xFF, 0x9B, 0x6B, 0xFF, 0x92, 0xE9, 0xFF, 0x9B, 0x2A, 0xFF, 0x9B, 0x8B, 0xFF,
    0xA3, 0xED, 0xFF, 0xA3, 0xED, 0xFF, 0x9B, 0xAC, 0xFF, 0x9B, 0x8B, 0xFF, 0xA4, 0x2F, 0xFF, 0xAC,
    0xF4, 0xFF, 0xA4, 0x92, 0xFF, 0xAC, 0xD3, 0xFF, 0xC5, 0x96, 0xFF, 0x94, 0x10, 0xFF, 0x39, 0x85,
    0xFF, 0x73, 0x2C, 0xFF, 0xBD, 0x55, 0xFF, 0x4A, 0x08, 0xFC, 0x00, 0x00, 0x47, 0x10, 0x61, 0x00,
    0x10, 0x61, 0x00, 0x08, 0x41, 0x00, 0x10, 0x41, 0x00, 0x10, 0x41, 0x00, 0x08, 0x41, 0x00, 0x08,
    0x41, 0x00, 0x08, 0x41, 0x00, 0x08, 0x61, 0x00, 0x08, 0x41, 0x00, 0x08, 0x41, 0x00, 0x08, 0x41,
    0x00, 0x08, 0x41, 0x00, 0x08, 0x40, 0x00, 0x20, 0xC3, 0x00, 0x20, 0xC3, 0x00, 0x18, 0xC2, 0x00,
    0x18, 0xC3, 0x00, 0x20, 0xC3, 0x00, 0x20, 0xE3, 0x00, 0x18, 0xC3, 0x00, 0x18, 0xC2, 0x00, 0x18,
    0xC2, 0x00, 0x18, 0xC2, 0x00, 0x18, 0xA2, 0x00, 0x10, 0x81, 0x00, 0x10, 0x81, 0x00, 0x10, 0x61,
    0x00, 0x08, 0x41, 0x00, 0x00, 0x20, 0x38, 0x08, 0x20, 0xE8, 0x08, 0x20, 0xFF, 0x00, 0x20, 0xFF,
    0x08, 0x40, 0xFF, 0x08, 0x41, 0xFF, 0x10, 0x82, 0xFF, 0x31, 0x65, 0xFF, 0x20, 0xC3, 0xFF, 0x41,
    0xA6, 0xFF, 0x7B, 0x4D, 0xFF, 0x83, 0x8E, 0xFF, 0x8B, 0xCF, 0xFF, 0x8B, 0xCF, 0xFF, 0x83, 0x8E,
    0xFF, 0x8B, 0xAE, 0xFF, 0x8B, 0xCF, 0xFF, 0x8B, 0xCF, 0xFF, 0x8B, 0xCF, 0xFF, 0x8B, 0xCF, 0xFF,
    0x8B, 0xCF, 0xFF, 0x93, 0xCF, 0xFF, 0x93, 0xEF, 0xFF, 0x93, 0xEF, 0xFF, 0x93, 0xEF, 0xFF, 0x93,
    0xF0, 0xFF, 0x94, 0x10, 0xFF, 0x8B, 0xF0, 0xFF, 0x8B, 0xEF, 0xFF, 0x8B, 0xEF, 0xFF, 0x8B, 0xEF,
    0xFF, 0x8B, 0xEF, 0xFF, 0x8B, 0xEF, 0xFF, 0x9C, 0x51, 0xFF, 0x73, 0x2C, 0xFF, 0x62, 0x8A, 0xFF,
    0x8B, 0xCF, 0xFF, 0x8B, 0xCF, 0xFF, 0x8B, 0xCF, 0xFF, 0x9C, 0x92, 0xFF, 0xA4, 0x92, 0xFF, 0xA4,
    0x92, 0xFF, 0xA4, 0x92, 0xFF, 0xAC, 0xD3, 0xFF, 0xA4, 0x91, 0xFF, 0x9B, 0x8C, 0xFF, 0x8A, 0xC8,
    0xFF, 0x8A, 0xA8, 0xFF, 0x9B, 0x4B, 0xFF, 0x9B, 0xCC, 0xFF, 0x9B, 0xCD, 0xFF, 0x93, 0x6B, 0xFF,
    0x93, 0x6B, 0xFF, 0xA3, 0xEE, 0xFF, 0xAC, 0xD3, 0xFF, 0x94, 0x30, 0xFF, 0xA4, 0x92, 0xFF, 0xAC,
    0xD3, 0xFF, 0xBD, 0x35, 0xFF, 0x83, 0xAE, 0xFF, 0x39, 0x86, 0xFF, 0x9C, 0x30, 0xE8, 0xD6, 0x18,
    0x38, 0x39, 0x86, 0x00, 0x00, 0x00, 0x00, 0x10, 0x61, 0x00, 0x08, 0x41, 0x00, 0x08, 0x41, 0x00,
    0x08, 0x41, 0x00, 0x08, 0x41, 0x00, 0x08, 0x41, 0x00, 0x08, 0x41, 0x00, 0x08, 0x41, 0x00, 0x08,
    0x41, 0x00, 0x08, 0x41, 0x00, 0x08, 0x40, 0x00, 0x08, 0x40, 0x00, 0x08, 0x40, 0x00, 0x18, 0xC2,
    0x00, 0x18, 0xC2, 0x00, 0x18, 0xC2, 0x00, 0x18, 0xC2, 0x00, 0x20, 0xC2, 0x00, 0x20, 0xC3, 0x00,
    0x18, 0xC2, 0x00, 0x18, 0xC2, 0x00, 0x18, 0xC2, 0x00, 0x18, 0xA2, 0x00, 0x10, 0x82, 0x00, 0x10,
    0x81, 0x00, 0x10, 0x61, 0x00, 0x10, 0x61, 0x00, 0x08, 0x41, 0x00, 0x00, 0x20, 0x00, 0x00, 0x20,
    0x1D, 0x00, 0x20, 0xC8, 0x00, 0x20, 0xFF, 0x08, 0x20, 0xFF, 0x08, 0x40, 0xFF, 0x20, 0xE3, 0xFF,
    0x21, 0x03, 0xFF, 0x18, 0xA2, 0xFF, 0x62, 0xAA, 0xFF, 0x83, 0x8E, 0xFF, 0x83, 0x8E, 0xFF, 0x7B,
    0x4D, 0xFF, 0x73, 0x0C, 0xFF, 0x72, 0xEC, 0xFF, 0x7B, 0x4D, 0xFF, 0x83, 0x8E, 0xFF, 0x83, 0x8E,
    0xFF, 0x83, 0x8E, 0xFF, 0x83, 0x8E, 0xFF, 0x83, 0x8E, 0xFF, 0x8B, 0xAE, 0xFF, 0x83, 0x8E, 0xFF,
    0x8B, 0xAE, 0xFF, 0x83, 0x8E, 0xFF, 0x83, 0x8E, 0xFF, 0x8B, 0xAE, 0xFF, 0x8B, 0x8E, 0xFF, 0x8B,
    0x8E, 0xFF, 0x83, 0x8E, 0xFF, 0x83, 0x6E, 0xFF, 0x83, 0x8E, 0xFF, 0x83, 0x6E, 0xFF, 0x83, 0x8E,
    0xFF, 0x8B, 0xAF, 0xFF, 0x5A, 0x49, 0xFF, 0x7B, 0x6D, 0xFF, 0x9C, 0x31, 0xFF, 0x7B, 0x6D, 0xFF,
    0x8B, 0xCF, 0xFF, 0x9C, 0x51, 0xFF, 0x9C, 0x51, 0xFF, 0x9C, 0x51, 0xFF, 0x9C, 0x71, 0xFF, 0xA4,
    0xB3, 0xFF, 0x9B, 0xEE, 0xFF, 0x8A, 0xE9, 0xFF, 0x82, 0x66, 0xFF, 0x8A, 0xE8, 0xFF, 0x9B, 0x8C,
    0xFF, 0x9B, 0x8C, 0xFF, 0x93, 0x4B, 0xFF, 0x93, 0x0A, 0xFF, 0x9B, 0xCE, 0xFF, 0xAC, 0xF4, 0xFF,
    0x94, 0x10, 0xFF, 0x9C, 0x50, 0xFF, 0xA4, 0x92, 0xFF, 0xAC, 0xB3, 0xFF, 0xB5, 0x14, 0xFF, 0x6A,
    0xEB, 0xC7, 0x41, 0xA6, 0x1D, 0xB4, 0xF3, 0x00, 0xBD, 0x34, 0x00, 0x10, 0x61, 0x00, 0x00, 0x00,
    0x00, 0x08, 0x41, 0x00, 0x08, 0x20, 0x00, 0x08, 0x20, 0x00, 0x08, 0x20, 0x00, 0x08, 0x41, 0x00,
    0x08, 0x41, 0x00, 0x08, 0x40, 0x00, 0x08, 0x40, 0x00, 0x08, 0x40, 0x00, 0x08, 0x40, 0x00, 0x00,
    0x40, 0x00, 0x00, 0x20, 0x00, 0x18, 0xA2, 0x00, 0x18, 0xA2, 0x00, 0x18, 0xA2, 0x00, 0x18, 0xA2,
    0x00, 0x18, 0xC2, 0x00, 0x18, 0xC2, 0x00, 0x18, 0xC2, 0x00, 0x18, 0xA2, 0x00, 0x18, 0xA2, 0x00,
    0x18, 0xA2, 0x00, 0x10, 0x81, 0x00, 0x10, 0x61, 0x00, 0x08, 0x41, 0x00, 0x10, 0x41, 0x00, 0x08,
    0x40, 0x00, 0x00, 0x20, 0x00, 0x00, 0x00, 0x00, 0x00, 0x20, 0x05, 0x00, 0x20, 0x99, 0x00, 0x20,
    0xFF, 0x08, 0x20, 0xFF, 0x18, 0xC2, 0xFF, 0x10, 0x81, 0xFF, 0x52, 0x28, 0xFF, 0x83, 0x8E, 0xFF,
    0x7B, 0x4D, 0xFF, 0x73, 0x0C, 0xFF, 0x72, 0xEC, 0xFF, 0x6A, 0xAB, 0xFF, 0x7B, 0x0C, 0xFF, 0x7B,
    0x4D, 0xFF, 0x83, 0x4D, 0xFF, 0x83, 0x4D, 0xFF, 0x83, 0x4D, 0xFF, 0x83, 0x4D, 0xFF, 0x7B, 0x4D,
    0xFF, 0x7B, 0x4D, 0xFF, 0x83, 0x4D, 0xFF, 0x7B, 0x2C, 0xFF, 0x73, 0x0C, 0xFF, 0x7B, 0x4D, 0xFF,
    0x7B, 0x4D, 0xFF, 0x7B, 0x2C, 0xFF, 0x7B, 0x4D, 0xFF, 0x7B, 0x2C, 0xFF, 0x73, 0x0C, 0xFF, 0x7B,
    0x0C, 0xFF, 0x7B, 0x4D, 0xFF, 0x73, 0x0C, 0xFF, 0x83, 0x6D, 0xFF, 0x62, 0x8A, 0xFF, 0x5A, 0x29,
    0xFF, 0x8B, 0xCF, 0xFF, 0x8B, 0xAE, 0xFF, 0x7B, 0x2D, 0xFF, 0x83, 0x6D, 0xFF, 0x94, 0x30, 0xFF,
    0x9C, 0x30, 0xFF, 0x9C, 0x30, 0xFF, 0x9C, 0x51, 0xFF, 0x9C, 0x51, 0xFF, 0x93, 0x4B, 0xFF, 0x82,
    0x66, 0xFF, 0x82, 0x46, 0xFF, 0x93, 0x09, 0xFF, 0x93, 0x2A, 0xFF, 0x9B, 0x6C, 0xFF, 0x93, 0x4B,
    0xFF, 0x93, 0xCE, 0xFF, 0xA4, 0xB2, 0xFF, 0x9C, 0x30, 0xFF, 0x93, 0xEF, 0xFF, 0xA4, 0x72, 0xFF,
    0xA4, 0x71, 0xFF, 0xAC, 0xB2, 0x99, 0xB4, 0xF3, 0x04, 0x52, 0x28, 0x00, 0x52, 0x08, 0x00, 0xCD,
    0x96, 0x00, 0x8B, 0xCF, 0x00, 0x00, 0x00, 0x00, 0x08, 0x00, 0x00, 0x08, 0x20, 0x00, 0x08, 0x20,
    0x00, 0x08, 0x40, 0x00, 0x08, 0x41, 0x00, 0x08, 0x41, 0x00, 0x08, 0x40, 0x00, 0x08, 0x40, 0x00,
    0x08, 0x40, 0x00, 0x08, 0x40, 0x00, 0x00, 0x40, 0x00, 0x00, 0x20, 0x00, 0x18, 0x81, 0x00, 0x18,
    0x81, 0x00, 0x18, 0x81, 0x00, 0x18, 0x82, 0x00, 0x18, 0xA2, 0x00, 0x18, 0xA2, 0x00, 0x10, 0x82,
    0x00, 0x10, 0x82, 0x00, 0x10, 0x81, 0x00, 0x10, 0x81, 0x00, 0x10, 0x81, 0x00, 0x08, 0x41, 0x00,
    0x08, 0x41, 0x00, 0x08, 0x41, 0x00, 0x08, 0x40, 0x00, 0x00, 0x20, 0x00, 0x00, 0x00, 0x00, 0x00,
    0x20, 0x00, 0x00, 0x20, 0x00, 0x00, 0x00, 0x61, 0x00, 0x20, 0xF0, 0x18, 0xA2, 0xFF, 0x4A, 0x08,
    0xFF, 0x83, 0x4D, 0xFF, 0x7B, 0x0C, 0xFF, 0x72, 0xEB, 0xFF, 0x62, 0x69, 0xFF, 0x62, 0x8A, 0xFF,
    0x72, 0xEC, 0xFF, 0x7B, 0x0C, 0xFF, 0x7B, 0x0C, 0xFF, 0x7B, 0x0C, 0xFF, 0x7B, 0x0C, 0xFF, 0x7B,
    0x0C, 0xFF, 0x7B, 0x0C, 0xFF, 0x7B, 0x0C, 0xFF, 0x7B, 0x0C, 0xFF, 0x72, 0xEC, 0xFF, 0x7B, 0x2D,
    0xFF, 0xB5, 0x33, 0xFF, 0xAC, 0xF2, 0xFF, 0x8B, 0xCE, 0xFF, 0xAC, 0xF2, 0xFF, 0x94, 0x50, 0xFF,
    0x8B, 0xCF, 0xFF, 0xAD, 0x33, 0xFF, 0x9C, 0x91, 0xFF, 0x6A, 0xAB, 0xFF, 0x83, 0x6E, 0xFF, 0x93,
    0xEF, 0xFF, 0x73, 0x2C, 0xFF, 0x52, 0x07, 0xFF, 0x94, 0x30, 0xFF, 0xA4, 0xB2, 0xFF, 0x8B, 0xCE,
    0xFF, 0x8B, 0xEF, 0xFF, 0x83, 0x8E, 0xFF, 0x93, 0xF0, 0xFF, 0x94, 0x10, 0xFF, 0x94, 0x10, 0xFF,
    0x9C, 0x51, 0xFF, 0x94, 0x10, 0xFF, 0x8B, 0x6C, 0xFF, 0x82, 0xE9, 0xFF, 0x8B, 0x4C, 0xFF, 0x9B,
    0xEF, 0xFF, 0x93, 0xCE, 0xFF, 0x9C, 0x30, 0xFF, 0x9C, 0x10, 0xFF, 0x94, 0x10, 0xFF, 0x9C, 0x51,
    0xFF, 0x8B, 0xCF, 0xFF, 0x9C, 0x31, 0xF0, 0x9C, 0x51, 0x61, 0x9C, 0x51, 0x00, 0xAC, 0xB2, 0x00,
    0xA4, 0x71, 0x00, 0x49, 0xE7, 0x00, 0x6A, 0xEB, 0x00, 0xCD, 0xB6, 0x00, 0x4A, 0x08, 0x00, 0x00,
    0x00, 0x00, 0x08, 0x20, 0x00, 0x08, 0x40, 0x00, 0x08, 0x40, 0x00, 0x08, 0x41, 0x00, 0x08, 0x41,
    0x00, 0x08, 0x40, 0x00, 0x08, 0x40, 0x00, 0x08, 0x40, 0x00, 0x08, 0x40, 0x00, 0x08, 0x20, 0x00,
    0x08, 0x21, 0x00, 0x10, 0x61, 0x00, 0x10, 0x61, 0x00, 0x10, 0x61, 0x00, 0x10, 0x61, 0x00, 0x10,
    0x81, 0x00, 0x18, 0x82, 0x00, 0x18, 0x82, 0x00, 0x10, 0x81, 0x00, 0x10, 0x81, 0x00, 0x10, 0x61,
    0x00, 0x10, 0x61, 0x00, 0x08, 0x41, 0x00, 0x08, 0x41, 0x00, 0x08, 0x41, 0x00, 0x08, 0x20, 0x00,
    0x00, 0x20, 0x00, 0x00, 0x20, 0x00, 0x00, 0x20, 0x00, 0x00, 0x20, 0x00, 0x00, 0x00, 0x00, 0x10,
    0x41, 0x21, 0x5A, 0x69, 0xB4, 0x7B, 0x2D, 0xFF, 0x72, 0xCB, 0xFF, 0x6A, 0xAB, 0xFF, 0x6A, 0xAA,
    0xFF, 0x5A, 0x49, 0xFF, 0x62, 0x8A, 0xFF, 0x72, 0xEB, 0xFF, 0x72, 0xEB, 0xFF, 0x72, 0xEC, 0xFF,
    0x72, 0xEC, 0xFF, 0x72, 0xEC, 0xFF, 0x7A, 0xEC, 0xFF, 0x72, 0xCC, 0xFF, 0x72, 0xCB, 0xFF, 0x72,
    0xCB, 0xFF, 0x6A, 0xAB, 0xFF, 0x73, 0x0C, 0xFF, 0xB5, 0x94, 0xFF, 0xA4, 0xB1, 0xFF, 0x8B, 0xEF,
    0xFF, 0xC5, 0xD6, 0xFF, 0x8B, 0xEE, 0xFF, 0x8B, 0xAE, 0xFF, 0xD6, 0x58, 0xFF, 0xA4, 0xB1, 0xFF,
    0x51, 0xE8, 0xFF, 0x8B, 0xCF, 0xFF, 0xA4, 0x92, 0xFF, 0x9C, 0x71, 0xFF, 0x94, 0x70, 0xFF, 0x9C,
    0xB2, 0xFF, 0xAC, 0xF3, 0xFF, 0xC5, 0x95, 0xFF, 0xB5, 0x54, 0xFF, 0x72, 0xEC, 0xFF, 0x83, 0x8E,
    0xFF, 0x8B, 0xCF, 0xFF, 0x93, 0xEF, 0xFF, 0x93, 0xEF, 0xFF, 0x94, 0x10, 0xFF, 0x9C, 0x51, 0xFF,
    0x9C, 0x51, 0xFF, 0x9C, 0x51, 0xFF, 0x9C, 0x51, 0xFF, 0x8B, 0xCF, 0xFF, 0x94, 0x10, 0xFF, 0x94,
    0x10, 0xFF, 0x94, 0x10, 0xFF, 0xA4, 0x72, 0xFF, 0x93, 0xF0, 0xB4, 0x8B, 0xCF, 0x21, 0x9C, 0x30,
    0x00, 0x9C, 0x30, 0x00, 0x9C, 0x30, 0x00, 0xAC, 0xB2, 0x00, 0x8B, 0xEF, 0x00, 0x39, 0x65, 0x00,
    0x94, 0x10, 0x00, 0xAC, 0x92, 0x00, 0x10, 0x61, 0x00, 0x00, 0x00, 0x00, 0x08, 0x41, 0x00, 0x08,
    0x41, 0x00, 0x08, 0x41, 0x00, 0x08, 0x41, 0x00, 0x08, 0x40, 0x00, 0x08, 0x40, 0x00, 0x08, 0x40,
    0x00, 0x08, 0x40, 0x00, 0x08, 0x21, 0x00, 0x08, 0x20, 0x00, 0x10, 0x41, 0x00, 0x10, 0x41, 0x00,
    0x10, 0x41, 0x00, 0x10, 0x61, 0x00, 0x10, 0x81, 0x00, 0x10, 0x81, 0x00, 0x10, 0x81, 0x00, 0x10,
    0x81, 0x00, 0x10, 0x61, 0x00, 0x10, 0x61, 0x00, 0x10, 0x41, 0x00, 0x10, 0x21, 0x00, 0x08, 0x41,
    0x00, 0x08, 0x41, 0x00, 0x08, 0x40, 0x00, 0x00, 0x20, 0x00, 0x00, 0x20, 0x00, 0x00, 0x20, 0x00,
    0x00, 0x00, 0x00, 0x08, 0x41, 0x00, 0x5A, 0x69, 0x00, 0x7B, 0x0C, 0x00, 0x6A, 0x6A, 0x56, 0x6A,
    0x8A, 0xDB, 0x62, 0x8A, 0xFF, 0x5A, 0x49, 0xFF, 0x62, 0x69, 0xFF, 0x6A, 0xAB, 0xFF, 0x6A, 0xAA,
    0xFF, 0x6A, 0xAB, 0xFF, 0x6A, 0xCB, 0xFF, 0x72, 0xAB, 0xFF, 0x72, 0xAB, 0xFF, 0x72, 0xAB, 0xFF,
    0x6A, 0xAB, 0xFF, 0x6A, 0x8A, 0xFF, 0x6A, 0x8B, 0xFF, 0x6A, 0xAB, 0xFF, 0x62, 0x49, 0xFF, 0x83,
    0x6D, 0xFF, 0x62, 0x8A, 0xFF, 0x62, 0x8A, 0xFF, 0x7B, 0x4D, 0xFF, 0x62, 0x69, 0xFF, 0x5A, 0x28,
    0xFF, 0x7B, 0x8D, 0xFF, 0x73, 0x0B, 0xFF, 0x5A, 0x08, 0xFF, 0x6A, 0xAB, 0xFF, 0x72, 0xCB, 0xFF,
    0x73, 0x0B, 0xFF, 0x5A, 0x69, 0xFF, 0x31, 0x24, 0xFF, 0x49, 0xA6, 0xFF, 0x8B, 0xAE, 0xFF, 0x9C,
    0x30, 0xFF, 0x7B, 0x2D, 0xFF, 0x7B, 0x2D, 0xFF, 0x83, 0x6E, 0xFF, 0x8B, 0x8E, 0xFF, 0x93, 0xAF,
    0xFF, 0x8B, 0xAF, 0xFF, 0x8B, 0xCF, 0xFF, 0x93, 0xF0, 0xFF, 0x94, 0x10, 0xFF, 0x93, 0xF0, 0xFF,
    0x93, 0xEF, 0xFF, 0x8B, 0xCF, 0xFF, 0x8B, 0xEF, 0xFF, 0x94, 0x10, 0xDA, 0x9C, 0x30, 0x55, 0x93,
    0xEF, 0x00, 0x83, 0x8E, 0x00, 0x94, 0x10, 0x00, 0x93, 0xF0, 0x00, 0x94, 0x10, 0x00, 0x94, 0x10,
    0x00, 0xA4, 0x92, 0x00, 0x73, 0x0C, 0x00, 0x5A, 0x28, 0x00, 0xBD, 0x14, 0x00, 0x5A, 0x69, 0x00,
    0x00, 0x00, 0x00, 0x08, 0x41, 0x00, 0x08, 0x41, 0x00, 0x08, 0x41, 0x00, 0x08, 0x41, 0x00, 0x08,
    0x41, 0x00, 0x08, 0x41, 0x00, 0x08, 0x41, 0x00, 0x08, 0x40, 0x00, 0x08, 0x40, 0x00, 0x08, 0x20,
    0x00, 0x08, 0x41, 0x00, 0x08, 0x41, 0x00, 0x10, 0x41, 0x00, 0x10, 0x61, 0x00, 0x10, 0x81, 0x00,
    0x10, 0x81, 0x00, 0x10, 0x81, 0x00, 0x10, 0x61, 0x00, 0x10, 0x61, 0x00, 0x10, 0x61, 0x00, 0x08,
    0x41, 0x00, 0x08, 0x41, 0x00, 0x08, 0x41, 0x00, 0x08, 0x41, 0x00, 0x08, 0x40, 0x00, 0x00, 0x20,
    0x00, 0x00, 0x20, 0x00, 0x00, 0x00, 0x00, 0x08, 0x41, 0x00, 0x52, 0x28, 0x00, 0x72, 0xEC, 0x00,
    0x5A, 0x29, 0x00, 0x5A, 0x49, 0x00, 0x62, 0x69, 0x07, 0x5A, 0x28, 0x7A, 0x5A, 0x28, 0xEE, 0x62,
    0x69, 0xFF, 0x62, 0x8A, 0xFF, 0x62, 0x8A, 0xFF, 0x6A, 0x8A, 0xFF, 0x6A, 0x8A, 0xFF, 0x6A, 0x8A,
    0xFF, 0x6A, 0x8A, 0xFF, 0x6A, 0x8A, 0xFF, 0x6A, 0x6A, 0xFF, 0x6A, 0x6A, 0xFF, 0x62, 0x6A, 0xFF,
    0x6A, 0x6A, 0xFF, 0x6A, 0x6A, 0xFF, 0x59, 0xE8, 0xFF, 0x5A, 0x29, 0xFF, 0x62, 0x8A, 0xFF, 0x62,
    0x69, 0xFF, 0x62, 0x6A, 0xFF, 0x62, 0x8A, 0xFF, 0x5A, 0x49, 0xFF, 0x6A, 0x8A, 0xFF, 0x7B, 0x0C,
    0xFF, 0x72, 0xCB, 0xFF, 0x6A, 0x8A, 0xFF, 0x72, 0xCB, 0xFF, 0x52, 0x08, 0xFF, 0x39, 0x45, 0xFF,
    0x39, 0x25, 0xFF, 0x49, 0xA6, 0xFF, 0x83, 0x4D, 0xFF, 0x83, 0x4D, 0xFF, 0x7B, 0x0C, 0xFF, 0x83,
    0x2D, 0xFF, 0x83, 0x2D, 0xFF, 0x8B, 0x6E, 0xFF, 0x8B, 0xAE, 0xFF, 0x8B, 0x8E, 0xFF, 0x8B, 0x8F,
    0xFF, 0x93, 0xCF, 0xFF, 0x93, 0xCF, 0xFF, 0x83, 0x6E, 0xFF, 0x8B, 0x8E, 0xEE, 0x94, 0x10, 0x7A,
    0x93, 0xEF, 0x06, 0x93, 0xEF, 0x00, 0x93, 0xEF, 0x00, 0x83, 0x8E, 0x00, 0x93, 0xCF, 0x00, 0x93,
    0xEF, 0x00, 0x93, 0xF0, 0x00, 0x93, 0xF0, 0x00, 0x93, 0xF0, 0x00, 0x9C, 0x51, 0x00, 0x6A, 0xCB,
    0x00, 0x8B, 0xAE, 0x00, 0x9C, 0x30, 0x00, 0x10, 0x61, 0x00, 0x00, 0x00, 0x00, 0x10, 0x41, 0x00,
    0x08, 0x41, 0x00, 0x10, 0x41, 0x00, 0x10, 0x41, 0x00, 0x08, 0x41, 0x00, 0x08, 0x41, 0x00, 0x08,
    0x40, 0x00, 0x08, 0x40, 0x00, 0x08, 0x40, 0x00, 0x10, 0x41, 0x00, 0x10, 0x41, 0x00, 0x10, 0x41,
    0x00, 0x10, 0x61, 0x00, 0x10, 0x81, 0x00, 0x10, 0x81, 0x00, 0x10, 0x81, 0x00, 0x10, 0x81, 0x00,
    0x10, 0x61, 0x00, 0x10, 0x61, 0x00, 0x08, 0x61, 0x00, 0x08, 0x41, 0x00, 0x08, 0x41, 0x00, 0x08,
    0x41, 0x00, 0x08, 0x40, 0x00, 0x00, 0x20, 0x00, 0x08, 0x41, 0x00, 0x00, 0x00, 0x00, 0x29, 0x03,
    0x00, 0x5A, 0x29, 0x00, 0x5A, 0x29, 0x00, 0x5A, 0x08, 0x00, 0x5A, 0x28, 0x00, 0x52, 0x08, 0x00,
    0x52, 0x08, 0x00, 0x5A, 0x29, 0x17, 0x62, 0x49, 0x80, 0x62, 0x49, 0xE4, 0x62, 0x69, 0xFF, 0x62,
    0x6A, 0xFF, 0x62, 0x6A, 0xFF, 0x62, 0x6A, 0xFF, 0x62, 0x6A, 0xFF, 0x62, 0x6A, 0xFF, 0x62, 0x49,
    0xFF, 0x62, 0x29, 0xFF, 0x62, 0x29, 0xFF, 0x5A, 0x29, 0xFF, 0x5A, 0x29, 0xFF, 0x5A, 0x08, 0xFF,
    0x5A, 0x49, 0xFF, 0x6A, 0xAA, 0xFF, 0x72, 0xCB, 0xFF, 0x6A, 0xAB, 0xFF, 0x62, 0x8A, 0xFF, 0x62,
    0x8A, 0xFF, 0x6A, 0x8B, 0xFF, 0x73, 0x0C, 0xFF, 0x72, 0xEB, 0xFF, 0x72, 0xCB, 0xFF, 0x7B, 0x0C,
    0xFF, 0x62, 0x8A, 0xFF, 0x41, 0xA6, 0xFF, 0x41, 0x86, 0xFF, 0x49, 0xC7, 0xFF, 0x7B, 0x0C, 0xFF,
    0x83, 0x2D, 0xFF, 0x7B, 0x0C, 0xFF, 0x7A, 0xEC, 0xFF, 0x7A, 0xEC, 0xFF, 0x7B, 0x2D, 0xFF, 0x83,
    0x4E, 0xFF, 0x83, 0x4D, 0xFF, 0x8B, 0x6E, 0xFF, 0x93, 0xAF, 0xFF, 0x93, 0xAF, 0xE4, 0x8B, 0xAE,
    0x80, 0x73, 0x0C, 0x17, 0x8B, 0x8E, 0x00, 0x93, 0xCF, 0x00, 0x8B, 0xAF, 0x00, 0x93, 0xF0, 0x00,
    0x83, 0x4D, 0x00, 0x83, 0x4D, 0x00, 0x93, 0xEF, 0x00, 0x93, 0xAF, 0x00, 0x93, 0xAF, 0x00, 0x93,
    0xAF, 0x00, 0x93, 0xCF, 0x00, 0x93, 0xF0, 0x00, 0x83, 0x6E, 0x00, 0xAC, 0x72, 0x00, 0x5A, 0x49,
    0x00, 0x00, 0x00, 0x00, 0x08, 0x41, 0x00, 0x08, 0x41, 0x00, 0x08, 0x41, 0x00, 0x08, 0x41, 0x00,
    0x08, 0x41, 0x00, 0x10, 0x41, 0x00, 0x10, 0x41, 0x00, 0x08, 0x41, 0x00, 0x08, 0x40, 0x00, 0x10,
    0x41, 0x00, 0x10, 0x61, 0x00, 0x10, 0x61, 0x00, 0x10, 0x81, 0x00, 0x10, 0x81, 0x00, 0x10, 0x81,
    0x00, 0x10, 0x81, 0x00, 0x10, 0x61, 0x00, 0x10, 0x61, 0x00, 0x10, 0x61, 0x00, 0x10, 0x41, 0x00,
    0x08, 0x41, 0x00, 0x08, 0x41, 0x00, 0x08, 0x41, 0x00, 0x08, 0x20, 0x00, 0x08, 0x20, 0x00, 0x00,
    0x00, 0x00, 0x18, 0x82, 0x00, 0x41, 0xA6, 0x00, 0x41, 0x86, 0x00, 0x52, 0x08, 0x00, 0x52, 0x08,
    0x00, 0x52, 0x08, 0x00, 0x51, 0xE7, 0x00, 0x51, 0xE8, 0x00, 0x5A, 0x08, 0x00, 0x62, 0x29, 0x00,
    0x5A, 0x29, 0x0E, 0x5A, 0x29, 0x67, 0x5A, 0x49, 0xC4, 0x5A, 0x49, 0xFF, 0x62, 0x49, 0xFF, 0x62,
    0x49, 0xFF, 0x62, 0x29, 0xFF, 0x5A, 0x29, 0xFF, 0x52, 0x08, 0xFF, 0x5A, 0x08, 0xFF, 0x5A, 0x08,
    0xFF, 0x59, 0xE8, 0xFF, 0x59, 0xE8, 0xFF, 0x51, 0xE8, 0xFF, 0x51, 0xC7, 0xFF, 0x59, 0xE8, 0xFF,
    0x59, 0xE8, 0xFF, 0x49, 0xC7, 0xFF, 0x49, 0xC7, 0xFF, 0x51, 0xE8, 0xFF, 0x5A, 0x08, 0xFF, 0x62,
    0x29, 0xFF, 0x62, 0x6A, 0xFF, 0x6A, 0x8A, 0xFF, 0x41, 0x86, 0xFF, 0x18, 0x61, 0xFF, 0x28, 0xA2,
    0xFF, 0x49, 0xC7, 0xFF, 0x72, 0xCC, 0xFF, 0x72, 0xCC, 0xFF, 0x7A, 0xEC, 0xFF, 0x72, 0xCB, 0xFF,
    0x72, 0xCB, 0xFF, 0x72, 0xEC, 0xFF, 0x7B, 0x2D, 0xFF, 0x7B, 0x0C, 0xFF, 0x7B, 0x0D, 0xC4, 0x8B,
    0x6E, 0x67, 0x8B, 0x8E, 0x0E, 0x8B, 0x8F, 0x00, 0x5A, 0x29, 0x00, 0x5A, 0x49, 0x00, 0x9B, 0xF0,
    0x00, 0x8B, 0x8E, 0x00, 0x93, 0xAF, 0x00, 0x83, 0x4D, 0x00, 0x7B, 0x2D, 0x00, 0x8B, 0xAF, 0x00,
    0x8B, 0x8E, 0x00, 0x8B, 0x8E, 0x00, 0x8B, 0x8E, 0x00, 0x8B, 0x8E, 0x00, 0x8B, 0xAF, 0x00, 0x8B,
    0xAF, 0x00, 0x8B, 0xCF, 0x00, 0x93, 0xEF, 0x00, 0x18, 0xA2, 0x00, 0x00, 0x00, 0x00, 0x10, 0x41,
    0x00, 0x08, 0x41, 0x00, 0x08, 0x41, 0x00, 0x08, 0x41, 0x00, 0x08, 0x41, 0x00, 0x08, 0x41, 0x00,
    0x08, 0x41, 0x00, 0x08, 0x40, 0x00, 0x10, 0x81, 0x00, 0x10, 0x81, 0x00, 0x10, 0x81, 0x00, 0x10,
    0x81, 0x00, 0x10, 0x81, 0x00, 0x10, 0x81, 0x00, 0x10, 0x81, 0x00, 0x10, 0x61, 0x00, 0x10, 0x61,
    0x00, 0x10, 0x41, 0x00, 0x10, 0x41, 0x00, 0x08, 0x41, 0x00, 0x08, 0x41, 0x00, 0x08, 0x41, 0x00,
    0x08, 0x20, 0x00, 0x00, 0x00, 0x00, 0x08, 0x20, 0x00, 0x49, 0xC7, 0x00, 0x41, 0x86, 0x00, 0x39,
    0x45, 0x00, 0x51, 0xE7, 0x00, 0x51, 0xE7, 0x00, 0x51, 0xE7, 0x00, 0x51, 0xE7, 0x00, 0x51, 0xE8,
    0x00, 0x61, 0xC7, 0x00, 0x69, 0xE8, 0x00, 0x69, 0xE8, 0x00, 0x69, 0xC7, 0x00, 0x59, 0xA6, 0x00,
    0x59, 0xA6, 0x33, 0x59, 0x86, 0x87, 0x69, 0xE8, 0xCD, 0x69, 0xE8, 0xFF, 0x69, 0xC7, 0xFF, 0x61,
    0xC7, 0xFF, 0x51, 0xE8, 0xFF, 0x59, 0xE8, 0xFF, 0x49, 0xA7, 0xFF, 0x41, 0x45, 0xFF, 0x51, 0xE8,
    0xFF, 0x59, 0xA7, 0xFF, 0x61, 0x66, 0xFF, 0x59, 0x65, 0xFF, 0x59, 0x86, 0xFF, 0x61, 0xC7, 0xFF,
    0x69, 0x87, 0xFF, 0x59, 0xE8, 0xFF, 0x5A, 0x29, 0xFF, 0x6A, 0x6A, 0xFF, 0x72, 0xAB, 0xFF, 0x51,
    0xE8, 0xFF, 0x31, 0x04, 0xFF, 0x31, 0x04, 0xFF, 0x28, 0xC3, 0xFF, 0x5A, 0x29, 0xFF, 0x72, 0xCB,
    0xFF, 0x72, 0xCB, 0xFF, 0x72, 0xCB, 0xFF, 0x6A, 0xCC, 0xFF, 0x7A, 0x6A, 0xCD, 0x82, 0x8A, 0x87,
    0x7A, 0xEB, 0x32, 0x82, 0x8B, 0x00, 0x7A, 0xCB, 0x00, 0x83, 0x4D, 0x00, 0xA4, 0x51, 0x00, 0x62,
    0x8A, 0x00, 0x6A, 0xAB, 0x00, 0x8B, 0x8E, 0x00, 0x8B, 0x8E, 0x00, 0x8B, 0x8E, 0x00, 0x8B, 0x6E,
    0x00, 0x72, 0xCB, 0x00, 0x83, 0x6E, 0x00, 0x8B, 0x6E, 0x00, 0x83, 0x6E, 0x00, 0x8B, 0x6E, 0x00,
    0x8B, 0x8E, 0x00, 0x83, 0x8E, 0x00, 0x8B, 0x8E, 0x00, 0x7B, 0x2D, 0x00, 0x83, 0x6D, 0x00, 0x4A,
    0x08, 0x00, 0x00, 0x00, 0x00, 0x10, 0x41, 0x00, 0x08, 0x41, 0x00, 0x08, 0x41, 0x00, 0x08, 0x41,
    0x00, 0x08, 0x41, 0x00, 0x08, 0x41, 0x00, 0x08, 0x20, 0x00, 0x08, 0x20, 0x00, 0x10, 0x81, 0x00,
    0x10, 0x81, 0x00, 0x18, 0x81, 0x00, 0x10, 0x81, 0x00, 0x10, 0x81, 0x00, 0x10, 0x81, 0x00, 0x10,
    0x81, 0x00, 0x10, 0x61, 0x00, 0x10, 0x41, 0x00, 0x10, 0x41, 0x00, 0x08, 0x41, 0x00, 0x08, 0x41,
    0x00, 0x08, 0x41, 0x00, 0x08, 0x41, 0x00, 0x08, 0x20, 0x00, 0x00, 0x00, 0x00, 0x31, 0x24, 0x00,
    0x62, 0x49, 0x00, 0x41, 0x65, 0x00, 0x39, 0x65, 0x00, 0x49, 0xC7, 0x00, 0x49, 0xA7, 0x00, 0x49,
    0xC7, 0x00, 0x49, 0xC7, 0x00, 0x51, 0xE7, 0x00, 0x59, 0xA6, 0x00, 0x59, 0xE7, 0x00, 0x59, 0xE7,
    0x00, 0x62, 0x49, 0x00, 0x6A, 0x6A, 0x00, 0x7A, 0xAA, 0x00, 0x83, 0x8E, 0x00, 0x5A, 0x09, 0x00,
    0x51, 0xC7, 0x30, 0x61, 0xA7, 0x74, 0x61, 0x86, 0xAB, 0x51, 0xC7, 0xE0, 0x49, 0x86, 0xFF, 0x62,
    0x6A, 0xFF, 0x73, 0x0C, 0xFF, 0x49, 0x66, 0xFF, 0x62, 0x28, 0xFF, 0x73, 0x0B, 0xFF, 0x83, 0x6E,
    0xFF, 0x59, 0xC7, 0xFF, 0x51, 0x46, 0xFF, 0x69, 0x86, 0xFF, 0x59, 0xC7, 0xFF, 0x5A, 0x08, 0xFF,
    0x62, 0x49, 0xFF, 0x72, 0xAB, 0xFF, 0x5A, 0x08, 0xFF, 0x08, 0x00, 0xFF, 0x10, 0x00, 0xFF, 0x28,
    0xC3, 0xFF, 0x62, 0x29, 0xFF, 0x6A, 0x6A, 0xE1, 0x6A, 0xAB, 0xAB, 0x72, 0xCB, 0x74, 0x6A, 0xEC,
    0x30, 0x8A, 0x08, 0x00, 0x8A, 0x28, 0x00, 0x72, 0xEB, 0x00, 0x72, 0xAB, 0x00, 0x59, 0xC7, 0x00,
    0xB5, 0x34, 0x00, 0xFF, 0xDE, 0x00, 0x5A, 0x29, 0x00, 0x72, 0xCB, 0x00, 0x83, 0x6D, 0x00, 0x83,
    0x4D, 0x00, 0x83, 0x6E, 0x00, 0x8B, 0x8E, 0x00, 0x72, 0xCB, 0x00, 0x73, 0x0C, 0x00, 0x8B, 0x6E,
    0x00, 0x83, 0x4D, 0x00, 0x83, 0x6E, 0x00, 0x83, 0x6E, 0x00, 0x8B, 0x6E, 0x00, 0x8B, 0x6E, 0x00,
    0x83, 0x4D, 0x00, 0x7B, 0x0C, 0x00, 0x62, 0x8A, 0x00, 0x08, 0x20, 0x00, 0x08, 0x20, 0x00, 0x08,
    0x41, 0x00, 0x08, 0x41, 0x00, 0x08, 0x41, 0x00, 0x08, 0x41, 0x00, 0x08, 0x20, 0x00, 0x08, 0x20,
    0x00, 0x08, 0x20, 0x00, 0x18, 0x81, 0x00, 0x18, 0x82, 0x00, 0x18, 0x82, 0x00, 0x10, 0x81, 0x00,
    0x10, 0x81, 0x00, 0x10, 0x81, 0x00, 0x10, 0x61, 0x00, 0x10, 0x41, 0x00, 0x10, 0x41, 0x00, 0x08,
    0x41, 0x00, 0x08, 0x20, 0x00, 0x08, 0x20, 0x00, 0x08, 0x20, 0x00, 0x08, 0x40, 0x00, 0x00, 0x00,
    0x00, 0x10, 0x82, 0x00, 0x5A, 0x29, 0x00, 0x51, 0xC7, 0x00, 0x41, 0x65, 0x00, 0x39, 0x65, 0x00,
    0x49, 0xA6, 0x00, 0x49, 0xA6, 0x00, 0x49, 0xA6, 0x00, 0x49, 0xC7, 0x00, 0x59, 0xA7, 0x00, 0x61,
    0x66, 0x00, 0x51, 0xE7, 0x00, 0x49, 0x66, 0x00, 0x62, 0x8A, 0x00, 0xE7, 0x1C, 0x00, 0xEF, 0x7D,
    0x00, 0xB5, 0x55, 0x00, 0x41, 0x24, 0x00, 0x51, 0x86, 0x00, 0x51, 0xA7, 0x00, 0x61, 0x66, 0x00,
    0x51, 0xA7, 0x07, 0x41, 0x45, 0x28, 0x5A, 0x49, 0x55, 0xEF, 0x7D, 0x7D, 0x83, 0xAE, 0x9A, 0x7B,
    0x4D, 0xB7, 0x7B, 0x8E, 0xCD, 0xAD, 0x14, 0xDE, 0xCE, 0x18, 0xE9, 0x49, 0x86, 0xF1, 0x59, 0x66,
    0xF3, 0x51, 0x87, 0xF1, 0x51, 0xE8, 0xE9, 0x62, 0x29, 0xDE, 0x62, 0x09, 0xCD, 0x6A, 0xAA, 0xB7,
    0x84, 0x10, 0x9A, 0xC6, 0x18, 0x7D, 0xE7, 0x3C, 0x54, 0x83, 0xCF, 0x28, 0x38, 0xE4, 0x08, 0x6A,
    0x6A, 0x00, 0x72, 0xCB, 0x00, 0x6A, 0xCB, 0x00, 0x82, 0x29, 0x00, 0x7A, 0x69, 0x00, 0x72, 0xCB,
    0x00, 0x62, 0x29, 0x00, 0x51, 0xC7, 0x00, 0xEF, 0x5D, 0x00, 0xFF, 0xFF, 0x00, 0xA4, 0xF3, 0x00,
    0x6A, 0xAA, 0x00, 0x7B, 0x0D, 0x00, 0x83, 0x2D, 0x00, 0x83, 0x4D, 0x00, 0x83, 0x6E, 0x00, 0x7B,
    0x0C, 0x00, 0x72, 0xEB, 0x00, 0x83, 0x6D, 0x00, 0x83, 0x4D, 0x00, 0x83, 0x4D, 0x00, 0x83, 0x4D,
    0x00, 0x83, 0x4D, 0x00, 0x83, 0x4D, 0x00, 0x83, 0x4D, 0x00, 0x7B, 0x0C, 0x00, 0x7B, 0x0C, 0x00,
    0x18, 0xA2, 0x00, 0x00, 0x00, 0x00, 0x08, 0x20, 0x00, 0x08, 0x20, 0x00, 0x08, 0x20, 0x00, 0x08,
    0x20, 0x00, 0x08, 0x20, 0x00, 0x08, 0x20, 0x00, 0x08, 0x20, 0x00
};
const lv_img_dsc_t ui_img_haibao_png = {
    .header.always_zero = 0,
    .header.w = 93,
    .header.h = 93,
    .data_size = sizeof(ui_img_haibao_png_data),
    .header.cf = LV_IMG_CF_TRUE_COLOR_ALPHA,
    .data = ui_img_haibao_png_data
};

